{
  "H3N2 A/Shandong/9/1993": {
    "H3N2 A/Panama/2007/1999": {
      "H3N2 A/Perth/16/2009": 0.15616478025913239,
      "H3N2 A/Sydney/5/1997": 0.42696696519851685,
      "H3N2 A/New York/55/2004": 0.1193520650267601,
      "H3N2 A/Nanchang/933/1995": 1.0
    },
    "H3N2 A/Perth/16/2009": {
      "H3N2 A/Panama/2007/1999": 0.29508137702941895,
      "H3N2 A/New York/55/2004": 1.0,
      "H3N2 A/Uruguay/716/2007": 0.8967908024787903,
      "H3N2 A/Wisconsin/67/2005": 0.23793990910053253
    },
    "H3N2 A/Sydney/5/1997": {
      "H3N2 A/Panama/2007/1999": 0.30382758378982544,
      "H3N2 A/Nanchang/933/1995": 1.0,
      "H3N2 A/Wisconsin/67/2005": 0.32869720458984375
    },
    "H3N2 A/Victoria/361/2011": {
      "H3N2 A/Perth/16/2009": 0.26529446244239807,
      "H3N2 A/Sydney/5/1997": 0.17777197062969208,
      "H3N2 A/Uruguay/716/2007": 1.0,
      "H3N2 A/Wisconsin/67/2005": 0.20610688626766205
    },
    "H3N2 A/New York/55/2004": {
      "H3N2 A/Panama/2007/1999": 0.26268431544303894,
      "H3N2 A/Perth/16/2009": 1.0,
      "H3N2 A/Uruguay/716/2007": 0.11530099809169769,
      "H3N2 A/Wisconsin/67/2005": 0.9108741879463196
    },
    "H3N2 A/Nanchang/933/1995": {
      "H3N2 A/Panama/2007/1999": 1.0,
      "H3N2 A/Sydney/5/1997": 0.8265740275382996,
      "H3N2 A/Wisconsin/67/2005": 0.10320225358009338
    },
    "H3N2 A/Uruguay/716/2007": {
      "H3N2 A/Perth/16/2009": 1.0,
      "H3N2 A/Victoria/361/2011": 0.4713802635669708,
      "H3N2 A/New York/55/2004": 0.11055047810077667,
      "H3N2 A/Wisconsin/67/2005": 0.4861310124397278
    },
    "H3N2 A/Wisconsin/67/2005": {
      "H3N2 A/Perth/16/2009": 0.17205654084682465,
      "H3N2 A/Sydney/5/1997": 0.36658093333244324,
      "H3N2 A/New York/55/2004": 1.0,
      "H3N2 A/Uruguay/716/2007": 0.2824070155620575
    }
  },
  "H3N2 A/Panama/2007/1999": {
    "H3N2 A/Shandong/9/1993": {
      "H3N2 A/Nanchang/933/1995": 1.0
    },
    "H3N2 A/Perth/16/2009": {
      "H3N2 A/New York/55/2004": 1.0,
      "H3N2 A/Uruguay/716/2007": 0.8263530135154724,
      "H3N2 A/Wisconsin/67/2005": 0.21299774944782257
    },
    "H3N2 A/Sydney/5/1997": {
      "H3N2 A/Nanchang/933/1995": 1.0,
      "H3N2 A/Wisconsin/67/2005": 0.10735096782445908
    },
    "H3N2 A/Victoria/361/2011": {
      "H3N2 A/Shandong/9/1993": 0.16797862946987152,
      "H3N2 A/Perth/16/2009": 0.3508705496788025,
      "H3N2 A/Sydney/5/1997": 0.16431990265846252,
      "H3N2 A/New York/55/2004": 0.11029183864593506,
      "H3N2 A/Uruguay/716/2007": 1.0,
      "H3N2 A/Wisconsin/67/2005": 0.27833956480026245
    },
    "H3N2 A/New York/55/2004": {
      "H3N2 A/Perth/16/2009": 1.0,
      "H3N2 A/Uruguay/716/2007": 0.14174149930477142,
      "H3N2 A/Wisconsin/67/2005": 0.7453927993774414
    },
    "H3N2 A/Nanchang/933/1995": {
      "H3N2 A/Shandong/9/1993": 0.6935728192329407,
      "H3N2 A/Sydney/5/1997": 1.0
    },
    "H3N2 A/Uruguay/716/2007": {
      "H3N2 A/Perth/16/2009": 1.0,
      "H3N2 A/Victoria/361/2011": 0.3849136233329773,
      "H3N2 A/New York/55/2004": 0.1871681809425354,
      "H3N2 A/Wisconsin/67/2005": 0.4326581358909607
    },
    "H3N2 A/Wisconsin/67/2005": {
      "H3N2 A/Perth/16/2009": 0.2259027361869812,
      "H3N2 A/Sydney/5/1997": 0.3449859321117401,
      "H3N2 A/New York/55/2004": 1.0,
      "H3N2 A/Uruguay/716/2007": 0.3259594738483429
    }
  },
  "H3N2 A/Perth/16/2009": {
    "H3N2 A/Shandong/9/1993": {
      "H3N2 A/Nanchang/933/1995": 1.0
    },
    "H3N2 A/Panama/2007/1999": {
      "H3N2 A/Sydney/5/1997": 0.7526664733886719,
      "H3N2 A/New York/55/2004": 0.27289170026779175,
      "H3N2 A/Nanchang/933/1995": 1.0
    },
    "H3N2 A/Sydney/5/1997": {
      "H3N2 A/Panama/2007/1999": 0.326588898897171,
      "H3N2 A/Nanchang/933/1995": 1.0,
      "H3N2 A/Wisconsin/67/2005": 0.22427639365196228
    },
    "H3N2 A/Victoria/361/2011": {
      "H3N2 A/Shandong/9/1993": 0.1315184235572815,
      "H3N2 A/Sydney/5/1997": 0.16866987943649292,
      "H3N2 A/New York/55/2004": 0.1315939873456955,
      "H3N2 A/Uruguay/716/2007": 1.0,
      "H3N2 A/Wisconsin/67/2005": 0.2862483561038971
    },
    "H3N2 A/New York/55/2004": {
      "H3N2 A/Panama/2007/1999": 0.3653497099876404,
      "H3N2 A/Uruguay/716/2007": 0.2863229513168335,
      "H3N2 A/Wisconsin/67/2005": 1.0
    },
    "H3N2 A/Nanchang/933/1995": {
      "H3N2 A/Shandong/9/1993": 0.8913913369178772,
      "H3N2 A/Panama/2007/1999": 0.5254154205322266,
      "H3N2 A/Sydney/5/1997": 1.0
    },
    "H3N2 A/Uruguay/716/2007": {
      "H3N2 A/Panama/2007/1999": 0.12618409097194672,
      "H3N2 A/Victoria/361/2011": 0.8314156532287598,
      "H3N2 A/New York/55/2004": 0.6211594343185425,
      "H3N2 A/Wisconsin/67/2005": 1.0
    },
    "H3N2 A/Wisconsin/67/2005": {
      "H3N2 A/Sydney/5/1997": 0.3161149024963379,
      "H3N2 A/New York/55/2004": 1.0,
      "H3N2 A/Uruguay/716/2007": 0.3570536971092224
    }
  },
  "H3N2 A/Sydney/5/1997": {
    "H3N2 A/Shandong/9/1993": {
      "H3N2 A/Nanchang/933/1995": 1.0
    },
    "H3N2 A/Panama/2007/1999": {
      "H3N2 A/Nanchang/933/1995": 1.0
    },
    "H3N2 A/Perth/16/2009": {
      "H3N2 A/Panama/2007/1999": 0.2480345219373703,
      "H3N2 A/Victoria/361/2011": 0.1072973757982254,
      "H3N2 A/New York/55/2004": 1.0,
      "H3N2 A/Uruguay/716/2007": 0.8781828284263611,
      "H3N2 A/Wisconsin/67/2005": 0.2505665719509125
    },
    "H3N2 A/Victoria/361/2011": {
      "H3N2 A/Shandong/9/1993": 0.13142530620098114,
      "H3N2 A/Perth/16/2009": 0.29701998829841614,
      "H3N2 A/Nanchang/933/1995": 0.1443142294883728,
      "H3N2 A/Uruguay/716/2007": 1.0,
      "H3N2 A/Wisconsin/67/2005": 0.33367013931274414
    },
    "H3N2 A/New York/55/2004": {
      "H3N2 A/Panama/2007/1999": 0.24450960755348206,
      "H3N2 A/Perth/16/2009": 0.9250486493110657,
      "H3N2 A/Uruguay/716/2007": 0.14690862596035004,
      "H3N2 A/Wisconsin/67/2005": 1.0
    },
    "H3N2 A/Nanchang/933/1995": {
      "H3N2 A/Shandong/9/1993": 0.8777211308479309,
      "H3N2 A/Panama/2007/1999": 1.0
    },
    "H3N2 A/Uruguay/716/2007": {
      "H3N2 A/Perth/16/2009": 1.0,
      "H3N2 A/Victoria/361/2011": 0.49129563570022583,
      "H3N2 A/New York/55/2004": 0.17409594357013702,
      "H3N2 A/Wisconsin/67/2005": 0.5464355945587158
    },
    "H3N2 A/Wisconsin/67/2005": {
      "H3N2 A/Perth/16/2009": 0.18004611134529114,
      "H3N2 A/New York/55/2004": 1.0,
      "H3N2 A/Uruguay/716/2007": 0.3225547969341278
    }
  },
  "H3N2 A/Victoria/361/2011": {
    "H3N2 A/Shandong/9/1993": {
      "H3N2 A/Nanchang/933/1995": 1.0
    },
    "H3N2 A/Panama/2007/1999": {
      "H3N2 A/Perth/16/2009": 0.2205628603696823,
      "H3N2 A/Sydney/5/1997": 0.7198198437690735,
      "H3N2 A/New York/55/2004": 0.15715663135051727,
      "H3N2 A/Nanchang/933/1995": 1.0
    },
    "H3N2 A/Perth/16/2009": {
      "H3N2 A/Panama/2007/1999": 0.26265600323677063,
      "H3N2 A/New York/55/2004": 1.0,
      "H3N2 A/Uruguay/716/2007": 0.857890248298645,
      "H3N2 A/Wisconsin/67/2005": 0.2560303807258606
    },
    "H3N2 A/Sydney/5/1997": {
      "H3N2 A/Panama/2007/1999": 0.3196597993373871,
      "H3N2 A/Nanchang/933/1995": 1.0,
      "H3N2 A/Wisconsin/67/2005": 0.2290823757648468
    },
    "H3N2 A/New York/55/2004": {
      "H3N2 A/Panama/2007/1999": 0.24502496421337128,
      "H3N2 A/Perth/16/2009": 1.0,
      "H3N2 A/Uruguay/716/2007": 0.1553715318441391,
      "H3N2 A/Wisconsin/67/2005": 0.9031874537467957
    },
    "H3N2 A/Nanchang/933/1995": {
      "H3N2 A/Shandong/9/1993": 0.8784778118133545,
      "H3N2 A/Panama/2007/1999": 0.5400151610374451,
      "H3N2 A/Sydney/5/1997": 1.0
    },
    "H3N2 A/Uruguay/716/2007": {
      "H3N2 A/Perth/16/2009": 1.0,
      "H3N2 A/New York/55/2004": 0.1956435590982437,
      "H3N2 A/Wisconsin/67/2005": 0.5258823037147522
    },
    "H3N2 A/Wisconsin/67/2005": {
      "H3N2 A/Perth/16/2009": 0.21670952439308167,
      "H3N2 A/Sydney/5/1997": 0.3779818117618561,
      "H3N2 A/New York/55/2004": 1.0,