{
  "H3N2 A/Perth/16/2009": {
    "H3N2 A/Beijing/32/1992": {
      "H3N2 A/Wuhan/359/1995": 1.0
    },
    "H3N2 A/Victoria/500/2009": {
      "H3N2 A/Beijing/32/1992": 0.1609439104795456,
      "H3N2 A/California/7/2004": 0.5675795674324036,
      "H3N2 A/Brisbane/10/2007": 1.0,
      "H3N2 A/Fujian/411/2002": 0.14868663251399994
    },
    "H3N2 A/California/7/2004": {
      "H3N2 A/Victoria/500/2009": 0.24153773486614227,
      "H3N2 A/Fujian/140/2000": 0.7069016695022583,
      "H3N2 A/Brisbane/10/2007": 0.45111921429634094,
      "H3N2 A/Fujian/411/2002": 1.0
    },
    "H3N2 A/Fujian/140/2000": {
      "H3N2 A/California/7/2004": 0.3033514618873596,
      "H3N2 A/Fujian/411/2002": 0.32055017352104187,
      "H3N2 A/Victoria/507/1998": 1.0,
      "H3N2 A/Wuhan/359/1995": 0.8364347219467163
    },
    "H3N2 A/Brisbane/10/2007": {
      "H3N2 A/Beijing/32/1992": 0.1543203443288803,
      "H3N2 A/Victoria/500/2009": 1.0,
      "H3N2 A/California/7/2004": 0.9809879660606384,
      "H3N2 A/Victoria/507/1998": 0.4071895182132721
    },
    "H3N2 A/Fujian/411/2002": {
      "H3N2 A/California/7/2004": 0.6140780448913574,
      "H3N2 A/Fujian/140/2000": 0.42856264114379883,
      "H3N2 A/Victoria/507/1998": 1.0,
      "H3N2 A/Wuhan/359/1995": 0.39080366492271423
    },
    "H3N2 A/Victoria/507/1998": {
      "H3N2 A/Fujian/140/2000": 1.0,
      "H3N2 A/Fujian/411/2002": 0.5652714967727661,
      "H3N2 A/Wuhan/359/1995": 0.40656977891921997
    },
    "H3N2 A/Wuhan/359/1995": {
      "H3N2 A/Beijing/32/1992": 1.0,
      "H3N2 A/Fujian/140/2000": 0.46856746077537537,
      "H3N2 A/Fujian/411/2002": 0.20699812471866608,
      "H3N2 A/Victoria/507/1998": 0.4359026253223419
    }
  },
  "H3N2 A/Beijing/32/1992": {
    "H3N2 A/Perth/16/2009": {
      "H3N2 A/California/7/2004": 1.0,
      "H3N2 A/Fujian/140/2000": 0.11514981836080551
    },
    "H3N2 A/Victoria/500/2009": {
      "H3N2 A/Perth/16/2009": 0.4465616047382355,
      "H3N2 A/California/7/2004": 0.38411104679107666,
      "H3N2 A/Brisbane/10/2007": 1.0,
      "H3N2 A/Fujian/411/2002": 0.16869395971298218
    },
    "H3N2 A/California/7/2004": {
      "H3N2 A/Perth/16/2009": 1.0,
      "H3N2 A/Fujian/411/2002": 0.14635930955410004
    },
    "H3N2 A/Fujian/140/2000": {
      "H3N2 A/Perth/16/2009": 0.14768512547016144,
      "H3N2 A/California/7/2004": 0.17804215848445892,
      "H3N2 A/Fujian/411/2002": 0.2951781451702118,
      "H3N2 A/Victoria/507/1998": 1.0,
      "H3N2 A/Wuhan/359/1995": 0.7701420783996582
    },
    "H3N2 A/Brisbane/10/2007": {
      "H3N2 A/Perth/16/2009": 0.2355077713727951,
      "H3N2 A/Victoria/500/2009": 1.0,
      "H3N2 A/California/7/2004": 0.7279077768325806,
      "H3N2 A/Victoria/507/1998": 0.31559228897094727,
      "H3N2 A/Wuhan/359/1995": 0.13974438607692719
    },
    "H3N2 A/Fujian/411/2002": {
      "H3N2 A/Victoria/500/2009": 0.11204316467046738,
      "H3N2 A/California/7/2004": 0.6289107799530029,
      "H3N2 A/Fujian/140/2000": 0.30277976393699646,
      "H3N2 A/Victoria/507/1998": 1.0,
      "H3N2 A/Wuhan/359/1995": 0.12268483638763428
    },
    "H3N2 A/Victoria/507/1998": {
      "H3N2 A/Fujian/140/2000": 1.0,
      "H3N2 A/Fujian/411/2002": 0.5145444273948669,
      "H3N2 A/Wuhan/359/1995": 0.4709976017475128
    },
    "H3N2 A/Wuhan/359/1995": {
      "H3N2 A/Fujian/140/2000": 0.9723362326622009,
      "H3N2 A/Fujian/411/2002": 0.16186414659023285,
      "H3N2 A/Victoria/507/1998": 1.0
    }
  },
  "H3N2 A/Victoria/500/2009": {
    "H3N2 A/Perth/16/2009": {
      "H3N2 A/California/7/2004": 1.0,
      "H3N2 A/Fujian/140/2000": 0.13216406106948853
    },
    "H3N2 A/Beijing/32/1992": {
      "H3N2 A/Wuhan/359/1995": 1.0
    },
    "H3N2 A/California/7/2004": {
      "H3N2 A/Perth/16/2009": 1.0,
      "H3N2 A/Fujian/140/2000": 0.10435851663351059,
      "H3N2 A/Fujian/411/2002": 0.1965273916721344
    },
    "H3N2 A/Fujian/140/2000": {
      "H3N2 A/Perth/16/2009": 0.14254629611968994,
      "H3N2 A/California/7/2004": 0.17429131269454956,
      "H3N2 A/Fujian/411/2002": 0.2761617600917816,
      "H3N2 A/Victoria/507/1998": 1.0,
      "H3N2 A/Wuhan/359/1995": 0.7642587423324585
    },
    "H3N2 A/Brisbane/10/2007": {
      "H3N2 A/Perth/16/2009": 0.4381487965583801,
      "H3N2 A/Beijing/32/1992": 0.20737293362617493,
      "H3N2 A/California/7/2004": 1.0,
      "H3N2 A/Victoria/507/1998": 0.5089106559753418
    },
    "H3N2 A/Fujian/411/2002": {
      "H3N2 A/California/7/2004": 0.496106892824173,
      "H3N2 A/Fujian/140/2000": 0.3839680254459381,
      "H3N2 A/Victoria/507/1998": 1.0,
      "H3N2 A/Wuhan/359/1995": 0.40109720826148987
    },
    "H3N2 A/Victoria/507/1998": {
      "H3N2 A/Fujian/140/2000": 1.0,
      "H3N2 A/Fujian/411/2002": 0.562622606754303,
      "H3N2 A/Wuhan/359/1995": 0.40260204672813416
    },
    "H3N2 A/Wuhan/359/1995": {
      "H3N2 A/Beijing/32/1992": 1.0,
      "H3N2 A/Fujian/140/2000": 0.4726106524467468,
      "H3N2 A/Fujian/411/2002": 0.21479997038841248,
      "H3N2 A/Victoria/507/1998": 0.44895440340042114
    }
  },
  "H3N2 A/California/7/2004": {
    "H3N2 A/Perth/16/2009": {
      "H3N2 A/Victoria/500/2009": 0.5262836813926697,
      "H3N2 A/Fujian/140/2000": 1.0,
      "H3N2 A/Brisbane/10/2007": 0.42199277877807617,
      "H3N2 A/Fujian/411/2002": 0.4728972315788269,
      "H3N2 A/Victoria/507/1998": 0.13862596452236176
    },
    "H3N2 A/Beijing/32/1992": {
      "H3N2 A/Wuhan/359/1995": 1.0
    },
    "H3N2 A/Victoria/500/2009": {
      "H3N2 A/Perth/16/2009": 0.594542920589447,
      "H3N2 A/Beijing/32/1992": 0.15946431457996368,
      "H3N2 A/Brisbane/10/2007": 1.0,
      "H3N2 A/Fujian/411/2002": 0.1611587256193161
    },
    "H3N2 A/Fujian/140/2000": {
      "H3N2 A/Perth/16/2009": 0.23795214295387268,
      "H3N2 A/Fujian/411/2002": 0.30543938279151917,
      "H3N2 A/Victoria/507/1998": 1.0,
      "H3N2 A/Wuhan/359/1995": 0.7644050121307373
    },
    "H3N2 A/Brisbane/10/2007": {
      "H3N2 A/Perth/16/2009": 0.4349973201751709,
      "H3N2 A/Beijing/32/1992": 0.15186947584152222,
      "H3N2 A/Victoria/500/2009": 1.0,
      "H3N2 A/Victoria/507/1998": 0.4184609353542328
    },
    "H3N2 A/Fujian/411/2002": {
      "H3N2 A/Perth/16/2009": 0.22859950363636017,
      "H3N2 A/Fujian/140/2000": 0.4464922547340393,
      "H3N2 A/Victoria/507/1998": 1.0,
      "H3N2 A/Wuhan/359/1995": 0.3963988721370697
    },
    "H3N2 A/Victoria/507/1998": {
      "H3N2 A/Fujian/140/2000": 1.0,
      "H3N2 A/Fujian/411/2002": 0.5662283301353455,
      "H3N2 A/Wuhan/359/1995": 0.3674710988998413
    },
    "H3N2 A/Wuhan/359/1995": {
      "H3N2 A/Beijing/32/1992": 1.0,
      "H3N2 A/Fujian/140/2000": 0.4844255745410919,
      "H3N2 A/Fujian/411/2002": 0.21878813207149506,
      "H3N2 A/Victoria/507/1998": 0.42426493763923645
    }
  },
  "H3N2 A/Fujian/140/2000": {
    "H3N2 A/Perth/16/2009": {
      "H3N2 A/California/7/2004": 1.0
    },
    "H3N2 A/Beijing/32/1992": {
      "H3N2 A/Wuhan/359/1995": 1.0
    },
    "H3N2 A/Victoria/500/2009": {
      "H3N2 A/Perth/16/2009": 0.658820629119873,
      "H3N2 A/Beijing/32/1992": 0.19669359922409058,
      "H3N2 A/California/7/2004": 0.43816834688186646,
      "H3N2 A/Brisbane/10/2007": 1.0,
      "H3N2 A/Fujian/411/2002": 0.14665910601615906
    },
    "H3N2 A/California/7/2004": {
      "H3N2 A/Perth/16/2009": 1.0,
      "H3N2 A/Fujian/411/2002": 0.19795909523963928
    },
    "H3N2 A/Brisbane/10/2007": {
      "H3N2 A/Perth/16/2009": 0.37818315625190735,
      "H3N2 A/Beijing/32/1992": 0.16669850051403046,
      "H3N2 A/Victoria/500/2009": 1.0,
      "H3N2 A/California/7/2004": 0.8870086073875427,
      "H3N2 A/Victoria/507/1998": 0.4527382552623749
    },
    "H3N2 A/Fujian/411/2002": {
      "H3N2 A/Beijing/32/1992": 0.10344920307397842,
      "H3N2 A/California/7/2004": 0.36311808228492737,
      "H3N2 A/Victoria/507/1998": 1.0,
      "H3N2 A/Wuhan/359/1995": 0.43124449253082275
    },
    "H3N2 A/Victoria/507/1998": {
      "H3N2 A/Fujian/411/2002": 1.0,