{
  "H3N2 A/Perth/16/2009": {
    "H3N2 A/Beijing/32/1992": {
      "H3N2 A/Panama/2007/1999": 0.12183856964111328,
      "H3N2 A/Wuhan/359/1995": 1.0
    },
    "H3N2 A/Panama/2007/1999": {
      "H3N2 A/Sydney/5/1997": 0.44675275683403015,
      "H3N2 A/California/7/2004": 0.45035094022750854,
      "H3N2 A/Fujian/411/2002": 1.0,
      "H3N2 A/Wuhan/359/1995": 0.5391385555267334
    },
    "H3N2 A/Sydney/5/1997": {
      "H3N2 A/Panama/2007/1999": 0.12659701704978943,
      "H3N2 A/Fujian/411/2002": 0.21955063939094543,
      "H3N2 A/Wuhan/359/1995": 1.0,
      "H3N2 A/Wisconsin/67/2005": 0.11458822339773178
    },
    "H3N2 A/California/7/2004": {
      "H3N2 A/Panama/2007/1999": 0.33328768610954285,
      "H3N2 A/Sydney/5/1997": 0.13661588728427887,
      "H3N2 A/Brisbane/10/2007": 0.11531580239534378,
      "H3N2 A/Fujian/411/2002": 0.16841931641101837,
      "H3N2 A/Wisconsin/67/2005": 1.0
    },
    "H3N2 A/Brisbane/10/2007": {
      "H3N2 A/Beijing/32/1992": 0.17887213826179504,
      "H3N2 A/California/7/2004": 0.8139445781707764,
      "H3N2 A/Fujian/411/2002": 0.18603011965751648,
      "H3N2 A/Wisconsin/67/2005": 1.0
    },
    "H3N2 A/Fujian/411/2002": {
      "H3N2 A/Beijing/32/1992": 0.10079975426197052,
      "H3N2 A/Panama/2007/1999": 1.0,
      "H3N2 A/Sydney/5/1997": 0.4499533474445343,
      "H3N2 A/California/7/2004": 0.22097539901733398,
      "H3N2 A/Wuhan/359/1995": 0.2136225402355194
    },
    "H3N2 A/Wuhan/359/1995": {
      "H3N2 A/Beijing/32/1992": 0.5790959596633911,
      "H3N2 A/Panama/2007/1999": 0.2861187756061554,
      "H3N2 A/Sydney/5/1997": 1.0
    },
    "H3N2 A/Wisconsin/67/2005": {
      "H3N2 A/Sydney/5/1997": 0.14662371575832367,
      "H3N2 A/California/7/2004": 1.0,
      "H3N2 A/Brisbane/10/2007": 0.232952281832695
    }
  },
  "H3N2 A/Beijing/32/1992": {
    "H3N2 A/Perth/16/2009": {
      "H3N2 A/Panama/2007/1999": 0.2756570875644684,
      "H3N2 A/California/7/2004": 1.0,
      "H3N2 A/Wisconsin/67/2005": 0.301901251077652
    },
    "H3N2 A/Panama/2007/1999": {
      "H3N2 A/Perth/16/2009": 0.40064558386802673,
      "H3N2 A/Sydney/5/1997": 0.4487380087375641,
      "H3N2 A/California/7/2004": 0.29643338918685913,
      "H3N2 A/Brisbane/10/2007": 0.18648968636989594,
      "H3N2 A/Fujian/411/2002": 1.0,
      "H3N2 A/Wuhan/359/1995": 0.8863376379013062
    },
    "H3N2 A/Sydney/5/1997": {
      "H3N2 A/Fujian/411/2002": 0.1897142231464386,
      "H3N2 A/Wuhan/359/1995": 1.0,
      "H3N2 A/Wisconsin/67/2005": 0.1208883747458458
    },
    "H3N2 A/California/7/2004": {
      "H3N2 A/Perth/16/2009": 1.0,
      "H3N2 A/Panama/2007/1999": 0.18658433854579926,
      "H3N2 A/Sydney/5/1997": 0.13240772485733032,
      "H3N2 A/Fujian/411/2002": 0.11029350757598877,
      "H3N2 A/Wisconsin/67/2005": 0.6996998190879822
    },
    "H3N2 A/Brisbane/10/2007": {
      "H3N2 A/Perth/16/2009": 0.3032856285572052,
      "H3N2 A/Panama/2007/1999": 0.18399302661418915,
      "H3N2 A/California/7/2004": 0.8036499619483948,
      "H3N2 A/Fujian/411/2002": 0.25355297327041626,
      "H3N2 A/Wisconsin/67/2005": 1.0
    },
    "H3N2 A/Fujian/411/2002": {
      "H3N2 A/Panama/2007/1999": 1.0,
      "H3N2 A/Sydney/5/1997": 0.5215588212013245,
      "H3N2 A/California/7/2004": 0.31138861179351807,
      "H3N2 A/Wisconsin/67/2005": 0.15261200070381165
    },
    "H3N2 A/Wuhan/359/1995": {
      "H3N2 A/Panama/2007/1999": 0.6765865683555603,
      "H3N2 A/Sydney/5/1997": 1.0
    },
    "H3N2 A/Wisconsin/67/2005": {
      "H3N2 A/Perth/16/2009": 0.39426594972610474,
      "H3N2 A/Sydney/5/1997": 0.20109517872333527,
      "H3N2 A/California/7/2004": 1.0,
      "H3N2 A/Brisbane/10/2007": 0.2413431704044342
    }
  },
  "H3N2 A/Panama/2007/1999": {
    "H3N2 A/Perth/16/2009": {
      "H3N2 A/California/7/2004": 1.0,
      "H3N2 A/Wisconsin/67/2005": 0.31667378544807434
    },
    "H3N2 A/Beijing/32/1992": {
      "H3N2 A/Wuhan/359/1995": 1.0
    },
    "H3N2 A/Sydney/5/1997": {
      "H3N2 A/Fujian/411/2002": 0.29869264364242554,
      "H3N2 A/Wuhan/359/1995": 1.0
    },
    "H3N2 A/California/7/2004": {
      "H3N2 A/Perth/16/2009": 1.0,
      "H3N2 A/Sydney/5/1997": 0.1552785485982895,
      "H3N2 A/Fujian/411/2002": 0.18696871399879456,
      "H3N2 A/Wisconsin/67/2005": 0.6324180960655212
    },
    "H3N2 A/Brisbane/10/2007": {
      "H3N2 A/Perth/16/2009": 0.335056871175766,
      "H3N2 A/Beijing/32/1992": 0.19076241552829742,
      "H3N2 A/California/7/2004": 0.6611663699150085,
      "H3N2 A/Fujian/411/2002": 0.11742514371871948,
      "H3N2 A/Wisconsin/67/2005": 1.0
    },
    "H3N2 A/Fujian/411/2002": {
      "H3N2 A/Beijing/32/1992": 0.11532234400510788,
      "H3N2 A/Sydney/5/1997": 1.0,
      "H3N2 A/California/7/2004": 0.3998435139656067,
      "H3N2 A/Wuhan/359/1995": 0.6210231781005859
    },
    "H3N2 A/Wuhan/359/1995": {
      "H3N2 A/Beijing/32/1992": 0.5851258039474487,
      "H3N2 A/Sydney/5/1997": 1.0,
      "H3N2 A/Fujian/411/2002": 0.16153870522975922
    },
    "H3N2 A/Wisconsin/67/2005": {
      "H3N2 A/Perth/16/2009": 0.4667138159275055,
      "H3N2 A/Sydney/5/1997": 0.1775430142879486,
      "H3N2 A/California/7/2004": 1.0,
      "H3N2 A/Brisbane/10/2007": 0.2956527769565582
    }
  },
  "H3N2 A/Sydney/5/1997": {
    "H3N2 A/Perth/16/2009": {
      "H3N2 A/Panama/2007/1999": 0.2731684148311615,
      "H3N2 A/California/7/2004": 1.0,
      "H3N2 A/Wisconsin/67/2005": 0.3404989242553711
    },
    "H3N2 A/Beijing/32/1992": {
      "H3N2 A/Panama/2007/1999": 0.11987634003162384,
      "H3N2 A/Wuhan/359/1995": 1.0
    },
    "H3N2 A/Panama/2007/1999": {
      "H3N2 A/Perth/16/2009": 0.23712751269340515,
      "H3N2 A/California/7/2004": 0.25403574109077454,
      "H3N2 A/Fujian/411/2002": 1.0,
      "H3N2 A/Wuhan/359/1995": 0.7415906190872192
    },
    "H3N2 A/California/7/2004": {
      "H3N2 A/Perth/16/2009": 1.0,
      "H3N2 A/Panama/2007/1999": 0.20552249252796173,
      "H3N2 A/Brisbane/10/2007": 0.10393762588500977,
      "H3N2 A/Fujian/411/2002": 0.17166556417942047,
      "H3N2 A/Wisconsin/67/2005": 0.825578510761261
    },
    "H3N2 A/Brisbane/10/2007": {
      "H3N2 A/Perth/16/2009": 0.3139806091785431,
      "H3N2 A/Beijing/32/1992": 0.1671639233827591,
      "H3N2 A/California/7/2004": 0.8101513385772705,
      "H3N2 A/Fujian/411/2002": 0.2155311107635498,
      "H3N2 A/Wisconsin/67/2005": 1.0
    },
    "H3N2 A/Fujian/411/2002": {
      "H3N2 A/Panama/2007/1999": 1.0,
      "H3N2 A/California/7/2004": 0.2001359611749649,
      "H3N2 A/Wuhan/359/1995": 0.3937453329563141,
      "H3N2 A/Wisconsin/67/2005": 0.10107841342687607
    },
    "H3N2 A/Wuhan/359/1995": {
      "H3N2 A/Beijing/32/1992": 1.0,
      "H3N2 A/Panama/2007/1999": 0.6753385066986084,
      "H3N2 A/Fujian/411/2002": 0.3456520736217499
    },
    "H3N2 A/Wisconsin/67/2005": {
      "H3N2 A/Perth/16/2009": 0.35946226119995117,
      "H3N2 A/California/7/2004": 1.0,
      "H3N2 A/Brisbane/10/2007": 0.25557389855384827,
      "H3N2 A/Fujian/411/2002": 0.10410137474536896
    }
  },
  "H3N2 A/California/7/2004": {
    "H3N2 A/Perth/16/2009": {
      "H3N2 A/Panama/2007/1999": 0.6399519443511963,
      "H3N2 A/Brisbane/10/2007": 0.11696959286928177,
      "H3N2 A/Wisconsin/67/2005": 1.0
    },
    "H3N2 A/Beijing/32/1992": {
      "H3N2 A/Panama/2007/1999": 0.14282163977622986,
      "H3N2 A/Wuhan/359/1995": 1.0
    },
    "H3N2 A/Panama/2007/1999": {
      "H3N2 A/Perth/16/2009": 0.47418293356895447,
      "H3N2 A/Sydney/5/1997": 0.46083980798721313,
      "H3N2 A/Fujian/411/2002": 1.0,
      "H3N2 A/Wuhan/359/1995": 0.46387290954589844
    },
    "H3N2 A/Sydney/5/1997": {
      "H3N2 A/Panama/2007/1999": 0.14885760843753815,
      "H3N2 A/Fujian/411/2002": 0.24902452528476715,
      "H3N2 A/Wuhan/359/1995": 1.0,
      "H3N2 A/Wisconsin/67/2005": 0.15841086208820343
    },
    "H3N2 A/Brisbane/10/2007": {
      "H3N2 A/Perth/16/2009": 0.3376128077507019,
      "H3N2 A/Beijing/32/1992": 0.1354670375585556,