{
  "H3N2 A/Shandong/9/1993": {
    "H3N2 A/Panama/2007/1999": {
      "H3N2 A/Perth/16/2009": 0.15613046288490295,
      "H3N2 A/Sydney/5/1997": 0.4269046187400818,
      "H3N2 A/New York/55/2004": 0.1193268820643425,
      "H3N2 A/Nanchang/933/1995": 1.0
    },
    "H3N2 A/Perth/16/2009": {
      "H3N2 A/Panama/2007/1999": 0.29508328437805176,
      "H3N2 A/New York/55/2004": 1.0,
      "H3N2 A/Uruguay/716/2007": 0.8967676162719727,
      "H3N2 A/Wisconsin/67/2005": 0.23793675005435944
    },
    "H3N2 A/Sydney/5/1997": {
      "H3N2 A/Panama/2007/1999": 0.30383697152137756,
      "H3N2 A/Nanchang/933/1995": 1.0,
      "H3N2 A/Wisconsin/67/2005": 0.32870203256607056
    },
    "H3N2 A/Victoria/361/2011": {
      "H3N2 A/Perth/16/2009": 0.26531171798706055,
      "H3N2 A/Sydney/5/1997": 0.1777908354997635,
      "H3N2 A/Uruguay/716/2007": 1.0,
      "H3N2 A/Wisconsin/67/2005": 0.2061181515455246
    },
    "H3N2 A/New York/55/2004": {
      "H3N2 A/Panama/2007/1999": 0.26267769932746887,
      "H3N2 A/Perth/16/2009": 1.0,
      "H3N2 A/Uruguay/716/2007": 0.11529738456010818,
      "H3N2 A/Wisconsin/67/2005": 0.9108569622039795
    },
    "H3N2 A/Nanchang/933/1995": {
      "H3N2 A/Panama/2007/1999": 1.0,
      "H3N2 A/Sydney/5/1997": 0.8265604376792908,
      "H3N2 A/Wisconsin/67/2005": 0.10320110619068146
    },
    "H3N2 A/Uruguay/716/2007": {
      "H3N2 A/Perth/16/2009": 1.0,
      "H3N2 A/Victoria/361/2011": 0.4713951647281647,
      "H3N2 A/New York/55/2004": 0.1105535477399826,
      "H3N2 A/Wisconsin/67/2005": 0.48615726828575134
    },
    "H3N2 A/Wisconsin/67/2005": {
      "H3N2 A/Perth/16/2009": 0.17206446826457977,
      "H3N2 A/Sydney/5/1997": 0.3665098249912262,
      "H3N2 A/New York/55/2004": 1.0,
      "H3N2 A/Uruguay/716/2007": 0.2824026048183441
    }
  },
  "H3N2 A/Panama/2007/1999": {
    "H3N2 A/Shandong/9/1993": {
      "H3N2 A/Nanchang/933/1995": 1.0
    },
    "H3N2 A/Perth/16/2009": {
      "H3N2 A/New York/55/2004": 1.0,
      "H3N2 A/Uruguay/716/2007": 0.826338529586792,
      "H3N2 A/Wisconsin/67/2005": 0.21298934519290924
    },
    "H3N2 A/Sydney/5/1997": {
      "H3N2 A/Nanchang/933/1995": 1.0,
      "H3N2 A/Wisconsin/67/2005": 0.10735362768173218
    },
    "H3N2 A/Victoria/361/2011": {
      "H3N2 A/Shandong/9/1993": 0.16797994077205658,
      "H3N2 A/Perth/16/2009": 0.35087335109710693,
      "H3N2 A/Sydney/5/1997": 0.16432254016399384,
      "H3N2 A/New York/55/2004": 0.11029563099145889,
      "H3N2 A/Uruguay/716/2007": 1.0,
      "H3N2 A/Wisconsin/67/2005": 0.2783457636833191
    },
    "H3N2 A/New York/55/2004": {
      "H3N2 A/Perth/16/2009": 1.0,
      "H3N2 A/Uruguay/716/2007": 0.14174240827560425,
      "H3N2 A/Wisconsin/67/2005": 0.7453985810279846
    },
    "H3N2 A/Nanchang/933/1995": {
      "H3N2 A/Shandong/9/1993": 0.6935718059539795,
      "H3N2 A/Sydney/5/1997": 1.0
    },
    "H3N2 A/Uruguay/716/2007": {
      "H3N2 A/Perth/16/2009": 1.0,
      "H3N2 A/Victoria/361/2011": 0.384911447763443,
      "H3N2 A/New York/55/2004": 0.18716193735599518,
      "H3N2 A/Wisconsin/67/2005": 0.4326476454734802
    },
    "H3N2 A/Wisconsin/67/2005": {
      "H3N2 A/Perth/16/2009": 0.22590148448944092,
      "H3N2 A/Sydney/5/1997": 0.3449835777282715,
      "H3N2 A/New York/55/2004": 1.0,
      "H3N2 A/Uruguay/716/2007": 0.3259563744068146
    }
  },
  "H3N2 A/Perth/16/2009": {
    "H3N2 A/Shandong/9/1993": {
      "H3N2 A/Nanchang/933/1995": 1.0
    },
    "H3N2 A/Panama/2007/1999": {
      "H3N2 A/Sydney/5/1997": 0.752661406993866,
      "H3N2 A/New York/55/2004": 0.2728956937789917,
      "H3N2 A/Nanchang/933/1995": 1.0
    },
    "H3N2 A/Sydney/5/1997": {
      "H3N2 A/Panama/2007/1999": 0.3266056776046753,
      "H3N2 A/Nanchang/933/1995": 1.0,
      "H3N2 A/Wisconsin/67/2005": 0.22427912056446075
    },
    "H3N2 A/Victoria/361/2011": {
      "H3N2 A/Shandong/9/1993": 0.1315176784992218,
      "H3N2 A/Sydney/5/1997": 0.16867397725582123,
      "H3N2 A/New York/55/2004": 0.13159388303756714,
      "H3N2 A/Uruguay/716/2007": 1.0,
      "H3N2 A/Wisconsin/67/2005": 0.2862511873245239
    },
    "H3N2 A/New York/55/2004": {
      "H3N2 A/Panama/2007/1999": 0.3653525710105896,
      "H3N2 A/Uruguay/716/2007": 0.2863212525844574,
      "H3N2 A/Wisconsin/67/2005": 1.0
    },
    "H3N2 A/Nanchang/933/1995": {
      "H3N2 A/Shandong/9/1993": 0.8913853168487549,
      "H3N2 A/Panama/2007/1999": 0.525409460067749,
      "H3N2 A/Sydney/5/1997": 1.0
    },
    "H3N2 A/Uruguay/716/2007": {
      "H3N2 A/Panama/2007/1999": 0.12618841230869293,
      "H3N2 A/Victoria/361/2011": 0.8313887119293213,
      "H3N2 A/New York/55/2004": 0.6211470365524292,
      "H3N2 A/Wisconsin/67/2005": 1.0
    },
    "H3N2 A/Wisconsin/67/2005": {
      "H3N2 A/Sydney/5/1997": 0.31610649824142456,
      "H3N2 A/New York/55/2004": 1.0,
      "H3N2 A/Uruguay/716/2007": 0.3570556044578552
    }
  },
  "H3N2 A/Sydney/5/1997": {
    "H3N2 A/Shandong/9/1993": {
      "H3N2 A/Nanchang/933/1995": 1.0
    },
    "H3N2 A/Panama/2007/1999": {
      "H3N2 A/Nanchang/933/1995": 1.0
    },
    "H3N2 A/Perth/16/2009": {
      "H3N2 A/Panama/2007/1999": 0.24803277850151062,
      "H3N2 A/Victoria/361/2011": 0.1072966679930687,
      "H3N2 A/New York/55/2004": 1.0,
      "H3N2 A/Uruguay/716/2007": 0.8781949281692505,
      "H3N2 A/Wisconsin/67/2005": 0.25057923793792725
    },
    "H3N2 A/Victoria/361/2011": {
      "H3N2 A/Shandong/9/1993": 0.13142764568328857,
      "H3N2 A/Perth/16/2009": 0.29701927304267883,
      "H3N2 A/Nanchang/933/1995": 0.1443120390176773,
      "H3N2 A/Uruguay/716/2007": 1.0,
      "H3N2 A/Wisconsin/67/2005": 0.33367493748664856
    },
    "H3N2 A/New York/55/2004": {
      "H3N2 A/Panama/2007/1999": 0.24451053142547607,
      "H3N2 A/Perth/16/2009": 0.9250626564025879,
      "H3N2 A/Uruguay/716/2007": 0.14690931141376495,
      "H3N2 A/Wisconsin/67/2005": 1.0
    },
    "H3N2 A/Nanchang/933/1995": {
      "H3N2 A/Shandong/9/1993": 0.8777228593826294,
      "H3N2 A/Panama/2007/1999": 1.0
    },
    "H3N2 A/Uruguay/716/2007": {
      "H3N2 A/Perth/16/2009": 1.0,
      "H3N2 A/Victoria/361/2011": 0.4913060665130615,
      "H3N2 A/New York/55/2004": 0.17409877479076385,
      "H3N2 A/Wisconsin/67/2005": 0.5464320182800293
    },
    "H3N2 A/Wisconsin/67/2005": {
      "H3N2 A/Perth/16/2009": 0.18004611134529114,
      "H3N2 A/New York/55/2004": 1.0,
      "H3N2 A/Uruguay/716/2007": 0.32255637645721436
    }
  },
  "H3N2 A/Victoria/361/2011": {
    "H3N2 A/Shandong/9/1993": {
      "H3N2 A/Nanchang/933/1995": 1.0
    },
    "H3N2 A/Panama/2007/1999": {
      "H3N2 A/Perth/16/2009": 0.22056534886360168,
      "H3N2 A/Sydney/5/1997": 0.7198533415794373,
      "H3N2 A/New York/55/2004": 0.1571645736694336,
      "H3N2 A/Nanchang/933/1995": 1.0
    },
    "H3N2 A/Perth/16/2009": {
      "H3N2 A/Panama/2007/1999": 0.26266148686408997,
      "H3N2 A/New York/55/2004": 1.0,
      "H3N2 A/Uruguay/716/2007": 0.8578687310218811,
      "H3N2 A/Wisconsin/67/2005": 0.2560281455516815
    },
    "H3N2 A/Sydney/5/1997": {
      "H3N2 A/Panama/2007/1999": 0.3196657598018646,
      "H3N2 A/Nanchang/933/1995": 1.0,
      "H3N2 A/Wisconsin/67/2005": 0.22908097505569458
    },
    "H3N2 A/New York/55/2004": {
      "H3N2 A/Panama/2007/1999": 0.2450200766324997,
      "H3N2 A/Perth/16/2009": 1.0,
      "H3N2 A/Uruguay/716/2007": 0.155369833111763,
      "H3N2 A/Wisconsin/67/2005": 0.9031732678413391
    },
    "H3N2 A/Nanchang/933/1995": {
      "H3N2 A/Shandong/9/1993": 0.8784657120704651,
      "H3N2 A/Panama/2007/1999": 0.5400075912475586,
      "H3N2 A/Sydney/5/1997": 1.0
    },
    "H3N2 A/Uruguay/716/2007": {
      "H3N2 A/Perth/16/2009": 1.0,
      "H3N2 A/New York/55/2004": 0.19564326107501984,
      "H3N2 A/Wisconsin/67/2005": 0.5258840322494507
    },
    "H3N2 A/Wisconsin/67/2005": {
      "H3N2 A/Perth/16/2009": 0.21671077609062195,
      "H3N2 A/Sydney/5/1997": 0.3779832422733307,
      "H3N2 A/New York/55/2004": 1.0,