{
  "H3N2 A/Perth/16/2009": {
    "H3N2 A/Beijing/32/1992": {
      "H3N2 A/Wuhan/359/1995": 1.0
    },
    "H3N2 A/Victoria/500/2009": {
      "H3N2 A/Beijing/32/1992": 0.16095221042633057,
      "H3N2 A/California/7/2004": 0.5675867795944214,
      "H3N2 A/Brisbane/10/2007": 1.0,
      "H3N2 A/Fujian/411/2002": 0.14869125187397003
    },
    "H3N2 A/California/7/2004": {
      "H3N2 A/Victoria/500/2009": 0.24153411388397217,
      "H3N2 A/Fujian/140/2000": 0.7069053649902344,
      "H3N2 A/Brisbane/10/2007": 0.45111083984375,
      "H3N2 A/Fujian/411/2002": 1.0
    },
    "H3N2 A/Fujian/140/2000": {
      "H3N2 A/California/7/2004": 0.30334824323654175,
      "H3N2 A/Fujian/411/2002": 0.3205423653125763,
      "H3N2 A/Victoria/507/1998": 1.0,
      "H3N2 A/Wuhan/359/1995": 0.8364384770393372
    },
    "H3N2 A/Brisbane/10/2007": {
      "H3N2 A/Beijing/32/1992": 0.15431874990463257,
      "H3N2 A/Victoria/500/2009": 1.0,
      "H3N2 A/California/7/2004": 0.9809805750846863,
      "H3N2 A/Victoria/507/1998": 0.4071823060512543
    },
    "H3N2 A/Fujian/411/2002": {
      "H3N2 A/California/7/2004": 0.6140636205673218,
      "H3N2 A/Fujian/140/2000": 0.42855527997016907,
      "H3N2 A/Victoria/507/1998": 1.0,
      "H3N2 A/Wuhan/359/1995": 0.3908035159111023
    },
    "H3N2 A/Victoria/507/1998": {
      "H3N2 A/Fujian/140/2000": 1.0,
      "H3N2 A/Fujian/411/2002": 0.565274178981781,
      "H3N2 A/Wuhan/359/1995": 0.40657585859298706
    },
    "H3N2 A/Wuhan/359/1995": {
      "H3N2 A/Beijing/32/1992": 1.0,
      "H3N2 A/Fujian/140/2000": 0.4685647487640381,
      "H3N2 A/Fujian/411/2002": 0.2069982886314392,
      "H3N2 A/Victoria/507/1998": 0.4359039068222046
    }
  },
  "H3N2 A/Beijing/32/1992": {
    "H3N2 A/Perth/16/2009": {
      "H3N2 A/California/7/2004": 1.0,
      "H3N2 A/Fujian/140/2000": 0.11515409499406815
    },
    "H3N2 A/Victoria/500/2009": {
      "H3N2 A/Perth/16/2009": 0.44657188653945923,
      "H3N2 A/California/7/2004": 0.38412871956825256,
      "H3N2 A/Brisbane/10/2007": 1.0,
      "H3N2 A/Fujian/411/2002": 0.16869030892848969
    },
    "H3N2 A/California/7/2004": {
      "H3N2 A/Perth/16/2009": 1.0,
      "H3N2 A/Fujian/411/2002": 0.14636048674583435
    },
    "H3N2 A/Fujian/140/2000": {
      "H3N2 A/Perth/16/2009": 0.1476791948080063,
      "H3N2 A/California/7/2004": 0.17804186046123505,
      "H3N2 A/Fujian/411/2002": 0.2951704263687134,
      "H3N2 A/Victoria/507/1998": 1.0,
      "H3N2 A/Wuhan/359/1995": 0.7701535820960999
    },
    "H3N2 A/Brisbane/10/2007": {
      "H3N2 A/Perth/16/2009": 0.23550306260585785,
      "H3N2 A/Victoria/500/2009": 1.0,
      "H3N2 A/California/7/2004": 0.7279058694839478,
      "H3N2 A/Victoria/507/1998": 0.31559503078460693,
      "H3N2 A/Wuhan/359/1995": 0.13974399864673615
    },
    "H3N2 A/Fujian/411/2002": {
      "H3N2 A/Victoria/500/2009": 0.11204281449317932,
      "H3N2 A/California/7/2004": 0.628902018070221,
      "H3N2 A/Fujian/140/2000": 0.30278193950653076,
      "H3N2 A/Victoria/507/1998": 1.0,
      "H3N2 A/Wuhan/359/1995": 0.12268278747797012
    },
    "H3N2 A/Victoria/507/1998": {
      "H3N2 A/Fujian/140/2000": 1.0,
      "H3N2 A/Fujian/411/2002": 0.51454758644104,
      "H3N2 A/Wuhan/359/1995": 0.47100549936294556
    },
    "H3N2 A/Wuhan/359/1995": {
      "H3N2 A/Fujian/140/2000": 0.9723415374755859,
      "H3N2 A/Fujian/411/2002": 0.16186487674713135,
      "H3N2 A/Victoria/507/1998": 1.0
    }
  },
  "H3N2 A/Victoria/500/2009": {
    "H3N2 A/Perth/16/2009": {
      "H3N2 A/California/7/2004": 1.0,
      "H3N2 A/Fujian/140/2000": 0.1321641355752945
    },
    "H3N2 A/Beijing/32/1992": {
      "H3N2 A/Wuhan/359/1995": 1.0
    },
    "H3N2 A/California/7/2004": {
      "H3N2 A/Perth/16/2009": 1.0,
      "H3N2 A/Fujian/140/2000": 0.10435651242733002,
      "H3N2 A/Fujian/411/2002": 0.19652599096298218
    },
    "H3N2 A/Fujian/140/2000": {
      "H3N2 A/Perth/16/2009": 0.14254897832870483,
      "H3N2 A/California/7/2004": 0.17428426444530487,
      "H3N2 A/Fujian/411/2002": 0.2761647403240204,
      "H3N2 A/Victoria/507/1998": 1.0,
      "H3N2 A/Wuhan/359/1995": 0.7642214894294739
    },
    "H3N2 A/Brisbane/10/2007": {
      "H3N2 A/Perth/16/2009": 0.438118040561676,
      "H3N2 A/Beijing/32/1992": 0.20736534893512726,
      "H3N2 A/California/7/2004": 1.0,
      "H3N2 A/Victoria/507/1998": 0.5089263319969177
    },
    "H3N2 A/Fujian/411/2002": {
      "H3N2 A/California/7/2004": 0.49614229798316956,
      "H3N2 A/Fujian/140/2000": 0.3839728832244873,
      "H3N2 A/Victoria/507/1998": 1.0,
      "H3N2 A/Wuhan/359/1995": 0.4010999798774719
    },
    "H3N2 A/Victoria/507/1998": {
      "H3N2 A/Fujian/140/2000": 1.0,
      "H3N2 A/Fujian/411/2002": 0.5626194477081299,
      "H3N2 A/Wuhan/359/1995": 0.40260496735572815
    },
    "H3N2 A/Wuhan/359/1995": {
      "H3N2 A/Beijing/32/1992": 1.0,
      "H3N2 A/Fujian/140/2000": 0.4726135730743408,
      "H3N2 A/Fujian/411/2002": 0.21480336785316467,
      "H3N2 A/Victoria/507/1998": 0.4489581286907196
    }
  },
  "H3N2 A/California/7/2004": {
    "H3N2 A/Perth/16/2009": {
      "H3N2 A/Victoria/500/2009": 0.5262454152107239,
      "H3N2 A/Fujian/140/2000": 1.0,
      "H3N2 A/Brisbane/10/2007": 0.42199862003326416,
      "H3N2 A/Fujian/411/2002": 0.4728795886039734,
      "H3N2 A/Victoria/507/1998": 0.1386195570230484
    },
    "H3N2 A/Beijing/32/1992": {
      "H3N2 A/Wuhan/359/1995": 1.0
    },
    "H3N2 A/Victoria/500/2009": {
      "H3N2 A/Perth/16/2009": 0.5945307016372681,
      "H3N2 A/Beijing/32/1992": 0.15945932269096375,
      "H3N2 A/Brisbane/10/2007": 1.0,
      "H3N2 A/Fujian/411/2002": 0.16116100549697876
    },
    "H3N2 A/Fujian/140/2000": {
      "H3N2 A/Perth/16/2009": 0.23796215653419495,
      "H3N2 A/Fujian/411/2002": 0.30544158816337585,
      "H3N2 A/Victoria/507/1998": 1.0,
      "H3N2 A/Wuhan/359/1995": 0.7643989324569702
    },
    "H3N2 A/Brisbane/10/2007": {
      "H3N2 A/Perth/16/2009": 0.43501216173171997,
      "H3N2 A/Beijing/32/1992": 0.15187738835811615,
      "H3N2 A/Victoria/500/2009": 1.0,
      "H3N2 A/Victoria/507/1998": 0.4184894263744354
    },
    "H3N2 A/Fujian/411/2002": {
      "H3N2 A/Perth/16/2009": 0.2285962998867035,
      "H3N2 A/Fujian/140/2000": 0.4465023875236511,
      "H3N2 A/Victoria/507/1998": 1.0,
      "H3N2 A/Wuhan/359/1995": 0.3964005708694458
    },
    "H3N2 A/Victoria/507/1998": {
      "H3N2 A/Fujian/140/2000": 1.0,
      "H3N2 A/Fujian/411/2002": 0.5662330389022827,
      "H3N2 A/Wuhan/359/1995": 0.36747363209724426
    },
    "H3N2 A/Wuhan/359/1995": {
      "H3N2 A/Beijing/32/1992": 1.0,
      "H3N2 A/Fujian/140/2000": 0.48442885279655457,
      "H3N2 A/Fujian/411/2002": 0.21878832578659058,
      "H3N2 A/Victoria/507/1998": 0.42426592111587524
    }
  },
  "H3N2 A/Fujian/140/2000": {
    "H3N2 A/Perth/16/2009": {
      "H3N2 A/California/7/2004": 1.0
    },
    "H3N2 A/Beijing/32/1992": {
      "H3N2 A/Wuhan/359/1995": 1.0
    },
    "H3N2 A/Victoria/500/2009": {
      "H3N2 A/Perth/16/2009": 0.6587854623794556,
      "H3N2 A/Beijing/32/1992": 0.19668793678283691,
      "H3N2 A/California/7/2004": 0.4381583333015442,
      "H3N2 A/Brisbane/10/2007": 1.0,
      "H3N2 A/Fujian/411/2002": 0.1466512233018875
    },
    "H3N2 A/California/7/2004": {
      "H3N2 A/Perth/16/2009": 1.0,
      "H3N2 A/Fujian/411/2002": 0.19795404374599457
    },
    "H3N2 A/Brisbane/10/2007": {
      "H3N2 A/Perth/16/2009": 0.3781832754611969,
      "H3N2 A/Beijing/32/1992": 0.16668839752674103,
      "H3N2 A/Victoria/500/2009": 1.0,
      "H3N2 A/California/7/2004": 0.8870031237602234,
      "H3N2 A/Victoria/507/1998": 0.4527411460876465
    },
    "H3N2 A/Fujian/411/2002": {
      "H3N2 A/Beijing/32/1992": 0.10344696044921875,
      "H3N2 A/California/7/2004": 0.36310839653015137,
      "H3N2 A/Victoria/507/1998": 1.0,
      "H3N2 A/Wuhan/359/1995": 0.4312288463115692
    },
    "H3N2 A/Victoria/507/1998": {
      "H3N2 A/Fujian/411/2002": 1.0,