{
  "H3N2 A/Perth/16/2009": {
    "H3N2 A/Beijing/32/1992": {
      "H3N2 A/Panama/2007/1999": 0.1218375489115715,
      "H3N2 A/Wuhan/359/1995": 1.0
    },
    "H3N2 A/Panama/2007/1999": {
      "H3N2 A/Sydney/5/1997": 0.4467586576938629,
      "H3N2 A/California/7/2004": 0.45034393668174744,
      "H3N2 A/Fujian/411/2002": 1.0,
      "H3N2 A/Wuhan/359/1995": 0.5391497015953064
    },
    "H3N2 A/Sydney/5/1997": {
      "H3N2 A/Panama/2007/1999": 0.12659530341625214,
      "H3N2 A/Fujian/411/2002": 0.21955057978630066,
      "H3N2 A/Wuhan/359/1995": 1.0,
      "H3N2 A/Wisconsin/67/2005": 0.11458976566791534
    },
    "H3N2 A/California/7/2004": {
      "H3N2 A/Panama/2007/1999": 0.3332878053188324,
      "H3N2 A/Sydney/5/1997": 0.136619433760643,
      "H3N2 A/Brisbane/10/2007": 0.11531630158424377,
      "H3N2 A/Fujian/411/2002": 0.16842229664325714,
      "H3N2 A/Wisconsin/67/2005": 1.0
    },
    "H3N2 A/Brisbane/10/2007": {
      "H3N2 A/Beijing/32/1992": 0.17887499928474426,
      "H3N2 A/California/7/2004": 0.8139401078224182,
      "H3N2 A/Fujian/411/2002": 0.1860310286283493,
      "H3N2 A/Wisconsin/67/2005": 1.0
    },
    "H3N2 A/Fujian/411/2002": {
      "H3N2 A/Beijing/32/1992": 0.10080104321241379,
      "H3N2 A/Panama/2007/1999": 1.0,
      "H3N2 A/Sydney/5/1997": 0.4499553442001343,
      "H3N2 A/California/7/2004": 0.2209758758544922,
      "H3N2 A/Wuhan/359/1995": 0.21362152695655823
    },
    "H3N2 A/Wuhan/359/1995": {
      "H3N2 A/Beijing/32/1992": 0.5790992975234985,
      "H3N2 A/Panama/2007/1999": 0.2861189842224121,
      "H3N2 A/Sydney/5/1997": 1.0
    },
    "H3N2 A/Wisconsin/67/2005": {
      "H3N2 A/Sydney/5/1997": 0.14663028717041016,
      "H3N2 A/California/7/2004": 1.0,
      "H3N2 A/Brisbane/10/2007": 0.2329513430595398
    }
  },
  "H3N2 A/Beijing/32/1992": {
    "H3N2 A/Perth/16/2009": {
      "H3N2 A/Panama/2007/1999": 0.27565324306488037,
      "H3N2 A/California/7/2004": 1.0,
      "H3N2 A/Wisconsin/67/2005": 0.301888108253479
    },
    "H3N2 A/Panama/2007/1999": {
      "H3N2 A/Perth/16/2009": 0.4006384313106537,
      "H3N2 A/Sydney/5/1997": 0.4487375319004059,
      "H3N2 A/California/7/2004": 0.2964344620704651,
      "H3N2 A/Brisbane/10/2007": 0.18649159371852875,
      "H3N2 A/Fujian/411/2002": 1.0,
      "H3N2 A/Wuhan/359/1995": 0.8863409161567688
    },
    "H3N2 A/Sydney/5/1997": {
      "H3N2 A/Fujian/411/2002": 0.18971793353557587,
      "H3N2 A/Wuhan/359/1995": 1.0,
      "H3N2 A/Wisconsin/67/2005": 0.12089016288518906
    },
    "H3N2 A/California/7/2004": {
      "H3N2 A/Perth/16/2009": 1.0,
      "H3N2 A/Panama/2007/1999": 0.1865880787372589,
      "H3N2 A/Sydney/5/1997": 0.13240952789783478,
      "H3N2 A/Fujian/411/2002": 0.11029472947120667,
      "H3N2 A/Wisconsin/67/2005": 0.6997038722038269
    },
    "H3N2 A/Brisbane/10/2007": {
      "H3N2 A/Perth/16/2009": 0.3032800257205963,
      "H3N2 A/Panama/2007/1999": 0.1839904636144638,
      "H3N2 A/California/7/2004": 0.8036412596702576,
      "H3N2 A/Fujian/411/2002": 0.2535516321659088,
      "H3N2 A/Wisconsin/67/2005": 1.0
    },
    "H3N2 A/Fujian/411/2002": {
      "H3N2 A/Panama/2007/1999": 1.0,
      "H3N2 A/Sydney/5/1997": 0.5215645432472229,
      "H3N2 A/California/7/2004": 0.3113916516304016,
      "H3N2 A/Wisconsin/67/2005": 0.15261389315128326
    },
    "H3N2 A/Wuhan/359/1995": {
      "H3N2 A/Panama/2007/1999": 0.6765856146812439,
      "H3N2 A/Sydney/5/1997": 1.0
    },
    "H3N2 A/Wisconsin/67/2005": {
      "H3N2 A/Perth/16/2009": 0.39425984025001526,
      "H3N2 A/Sydney/5/1997": 0.20109470188617706,
      "H3N2 A/California/7/2004": 1.0,
      "H3N2 A/Brisbane/10/2007": 0.2413412481546402
    }
  },
  "H3N2 A/Panama/2007/1999": {
    "H3N2 A/Perth/16/2009": {
      "H3N2 A/California/7/2004": 1.0,
      "H3N2 A/Wisconsin/67/2005": 0.3166571855545044
    },
    "H3N2 A/Beijing/32/1992": {
      "H3N2 A/Wuhan/359/1995": 1.0
    },
    "H3N2 A/Sydney/5/1997": {
      "H3N2 A/Fujian/411/2002": 0.29869648814201355,
      "H3N2 A/Wuhan/359/1995": 1.0
    },
    "H3N2 A/California/7/2004": {
      "H3N2 A/Perth/16/2009": 1.0,
      "H3N2 A/Sydney/5/1997": 0.15528011322021484,
      "H3N2 A/Fujian/411/2002": 0.18697279691696167,
      "H3N2 A/Wisconsin/67/2005": 0.6324141025543213
    },
    "H3N2 A/Brisbane/10/2007": {
      "H3N2 A/Perth/16/2009": 0.33505332469940186,
      "H3N2 A/Beijing/32/1992": 0.1907576620578766,
      "H3N2 A/California/7/2004": 0.6611445546150208,
      "H3N2 A/Fujian/411/2002": 0.11742692440748215,
      "H3N2 A/Wisconsin/67/2005": 1.0
    },
    "H3N2 A/Fujian/411/2002": {
      "H3N2 A/Beijing/32/1992": 0.11531835049390793,
      "H3N2 A/Sydney/5/1997": 1.0,
      "H3N2 A/California/7/2004": 0.39984527230262756,
      "H3N2 A/Wuhan/359/1995": 0.621027410030365
    },
    "H3N2 A/Wuhan/359/1995": {
      "H3N2 A/Beijing/32/1992": 0.5851236581802368,
      "H3N2 A/Sydney/5/1997": 1.0,
      "H3N2 A/Fujian/411/2002": 0.16154025495052338
    },
    "H3N2 A/Wisconsin/67/2005": {
      "H3N2 A/Perth/16/2009": 0.46671295166015625,
      "H3N2 A/Sydney/5/1997": 0.17753742635250092,
      "H3N2 A/California/7/2004": 1.0,
      "H3N2 A/Brisbane/10/2007": 0.295648455619812
    }
  },
  "H3N2 A/Sydney/5/1997": {
    "H3N2 A/Perth/16/2009": {
      "H3N2 A/Panama/2007/1999": 0.27316921949386597,
      "H3N2 A/California/7/2004": 1.0,
      "H3N2 A/Wisconsin/67/2005": 0.34050488471984863
    },
    "H3N2 A/Beijing/32/1992": {
      "H3N2 A/Panama/2007/1999": 0.11987611651420593,
      "H3N2 A/Wuhan/359/1995": 1.0
    },
    "H3N2 A/Panama/2007/1999": {
      "H3N2 A/Perth/16/2009": 0.23713307082653046,
      "H3N2 A/California/7/2004": 0.254043847322464,
      "H3N2 A/Fujian/411/2002": 1.0,
      "H3N2 A/Wuhan/359/1995": 0.7415927648544312
    },
    "H3N2 A/California/7/2004": {
      "H3N2 A/Perth/16/2009": 1.0,
      "H3N2 A/Panama/2007/1999": 0.2055225670337677,
      "H3N2 A/Brisbane/10/2007": 0.10393759608268738,
      "H3N2 A/Fujian/411/2002": 0.1716681569814682,
      "H3N2 A/Wisconsin/67/2005": 0.8255724906921387
    },
    "H3N2 A/Brisbane/10/2007": {
      "H3N2 A/Perth/16/2009": 0.3139789402484894,
      "H3N2 A/Beijing/32/1992": 0.16715802252292633,
      "H3N2 A/California/7/2004": 0.810145378112793,
      "H3N2 A/Fujian/411/2002": 0.21553006768226624,
      "H3N2 A/Wisconsin/67/2005": 1.0
    },
    "H3N2 A/Fujian/411/2002": {
      "H3N2 A/Panama/2007/1999": 1.0,
      "H3N2 A/California/7/2004": 0.2001378834247589,
      "H3N2 A/Wuhan/359/1995": 0.39374926686286926,
      "H3N2 A/Wisconsin/67/2005": 0.1010788157582283
    },
    "H3N2 A/Wuhan/359/1995": {
      "H3N2 A/Beijing/32/1992": 1.0,
      "H3N2 A/Panama/2007/1999": 0.6753347516059875,
      "H3N2 A/Fujian/411/2002": 0.34564319252967834
    },
    "H3N2 A/Wisconsin/67/2005": {
      "H3N2 A/Perth/16/2009": 0.3594641387462616,
      "H3N2 A/California/7/2004": 1.0,
      "H3N2 A/Brisbane/10/2007": 0.25557225942611694,
      "H3N2 A/Fujian/411/2002": 0.10409887880086899
    }
  },
  "H3N2 A/California/7/2004": {
    "H3N2 A/Perth/16/2009": {
      "H3N2 A/Panama/2007/1999": 0.6399520039558411,
      "H3N2 A/Brisbane/10/2007": 0.11697059124708176,
      "H3N2 A/Wisconsin/67/2005": 1.0
    },
    "H3N2 A/Beijing/32/1992": {
      "H3N2 A/Panama/2007/1999": 0.1428251415491104,
      "H3N2 A/Wuhan/359/1995": 1.0
    },
    "H3N2 A/Panama/2007/1999": {
      "H3N2 A/Perth/16/2009": 0.4741882383823395,
      "H3N2 A/Sydney/5/1997": 0.4608362317085266,
      "H3N2 A/Fujian/411/2002": 1.0,
      "H3N2 A/Wuhan/359/1995": 0.4638771712779999
    },
    "H3N2 A/Sydney/5/1997": {
      "H3N2 A/Panama/2007/1999": 0.14885972440242767,
      "H3N2 A/Fujian/411/2002": 0.24902644753456116,
      "H3N2 A/Wuhan/359/1995": 1.0,
      "H3N2 A/Wisconsin/67/2005": 0.15841151773929596
    },
    "H3N2 A/Brisbane/10/2007": {
      "H3N2 A/Perth/16/2009": 0.3376140892505646,
      "H3N2 A/Beijing/32/1992": 0.13546624779701233,