{
  "H3N2 A/Perth/16/2009": {
    "H3N2 A/Beijing/32/1992": {
      "H3N2 A/Panama/2007/1999": 0.12183801829814911,
      "H3N2 A/Wuhan/359/1995": 1.0
    },
    "H3N2 A/Panama/2007/1999": {
      "H3N2 A/Sydney/5/1997": 0.4467622637748718,
      "H3N2 A/California/7/2004": 0.4503583014011383,
      "H3N2 A/Fujian/411/2002": 1.0,
      "H3N2 A/Wuhan/359/1995": 0.5391601920127869
    },
    "H3N2 A/Sydney/5/1997": {
      "H3N2 A/Panama/2007/1999": 0.12659738957881927,
      "H3N2 A/Fujian/411/2002": 0.2195531576871872,
      "H3N2 A/Wuhan/359/1995": 1.0,
      "H3N2 A/Wisconsin/67/2005": 0.11459080129861832
    },
    "H3N2 A/California/7/2004": {
      "H3N2 A/Panama/2007/1999": 0.33328983187675476,
      "H3N2 A/Sydney/5/1997": 0.13661637902259827,
      "H3N2 A/Brisbane/10/2007": 0.11531633883714676,
      "H3N2 A/Fujian/411/2002": 0.1684194952249527,
      "H3N2 A/Wisconsin/67/2005": 1.0
    },
    "H3N2 A/Brisbane/10/2007": {
      "H3N2 A/Beijing/32/1992": 0.17887341976165771,
      "H3N2 A/California/7/2004": 0.8139338493347168,
      "H3N2 A/Fujian/411/2002": 0.1860276311635971,
      "H3N2 A/Wisconsin/67/2005": 1.0
    },
    "H3N2 A/Fujian/411/2002": {
      "H3N2 A/Beijing/32/1992": 0.1008012667298317,
      "H3N2 A/Panama/2007/1999": 1.0,
      "H3N2 A/Sydney/5/1997": 0.4499552547931671,
      "H3N2 A/California/7/2004": 0.2209744155406952,
      "H3N2 A/Wuhan/359/1995": 0.21361897885799408
    },
    "H3N2 A/Wuhan/359/1995": {
      "H3N2 A/Beijing/32/1992": 0.5790902972221375,
      "H3N2 A/Panama/2007/1999": 0.286117285490036,
      "H3N2 A/Sydney/5/1997": 1.0
    },
    "H3N2 A/Wisconsin/67/2005": {
      "H3N2 A/Sydney/5/1997": 0.14662472903728485,
      "H3N2 A/California/7/2004": 1.0,
      "H3N2 A/Brisbane/10/2007": 0.23295216262340546
    }
  },
  "H3N2 A/Beijing/32/1992": {
    "H3N2 A/Perth/16/2009": {
      "H3N2 A/Panama/2007/1999": 0.27565523982048035,
      "H3N2 A/California/7/2004": 1.0,
      "H3N2 A/Wisconsin/67/2005": 0.30189067125320435
    },
    "H3N2 A/Panama/2007/1999": {
      "H3N2 A/Perth/16/2009": 0.40064260363578796,
      "H3N2 A/Sydney/5/1997": 0.448736310005188,
      "H3N2 A/California/7/2004": 0.2964321970939636,
      "H3N2 A/Brisbane/10/2007": 0.1864890605211258,
      "H3N2 A/Fujian/411/2002": 1.0,
      "H3N2 A/Wuhan/359/1995": 0.8863292336463928
    },
    "H3N2 A/Sydney/5/1997": {
      "H3N2 A/Fujian/411/2002": 0.18971608579158783,
      "H3N2 A/Wuhan/359/1995": 1.0,
      "H3N2 A/Wisconsin/67/2005": 0.12088722735643387
    },
    "H3N2 A/California/7/2004": {
      "H3N2 A/Perth/16/2009": 1.0,
      "H3N2 A/Panama/2007/1999": 0.18658801913261414,
      "H3N2 A/Sydney/5/1997": 0.1324099600315094,
      "H3N2 A/Fujian/411/2002": 0.11029500514268875,
      "H3N2 A/Wisconsin/67/2005": 0.6997092366218567
    },
    "H3N2 A/Brisbane/10/2007": {
      "H3N2 A/Perth/16/2009": 0.30328240990638733,
      "H3N2 A/Panama/2007/1999": 0.18399260938167572,
      "H3N2 A/California/7/2004": 0.8036442399024963,
      "H3N2 A/Fujian/411/2002": 0.25355178117752075,
      "H3N2 A/Wisconsin/67/2005": 1.0
    },
    "H3N2 A/Fujian/411/2002": {
      "H3N2 A/Panama/2007/1999": 1.0,
      "H3N2 A/Sydney/5/1997": 0.5215697884559631,
      "H3N2 A/California/7/2004": 0.3113918900489807,
      "H3N2 A/Wisconsin/67/2005": 0.15261442959308624
    },
    "H3N2 A/Wuhan/359/1995": {
      "H3N2 A/Panama/2007/1999": 0.6765843033790588,
      "H3N2 A/Sydney/5/1997": 1.0
    },
    "H3N2 A/Wisconsin/67/2005": {
      "H3N2 A/Perth/16/2009": 0.39426565170288086,
      "H3N2 A/Sydney/5/1997": 0.20109423995018005,
      "H3N2 A/California/7/2004": 1.0,
      "H3N2 A/Brisbane/10/2007": 0.24134016036987305
    }
  },
  "H3N2 A/Panama/2007/1999": {
    "H3N2 A/Perth/16/2009": {
      "H3N2 A/California/7/2004": 1.0,
      "H3N2 A/Wisconsin/67/2005": 0.31666237115859985
    },
    "H3N2 A/Beijing/32/1992": {
      "H3N2 A/Wuhan/359/1995": 1.0
    },
    "H3N2 A/Sydney/5/1997": {
      "H3N2 A/Fujian/411/2002": 0.2986907362937927,
      "H3N2 A/Wuhan/359/1995": 1.0
    },
    "H3N2 A/California/7/2004": {
      "H3N2 A/Perth/16/2009": 1.0,
      "H3N2 A/Sydney/5/1997": 0.1552780419588089,
      "H3N2 A/Fujian/411/2002": 0.1869681030511856,
      "H3N2 A/Wisconsin/67/2005": 0.6324085593223572
    },
    "H3N2 A/Brisbane/10/2007": {
      "H3N2 A/Perth/16/2009": 0.335056871175766,
      "H3N2 A/Beijing/32/1992": 0.1907619684934616,
      "H3N2 A/California/7/2004": 0.6611637473106384,
      "H3N2 A/Fujian/411/2002": 0.11742504686117172,
      "H3N2 A/Wisconsin/67/2005": 1.0
    },
    "H3N2 A/Fujian/411/2002": {
      "H3N2 A/Beijing/32/1992": 0.11531765758991241,
      "H3N2 A/Sydney/5/1997": 1.0,
      "H3N2 A/California/7/2004": 0.39984041452407837,
      "H3N2 A/Wuhan/359/1995": 0.6210209727287292
    },
    "H3N2 A/Wuhan/359/1995": {
      "H3N2 A/Beijing/32/1992": 0.5851220488548279,
      "H3N2 A/Sydney/5/1997": 1.0,
      "H3N2 A/Fujian/411/2002": 0.1615380048751831
    },
    "H3N2 A/Wisconsin/67/2005": {
      "H3N2 A/Perth/16/2009": 0.4667036831378937,
      "H3N2 A/Sydney/5/1997": 0.1775415539741516,
      "H3N2 A/California/7/2004": 1.0,
      "H3N2 A/Brisbane/10/2007": 0.29564812779426575
    }
  },
  "H3N2 A/Sydney/5/1997": {
    "H3N2 A/Perth/16/2009": {
      "H3N2 A/Panama/2007/1999": 0.27316099405288696,
      "H3N2 A/California/7/2004": 1.0,
      "H3N2 A/Wisconsin/67/2005": 0.34049394726753235
    },
    "H3N2 A/Beijing/32/1992": {
      "H3N2 A/Panama/2007/1999": 0.1198761835694313,
      "H3N2 A/Wuhan/359/1995": 1.0
    },
    "H3N2 A/Panama/2007/1999": {
      "H3N2 A/Perth/16/2009": 0.23713091015815735,
      "H3N2 A/California/7/2004": 0.25403881072998047,
      "H3N2 A/Fujian/411/2002": 1.0,
      "H3N2 A/Wuhan/359/1995": 0.7415943741798401
    },
    "H3N2 A/California/7/2004": {
      "H3N2 A/Perth/16/2009": 1.0,
      "H3N2 A/Panama/2007/1999": 0.20552165806293488,
      "H3N2 A/Brisbane/10/2007": 0.10393708199262619,
      "H3N2 A/Fujian/411/2002": 0.17166298627853394,
      "H3N2 A/Wisconsin/67/2005": 0.8255614042282104
    },
    "H3N2 A/Brisbane/10/2007": {
      "H3N2 A/Perth/16/2009": 0.31397274136543274,
      "H3N2 A/Beijing/32/1992": 0.16715694963932037,
      "H3N2 A/California/7/2004": 0.8101263642311096,
      "H3N2 A/Fujian/411/2002": 0.21552017331123352,
      "H3N2 A/Wisconsin/67/2005": 1.0
    },
    "H3N2 A/Fujian/411/2002": {
      "H3N2 A/Panama/2007/1999": 1.0,
      "H3N2 A/California/7/2004": 0.20013980567455292,
      "H3N2 A/Wuhan/359/1995": 0.3937484622001648,
      "H3N2 A/Wisconsin/67/2005": 0.10107886791229248
    },
    "H3N2 A/Wuhan/359/1995": {
      "H3N2 A/Beijing/32/1992": 1.0,
      "H3N2 A/Panama/2007/1999": 0.6753406524658203,
      "H3N2 A/Fujian/411/2002": 0.3456534147262573
    },
    "H3N2 A/Wisconsin/67/2005": {
      "H3N2 A/Perth/16/2009": 0.3594578802585602,
      "H3N2 A/California/7/2004": 1.0,
      "H3N2 A/Brisbane/10/2007": 0.2555773854255676,
      "H3N2 A/Fujian/411/2002": 0.1041000485420227
    }
  },
  "H3N2 A/California/7/2004": {
    "H3N2 A/Perth/16/2009": {
      "H3N2 A/Panama/2007/1999": 0.6399579048156738,
      "H3N2 A/Brisbane/10/2007": 0.11696691066026688,
      "H3N2 A/Wisconsin/67/2005": 1.0
    },
    "H3N2 A/Beijing/32/1992": {
      "H3N2 A/Panama/2007/1999": 0.1428266316652298,
      "H3N2 A/Wuhan/359/1995": 1.0
    },
    "H3N2 A/Panama/2007/1999": {
      "H3N2 A/Perth/16/2009": 0.4741734564304352,
      "H3N2 A/Sydney/5/1997": 0.46081897616386414,
      "H3N2 A/Fujian/411/2002": 1.0,
      "H3N2 A/Wuhan/359/1995": 0.4638727903366089
    },
    "H3N2 A/Sydney/5/1997": {
      "H3N2 A/Panama/2007/1999": 0.14885476231575012,
      "H3N2 A/Fujian/411/2002": 0.24902306497097015,
      "H3N2 A/Wuhan/359/1995": 1.0,
      "H3N2 A/Wisconsin/67/2005": 0.15840749442577362
    },
    "H3N2 A/Brisbane/10/2007": {
      "H3N2 A/Perth/16/2009": 0.33761149644851685,
      "H3N2 A/Beijing/32/1992": 0.13546514511108398,