{
  "H3N2 A/Perth/16/2009": {
    "H3N2 A/Beijing/32/1992": {
      "H3N2 A/Wuhan/359/1995": 1.0
    },
    "H3N2 A/Panama/2007/1999": {
      "H3N2 A/Sydney/5/1997": 1.0,
      "H3N2 A/California/7/2004": 0.3260796070098877,
      "H3N2 A/Fujian/411/2002": 0.7530290484428406,
      "H3N2 A/Wuhan/359/1995": 0.6385300755500793
    },
    "H3N2 A/Sydney/5/1997": {
      "H3N2 A/Panama/2007/1999": 0.37844744324684143,
      "H3N2 A/Fujian/411/2002": 0.7386665940284729,
      "H3N2 A/Wuhan/359/1995": 1.0
    },
    "H3N2 A/California/7/2004": {
      "H3N2 A/Brisbane/10/2007": 0.24226631224155426,
      "H3N2 A/Fujian/411/2002": 0.27563467621803284,
      "H3N2 A/Wisconsin/67/2005": 1.0
    },
    "H3N2 A/Brisbane/10/2007": {
      "H3N2 A/California/7/2004": 1.0,
      "H3N2 A/Fujian/411/2002": 0.7909793853759766,
      "H3N2 A/Wisconsin/67/2005": 0.813223659992218
    },
    "H3N2 A/Fujian/411/2002": {
      "H3N2 A/Panama/2007/1999": 0.45599013566970825,
      "H3N2 A/Sydney/5/1997": 1.0,
      "H3N2 A/California/7/2004": 0.5482938289642334,
      "H3N2 A/Brisbane/10/2007": 0.343997061252594,
      "H3N2 A/Wisconsin/67/2005": 0.6080383062362671
    },
    "H3N2 A/Wuhan/359/1995": {
      "H3N2 A/Beijing/32/1992": 1.0,
      "H3N2 A/Panama/2007/1999": 0.12156150490045547,
      "H3N2 A/Sydney/5/1997": 0.7401723265647888
    },
    "H3N2 A/Wisconsin/67/2005": {
      "H3N2 A/California/7/2004": 1.0,
      "H3N2 A/Brisbane/10/2007": 0.18838150799274445,
      "H3N2 A/Fujian/411/2002": 0.3004220128059387
    }
  },
  "H3N2 A/Beijing/32/1992": {
    "H3N2 A/Perth/16/2009": {
      "H3N2 A/California/7/2004": 0.32221880555152893,
      "H3N2 A/Brisbane/10/2007": 0.11138825118541718,
      "H3N2 A/Fujian/411/2002": 0.14256812632083893,
      "H3N2 A/Wisconsin/67/2005": 1.0
    },
    "H3N2 A/Panama/2007/1999": {
      "H3N2 A/Sydney/5/1997": 1.0,
      "H3N2 A/California/7/2004": 0.3284911513328552,
      "H3N2 A/Fujian/411/2002": 0.7784164547920227,
      "H3N2 A/Wuhan/359/1995": 0.6811591982841492
    },
    "H3N2 A/Sydney/5/1997": {
      "H3N2 A/Panama/2007/1999": 0.30121123790740967,
      "H3N2 A/Fujian/411/2002": 0.6906813383102417,
      "H3N2 A/Wuhan/359/1995": 1.0
    },
    "H3N2 A/California/7/2004": {
      "H3N2 A/Perth/16/2009": 0.28217053413391113,
      "H3N2 A/Brisbane/10/2007": 0.22406460344791412,
      "H3N2 A/Fujian/411/2002": 0.23338669538497925,
      "H3N2 A/Wisconsin/67/2005": 1.0
    },
    "H3N2 A/Brisbane/10/2007": {
      "H3N2 A/Perth/16/2009": 0.37361806631088257,
      "H3N2 A/California/7/2004": 1.0,
      "H3N2 A/Fujian/411/2002": 0.7809435129165649,
      "H3N2 A/Wisconsin/67/2005": 0.653279185295105
    },
    "H3N2 A/Fujian/411/2002": {
      "H3N2 A/Perth/16/2009": 0.1650608330965042,
      "H3N2 A/Panama/2007/1999": 0.36256512999534607,
      "H3N2 A/Sydney/5/1997": 1.0,
      "H3N2 A/California/7/2004": 0.38964492082595825,
      "H3N2 A/Brisbane/10/2007": 0.1965080201625824,
      "H3N2 A/Wisconsin/67/2005": 0.3182399570941925
    },
    "H3N2 A/Wuhan/359/1995": {
      "H3N2 A/Panama/2007/1999": 0.160843163728714,
      "H3N2 A/Sydney/5/1997": 1.0
    },
    "H3N2 A/Wisconsin/67/2005": {
      "H3N2 A/Perth/16/2009": 0.7783747315406799,
      "H3N2 A/California/7/2004": 1.0,
      "H3N2 A/Brisbane/10/2007": 0.12691083550453186,
      "H3N2 A/Fujian/411/2002": 0.1869841367006302
    }
  },
  "H3N2 A/Panama/2007/1999": {
    "H3N2 A/Perth/16/2009": {
      "H3N2 A/California/7/2004": 0.35580888390541077,
      "H3N2 A/Brisbane/10/2007": 0.13713179528713226,
      "H3N2 A/Fujian/411/2002": 0.17256474494934082,
      "H3N2 A/Wisconsin/67/2005": 1.0
    },
    "H3N2 A/Beijing/32/1992": {
      "H3N2 A/Wuhan/359/1995": 1.0
    },
    "H3N2 A/Sydney/5/1997": {
      "H3N2 A/Fujian/411/2002": 0.8064721822738647,
      "H3N2 A/Wuhan/359/1995": 1.0
    },
    "H3N2 A/California/7/2004": {
      "H3N2 A/Perth/16/2009": 0.34187331795692444,
      "H3N2 A/Brisbane/10/2007": 0.2796327769756317,
      "H3N2 A/Fujian/411/2002": 0.3303503394126892,
      "H3N2 A/Wisconsin/67/2005": 1.0
    },
    "H3N2 A/Brisbane/10/2007": {
      "H3N2 A/Perth/16/2009": 0.39121291041374207,
      "H3N2 A/California/7/2004": 1.0,
      "H3N2 A/Fujian/411/2002": 0.7065003514289856,
      "H3N2 A/Wisconsin/67/2005": 0.6127105951309204
    },
    "H3N2 A/Fujian/411/2002": {
      "H3N2 A/Perth/16/2009": 0.11740485578775406,
      "H3N2 A/Sydney/5/1997": 1.0,
      "H3N2 A/California/7/2004": 0.311205118894577,
      "H3N2 A/Brisbane/10/2007": 0.17282620072364807,
      "H3N2 A/Wisconsin/67/2005": 0.22753281891345978
    },
    "H3N2 A/Wuhan/359/1995": {
      "H3N2 A/Beijing/32/1992": 1.0,
      "H3N2 A/Sydney/5/1997": 0.9282553791999817
    },
    "H3N2 A/Wisconsin/67/2005": {
      "H3N2 A/Perth/16/2009": 0.7864915132522583,
      "H3N2 A/California/7/2004": 1.0,
      "H3N2 A/Brisbane/10/2007": 0.15566013753414154,
      "H3N2 A/Fujian/411/2002": 0.23881112039089203
    }
  },
  "H3N2 A/Sydney/5/1997": {
    "H3N2 A/Perth/16/2009": {
      "H3N2 A/California/7/2004": 0.33135491609573364,
      "H3N2 A/Brisbane/10/2007": 0.14533594250679016,
      "H3N2 A/Fujian/411/2002": 0.14701081812381744,
      "H3N2 A/Wisconsin/67/2005": 1.0
    },
    "H3N2 A/Beijing/32/1992": {
      "H3N2 A/Wuhan/359/1995": 1.0
    },
    "H3N2 A/Panama/2007/1999": {
      "H3N2 A/California/7/2004": 0.33418530225753784,
      "H3N2 A/Fujian/411/2002": 1.0,
      "H3N2 A/Wuhan/359/1995": 0.9344438314437866
    },
    "H3N2 A/California/7/2004": {
      "H3N2 A/Perth/16/2009": 0.305708110332489,
      "H3N2 A/Panama/2007/1999": 0.15475906431674957,
      "H3N2 A/Brisbane/10/2007": 0.2855164110660553,
      "H3N2 A/Fujian/411/2002": 0.3178948163986206,
      "H3N2 A/Wisconsin/67/2005": 1.0
    },
    "H3N2 A/Brisbane/10/2007": {
      "H3N2 A/Perth/16/2009": 0.364917516708374,
      "H3N2 A/California/7/2004": 1.0,
      "H3N2 A/Fujian/411/2002": 0.7717849016189575,
      "H3N2 A/Wisconsin/67/2005": 0.5950162410736084
    },
    "H3N2 A/Fujian/411/2002": {
      "H3N2 A/Perth/16/2009": 0.21085096895694733,
      "H3N2 A/Panama/2007/1999": 1.0,
      "H3N2 A/California/7/2004": 0.5903303027153015,
      "H3N2 A/Brisbane/10/2007": 0.3601340055465698,
      "H3N2 A/Wisconsin/67/2005": 0.4993050992488861
    },
    "H3N2 A/Wuhan/359/1995": {
      "H3N2 A/Beijing/32/1992": 1.0,
      "H3N2 A/Panama/2007/1999": 0.2512262761592865
    },
    "H3N2 A/Wisconsin/67/2005": {
      "H3N2 A/Perth/16/2009": 0.8024897575378418,
      "H3N2 A/California/7/2004": 1.0,
      "H3N2 A/Brisbane/10/2007": 0.14847838878631592,
      "H3N2 A/Fujian/411/2002": 0.23975570499897003
    }
  },
  "H3N2 A/California/7/2004": {
    "H3N2 A/Perth/16/2009": {
      "H3N2 A/Brisbane/10/2007": 0.1537891924381256,
      "H3N2 A/Fujian/411/2002": 0.19634829461574554,
      "H3N2 A/Wisconsin/67/2005": 1.0
    },
    "H3N2 A/Beijing/32/1992": {
      "H3N2 A/Wuhan/359/1995": 1.0
    },
    "H3N2 A/Panama/2007/1999": {
      "H3N2 A/Sydney/5/1997": 1.0,
      "H3N2 A/Fujian/411/2002": 0.8024545907974243,
      "H3N2 A/Wuhan/359/1995": 0.5532448291778564,
      "H3N2 A/Wisconsin/67/2005": 0.12342317402362823
    },
    "H3N2 A/Sydney/5/1997": {
      "H3N2 A/Panama/2007/1999": 0.43763241171836853,
      "H3N2 A/Fujian/411/2002": 0.8382092714309692,
      "H3N2 A/Wuhan/359/1995": 1.0
    },
    "H3N2 A/Brisbane/10/2007": {
      "H3N2 A/Perth/16/2009": 0.5261327028274536,
      "H3N2 A/Fujian/411/2002": 0.9732972383499146,
      "H3N2 A/Wisconsin/67/2005": 1.0
    },
    "H3N2 A/Fujian/411/2002": {
      "H3N2 A/Perth/16/2009": 0.2833330035209656,
      "H3N2 A/Panama/2007/1999": 0.43060794472694397,
      "H3N2 A/Sydney/5/1997": 1.0,
      "H3N2 A/Brisbane/10/2007": 0.34266936779022217,
      "H3N2 A/Wisconsin/67/2005": 0.5890506505966187
    },
    "H3N2 A/Wuhan/359/1995": {
      "H3N2 A/Beijing/32/1992": 1.0,
      "H3N2 A/Panama/2007/1999": 0.11449749767780304,