{
  "H3N2 A/Perth/16/2009": {
    "H3N2 A/Panama/2007/1999": {
      "H3N2 A/Victoria/361/2011": 0.12913422286510468,
      "H3N2 A/New York/55/2004": 0.5042765736579895,
      "H3N2 A/Uruguay/716/2007": 0.3288062810897827,
      "H3N2 A/Wisconsin/67/2005": 1.0
    },
    "H3N2 A/Victoria/361/2011": {
      "H3N2 A/Panama/2007/1999": 0.1891341209411621,
      "H3N2 A/Uruguay/716/2007": 1.0,
      "H3N2 A/Wisconsin/67/2005": 0.9326412081718445
    },
    "H3N2 A/New York/55/2004": {
      "H3N2 A/Uruguay/716/2007": 1.0,
      "H3N2 A/Wisconsin/67/2005": 0.7095057964324951
    },
    "H3N2 A/Uruguay/716/2007": {
      "H3N2 A/Victoria/361/2011": 0.18219918012619019,
      "H3N2 A/New York/55/2004": 1.0,
      "H3N2 A/Wisconsin/67/2005": 0.4810900390148163
    },
    "H3N2 A/Wisconsin/67/2005": {
      "H3N2 A/Victoria/361/2011": 0.24107183516025543,
      "H3N2 A/New York/55/2004": 1.0,
      "H3N2 A/Uruguay/716/2007": 0.7228676676750183
    }
  },
  "H3N2 A/Panama/2007/1999": {
    "H3N2 A/Perth/16/2009": {
      "H3N2 A/New York/55/2004": 1.0,
      "H3N2 A/Uruguay/716/2007": 0.5266973972320557,
      "H3N2 A/Wisconsin/67/2005": 0.5884252190589905
    },
    "H3N2 A/Victoria/361/2011": {
      "H3N2 A/Uruguay/716/2007": 1.0,
      "H3N2 A/Wisconsin/67/2005": 0.525471031665802
    },
    "H3N2 A/New York/55/2004": {
      "H3N2 A/Perth/16/2009": 0.9026357531547546,
      "H3N2 A/Uruguay/716/2007": 1.0,
      "H3N2 A/Wisconsin/67/2005": 0.39632561802864075
    },
    "H3N2 A/Uruguay/716/2007": {
      "H3N2 A/Perth/16/2009": 0.4847738742828369,
      "H3N2 A/Victoria/361/2011": 0.24773241579532623,
      "H3N2 A/New York/55/2004": 1.0,
      "H3N2 A/Wisconsin/67/2005": 0.3307105302810669
    },
    "H3N2 A/Wisconsin/67/2005": {
      "H3N2 A/Perth/16/2009": 0.8578322529792786,
      "H3N2 A/Victoria/361/2011": 0.19915974140167236,
      "H3N2 A/New York/55/2004": 1.0,
      "H3N2 A/Uruguay/716/2007": 0.5690356492996216
    }
  },
  "H3N2 A/Victoria/361/2011": {
    "H3N2 A/Perth/16/2009": {
      "H3N2 A/New York/55/2004": 1.0,
      "H3N2 A/Uruguay/716/2007": 0.7041621804237366,
      "H3N2 A/Wisconsin/67/2005": 0.5608850121498108
    },
    "H3N2 A/Panama/2007/1999": {
      "H3N2 A/New York/55/2004": 0.6366496682167053,
      "H3N2 A/Uruguay/716/2007": 0.5310997366905212,
      "H3N2 A/Wisconsin/67/2005": 1.0
    },
    "H3N2 A/New York/55/2004": {
      "H3N2 A/Perth/16/2009": 1.0,
      "H3N2 A/Uruguay/716/2007": 0.8626765608787537,
      "H3N2 A/Wisconsin/67/2005": 0.5658710598945618
    },
    "H3N2 A/Uruguay/716/2007": {
      "H3N2 A/Perth/16/2009": 0.8408027291297913,
      "H3N2 A/New York/55/2004": 1.0,
      "H3N2 A/Wisconsin/67/2005": 0.7219452857971191
    },
    "H3N2 A/Wisconsin/67/2005": {
      "H3N2 A/Perth/16/2009": 1.0,
      "H3N2 A/New York/55/2004": 0.8121313452720642,
      "H3N2 A/Uruguay/716/2007": 0.9992413520812988
    }
  },
  "H3N2 A/New York/55/2004": {
    "H3N2 A/Perth/16/2009": {
      "H3N2 A/Uruguay/716/2007": 1.0,
      "H3N2 A/Wisconsin/67/2005": 0.6185683608055115
    },
    "H3N2 A/Panama/2007/1999": {
      "H3N2 A/Uruguay/716/2007": 0.7659964561462402,
      "H3N2 A/Wisconsin/67/2005": 1.0
    },
    "H3N2 A/Victoria/361/2011": {
      "H3N2 A/Uruguay/716/2007": 1.0,
      "H3N2 A/Wisconsin/67/2005": 0.9351779818534851
    },
    "H3N2 A/Uruguay/716/2007": {
      "H3N2 A/Perth/16/2009": 1.0,
      "H3N2 A/Victoria/361/2011": 0.10855773091316223,
      "H3N2 A/Wisconsin/67/2005": 0.6308943033218384
    },
    "H3N2 A/Wisconsin/67/2005": {
      "H3N2 A/Perth/16/2009": 1.0,
      "H3N2 A/Uruguay/716/2007": 0.712083637714386
    }
  },
  "H3N2 A/Uruguay/716/2007": {
    "H3N2 A/Perth/16/2009": {
      "H3N2 A/New York/55/2004": 1.0,
      "H3N2 A/Wisconsin/67/2005": 0.5366976261138916
    },
    "H3N2 A/Panama/2007/1999": {
      "H3N2 A/Victoria/361/2011": 0.11129529029130936,
      "H3N2 A/New York/55/2004": 0.714258074760437,
      "H3N2 A/Wisconsin/67/2005": 1.0
    },
    "H3N2 A/Victoria/361/2011": {
      "H3N2 A/Perth/16/2009": 0.11251213401556015,
      "H3N2 A/Wisconsin/67/2005": 1.0
    },
    "H3N2 A/New York/55/2004": {
      "H3N2 A/Perth/16/2009": 1.0,
      "H3N2 A/Wisconsin/67/2005": 0.6785649657249451
    },
    "H3N2 A/Wisconsin/67/2005": {
      "H3N2 A/Perth/16/2009": 1.0,
      "H3N2 A/Panama/2007/1999": 0.11656180769205093,
      "H3N2 A/Victoria/361/2011": 0.3860797882080078,
      "H3N2 A/New York/55/2004": 0.9945423603057861
    }
  },
  "H3N2 A/Wisconsin/67/2005": {
    "H3N2 A/Perth/16/2009": {
      "H3N2 A/New York/55/2004": 1.0,
      "H3N2 A/Uruguay/716/2007": 0.724879264831543
    },
    "H3N2 A/Panama/2007/1999": {
      "H3N2 A/Victoria/361/2011": 0.17719922959804535,
      "H3N2 A/New York/55/2004": 1.0,
      "H3N2 A/Uruguay/716/2007": 0.7509377002716064
    },
    "H3N2 A/Victoria/361/2011": {
      "H3N2 A/Uruguay/716/2007": 1.0
    },
    "H3N2 A/New York/55/2004": {
      "H3N2 A/Perth/16/2009": 1.0,
      "H3N2 A/Uruguay/716/2007": 0.8583149909973145
    },
    "H3N2 A/Uruguay/716/2007": {
      "H3N2 A/Perth/16/2009": 0.8375015258789062,
      "H3N2 A/Victoria/361/2011": 0.3993389308452606,
      "H3N2 A/New York/55/2004": 1.0
    }
  }
}