{
  "H3N2 A/Perth/16/2009": {
    "H3N2 A/Beijing/32/1992": {
      "H3N2 A/Wuhan/359/1995": 1.0
    },
    "H3N2 A/Victoria/500/2009": {
      "H3N2 A/California/7/2004": 1.0,
      "H3N2 A/Brisbane/10/2007": 0.8728760480880737,
      "H3N2 A/Fujian/411/2002": 0.3355988562107086
    },
    "H3N2 A/California/7/2004": {
      "H3N2 A/Victoria/500/2009": 0.5142769813537598,
      "H3N2 A/Brisbane/10/2007": 0.6575219631195068,
      "H3N2 A/Fujian/411/2002": 1.0
    },
    "H3N2 A/Fujian/140/2000": {
      "H3N2 A/California/7/2004": 0.12089934945106506,
      "H3N2 A/Fujian/411/2002": 0.5368143320083618,
      "H3N2 A/Victoria/507/1998": 1.0,
      "H3N2 A/Wuhan/359/1995": 0.9337561130523682
    },
    "H3N2 A/Brisbane/10/2007": {
      "H3N2 A/Victoria/500/2009": 0.7266333103179932,
      "H3N2 A/California/7/2004": 1.0,
      "H3N2 A/Fujian/411/2002": 0.5007082223892212
    },
    "H3N2 A/Fujian/411/2002": {
      "H3N2 A/Victoria/500/2009": 0.185908243060112,
      "H3N2 A/California/7/2004": 1.0,
      "H3N2 A/Fujian/140/2000": 0.32327887415885925,
      "H3N2 A/Brisbane/10/2007": 0.28815144300460815,
      "H3N2 A/Victoria/507/1998": 0.554454505443573
    },
    "H3N2 A/Victoria/507/1998": {
      "H3N2 A/Fujian/140/2000": 0.9641770720481873,
      "H3N2 A/Fujian/411/2002": 1.0,
      "H3N2 A/Wuhan/359/1995": 0.25266772508621216
    },
    "H3N2 A/Wuhan/359/1995": {
      "H3N2 A/Beijing/32/1992": 1.0,
      "H3N2 A/Fujian/140/2000": 0.1890908032655716,
      "H3N2 A/Victoria/507/1998": 0.10801217705011368
    }
  },
  "H3N2 A/Beijing/32/1992": {
    "H3N2 A/Perth/16/2009": {
      "H3N2 A/Victoria/500/2009": 0.44747018814086914,
      "H3N2 A/California/7/2004": 1.0,
      "H3N2 A/Brisbane/10/2007": 0.25336480140686035,
      "H3N2 A/Fujian/411/2002": 0.3353946805000305,
      "H3N2 A/Victoria/507/1998": 0.12430928647518158
    },
    "H3N2 A/Victoria/500/2009": {
      "H3N2 A/Perth/16/2009": 0.3944084644317627,
      "H3N2 A/California/7/2004": 1.0,
      "H3N2 A/Fujian/140/2000": 0.12127688527107239,
      "H3N2 A/Brisbane/10/2007": 0.9767242670059204,
      "H3N2 A/Fujian/411/2002": 0.2742513418197632
    },
    "H3N2 A/California/7/2004": {
      "H3N2 A/Perth/16/2009": 1.0,
      "H3N2 A/Victoria/500/2009": 0.5550182461738586,
      "H3N2 A/Brisbane/10/2007": 0.6572114825248718,
      "H3N2 A/Fujian/411/2002": 0.8915960788726807
    },
    "H3N2 A/Fujian/140/2000": {
      "H3N2 A/Fujian/411/2002": 0.414259672164917,
      "H3N2 A/Victoria/507/1998": 0.9626160860061646,
      "H3N2 A/Wuhan/359/1995": 1.0
    },
    "H3N2 A/Brisbane/10/2007": {
      "H3N2 A/Perth/16/2009": 0.3374146819114685,
      "H3N2 A/Victoria/500/2009": 0.930045485496521,
      "H3N2 A/California/7/2004": 1.0,
      "H3N2 A/Fujian/411/2002": 0.4335256814956665
    },
    "H3N2 A/Fujian/411/2002": {
      "H3N2 A/Perth/16/2009": 0.3514900505542755,
      "H3N2 A/Victoria/500/2009": 0.17951394617557526,
      "H3N2 A/California/7/2004": 1.0,
      "H3N2 A/Fujian/140/2000": 0.30680370330810547,
      "H3N2 A/Brisbane/10/2007": 0.2554924786090851,
      "H3N2 A/Victoria/507/1998": 0.6642953753471375
    },
    "H3N2 A/Victoria/507/1998": {
      "H3N2 A/Fujian/140/2000": 1.0,
      "H3N2 A/Fujian/411/2002": 0.9157559275627136,
      "H3N2 A/Wuhan/359/1995": 0.38479307293891907
    },
    "H3N2 A/Wuhan/359/1995": {
      "H3N2 A/Fujian/140/2000": 1.0,
      "H3N2 A/Victoria/507/1998": 0.8276635408401489
    }
  },
  "H3N2 A/Victoria/500/2009": {
    "H3N2 A/Perth/16/2009": {
      "H3N2 A/California/7/2004": 1.0,
      "H3N2 A/Brisbane/10/2007": 0.31821689009666443,
      "H3N2 A/Fujian/411/2002": 0.38724982738494873
    },
    "H3N2 A/Beijing/32/1992": {
      "H3N2 A/Wuhan/359/1995": 1.0
    },
    "H3N2 A/California/7/2004": {
      "H3N2 A/Perth/16/2009": 1.0,
      "H3N2 A/Brisbane/10/2007": 0.7447400689125061,
      "H3N2 A/Fujian/411/2002": 0.938219428062439
    },
    "H3N2 A/Fujian/140/2000": {
      "H3N2 A/Fujian/411/2002": 0.4545857310295105,
      "H3N2 A/Victoria/507/1998": 1.0,
      "H3N2 A/Wuhan/359/1995": 0.8608831763267517
    },
    "H3N2 A/Brisbane/10/2007": {
      "H3N2 A/Perth/16/2009": 0.3426375687122345,
      "H3N2 A/California/7/2004": 1.0,
      "H3N2 A/Fujian/411/2002": 0.4995572865009308,
      "H3N2 A/Victoria/507/1998": 0.10280740261077881
    },
    "H3N2 A/Fujian/411/2002": {
      "H3N2 A/Perth/16/2009": 0.38956788182258606,
      "H3N2 A/California/7/2004": 1.0,
      "H3N2 A/Fujian/140/2000": 0.3471192419528961,
      "H3N2 A/Brisbane/10/2007": 0.32341447472572327,
      "H3N2 A/Victoria/507/1998": 0.694033145904541
    },
    "H3N2 A/Victoria/507/1998": {
      "H3N2 A/Fujian/140/2000": 0.9497576355934143,
      "H3N2 A/Fujian/411/2002": 1.0,
      "H3N2 A/Wuhan/359/1995": 0.23804433643817902
    },
    "H3N2 A/Wuhan/359/1995": {
      "H3N2 A/Beijing/32/1992": 1.0,
      "H3N2 A/Fujian/140/2000": 0.19007790088653564,
      "H3N2 A/Victoria/507/1998": 0.10934615880250931
    }
  },
  "H3N2 A/California/7/2004": {
    "H3N2 A/Perth/16/2009": {
      "H3N2 A/Victoria/500/2009": 1.0,
      "H3N2 A/Fujian/140/2000": 0.1968861073255539,
      "H3N2 A/Brisbane/10/2007": 0.7783743143081665,
      "H3N2 A/Fujian/411/2002": 0.9836230278015137,
      "H3N2 A/Victoria/507/1998": 0.14546309411525726
    },
    "H3N2 A/Beijing/32/1992": {
      "H3N2 A/Wuhan/359/1995": 1.0
    },
    "H3N2 A/Victoria/500/2009": {
      "H3N2 A/Perth/16/2009": 0.5236352682113647,
      "H3N2 A/Beijing/32/1992": 0.14112257957458496,
      "H3N2 A/Brisbane/10/2007": 1.0,
      "H3N2 A/Fujian/411/2002": 0.37570106983184814
    },
    "H3N2 A/Fujian/140/2000": {
      "H3N2 A/Fujian/411/2002": 0.5494648814201355,
      "H3N2 A/Victoria/507/1998": 1.0,
      "H3N2 A/Wuhan/359/1995": 0.8935339450836182
    },
    "H3N2 A/Brisbane/10/2007": {
      "H3N2 A/Perth/16/2009": 0.5283289551734924,
      "H3N2 A/Victoria/500/2009": 1.0,
      "H3N2 A/Fujian/411/2002": 0.7198880910873413,
      "H3N2 A/Victoria/507/1998": 0.11135157197713852
    },
    "H3N2 A/Fujian/411/2002": {
      "H3N2 A/Perth/16/2009": 0.8775625824928284,
      "H3N2 A/Victoria/500/2009": 0.38726741075515747,
      "H3N2 A/Fujian/140/2000": 0.6175059676170349,
      "H3N2 A/Brisbane/10/2007": 0.6550631523132324,
      "H3N2 A/Victoria/507/1998": 1.0
    },
    "H3N2 A/Victoria/507/1998": {
      "H3N2 A/Fujian/140/2000": 0.9033102989196777,
      "H3N2 A/Fujian/411/2002": 1.0,
      "H3N2 A/Wuhan/359/1995": 0.2322351336479187
    },
    "H3N2 A/Wuhan/359/1995": {
      "H3N2 A/Beijing/32/1992": 1.0,
      "H3N2 A/Fujian/140/2000": 0.19177287817001343,
      "H3N2 A/Victoria/507/1998": 0.10818596184253693
    }
  },
  "H3N2 A/Fujian/140/2000": {
    "H3N2 A/Perth/16/2009": {
      "H3N2 A/Victoria/500/2009": 0.3809146285057068,
      "H3N2 A/California/7/2004": 1.0,
      "H3N2 A/Brisbane/10/2007": 0.29233816266059875,
      "H3N2 A/Fujian/411/2002": 0.42949390411376953
    },
    "H3N2 A/Beijing/32/1992": {
      "H3N2 A/Wuhan/359/1995": 1.0
    },
    "H3N2 A/Victoria/500/2009": {
      "H3N2 A/Perth/16/2009": 0.5419597625732422,
      "H3N2 A/Beijing/32/1992": 0.15502884984016418,
      "H3N2 A/California/7/2004": 0.8608211278915405,
      "H3N2 A/Brisbane/10/2007": 1.0,
      "H3N2 A/Fujian/411/2002": 0.19493167102336884
    },
    "H3N2 A/California/7/2004": {
      "H3N2 A/Perth/16/2009": 1.0,
      "H3N2 A/Victoria/500/2009": 0.409690260887146,
      "H3N2 A/Brisbane/10/2007": 0.6138788461685181,
      "H3N2 A/Fujian/411/2002": 0.9503994584083557
    },
    "H3N2 A/Brisbane/10/2007": {
      "H3N2 A/Perth/16/2009": 0.40410885214805603,
      "H3N2 A/Victoria/500/2009": 0.7846570611000061,
      "H3N2 A/California/7/2004": 1.0,
      "H3N2 A/Fujian/411/2002": 0.4718663692474365,
      "H3N2 A/Victoria/507/1998": 0.13999013602733612
    },
    "H3N2 A/Fujian/411/2002": {
      "H3N2 A/Perth/16/2009": 0.308228999376297,
      "H3N2 A/California/7/2004": 0.928928554058075,