{
  "H3N2 A/Shandong/9/1993": {
    "H3N2 A/Panama/2007/1999": {
      "H3N2 A/Sydney/5/1997": 1.0,
      "H3N2 A/Nanchang/933/1995": 0.25907081365585327,
      "H3N2 A/Wisconsin/67/2005": 0.15674318373203278
    },
    "H3N2 A/Perth/16/2009": {
      "H3N2 A/New York/55/2004": 1.0,
      "H3N2 A/Uruguay/716/2007": 0.6338165402412415,
      "H3N2 A/Wisconsin/67/2005": 0.5352044105529785
    },
    "H3N2 A/Sydney/5/1997": {
      "H3N2 A/Panama/2007/1999": 0.8461611270904541,
      "H3N2 A/New York/55/2004": 0.14051619172096252,
      "H3N2 A/Nanchang/933/1995": 1.0,
      "H3N2 A/Wisconsin/67/2005": 0.19437529146671295
    },
    "H3N2 A/Victoria/361/2011": {
      "H3N2 A/Panama/2007/1999": 0.14113636314868927,
      "H3N2 A/Uruguay/716/2007": 1.0,
      "H3N2 A/Wisconsin/67/2005": 0.8219392895698547
    },
    "H3N2 A/New York/55/2004": {
      "H3N2 A/Perth/16/2009": 1.0,
      "H3N2 A/Uruguay/716/2007": 0.7667036056518555,
      "H3N2 A/Wisconsin/67/2005": 0.669472336769104
    },
    "H3N2 A/Nanchang/933/1995": {
      "H3N2 A/Panama/2007/1999": 0.23185387253761292,
      "H3N2 A/Sydney/5/1997": 1.0
    },
    "H3N2 A/Uruguay/716/2007": {
      "H3N2 A/Perth/16/2009": 0.8476045727729797,
      "H3N2 A/Victoria/361/2011": 0.27371975779533386,
      "H3N2 A/New York/55/2004": 1.0,
      "H3N2 A/Wisconsin/67/2005": 0.5612282156944275
    },
    "H3N2 A/Wisconsin/67/2005": {
      "H3N2 A/Perth/16/2009": 0.9848422408103943,
      "H3N2 A/Sydney/5/1997": 0.19670674204826355,
      "H3N2 A/Victoria/361/2011": 0.26202622056007385,
      "H3N2 A/New York/55/2004": 1.0,
      "H3N2 A/Uruguay/716/2007": 0.6805139780044556
    }
  },
  "H3N2 A/Panama/2007/1999": {
    "H3N2 A/Shandong/9/1993": {
      "H3N2 A/Nanchang/933/1995": 1.0
    },
    "H3N2 A/Perth/16/2009": {
      "H3N2 A/New York/55/2004": 1.0,
      "H3N2 A/Uruguay/716/2007": 0.5634810924530029,
      "H3N2 A/Wisconsin/67/2005": 0.5062540769577026
    },
    "H3N2 A/Sydney/5/1997": {
      "H3N2 A/New York/55/2004": 0.1437448114156723,
      "H3N2 A/Nanchang/933/1995": 1.0,
      "H3N2 A/Wisconsin/67/2005": 0.24692119657993317
    },
    "H3N2 A/Victoria/361/2011": {
      "H3N2 A/Uruguay/716/2007": 1.0,
      "H3N2 A/Wisconsin/67/2005": 0.6825977563858032
    },
    "H3N2 A/New York/55/2004": {
      "H3N2 A/Perth/16/2009": 1.0,
      "H3N2 A/Uruguay/716/2007": 0.6429879069328308,
      "H3N2 A/Wisconsin/67/2005": 0.5891944169998169
    },
    "H3N2 A/Nanchang/933/1995": {
      "H3N2 A/Shandong/9/1993": 1.0,
      "H3N2 A/Sydney/5/1997": 0.6053723096847534
    },
    "H3N2 A/Uruguay/716/2007": {
      "H3N2 A/Perth/16/2009": 0.865011990070343,
      "H3N2 A/Victoria/361/2011": 0.41011571884155273,
      "H3N2 A/New York/55/2004": 1.0,
      "H3N2 A/Wisconsin/67/2005": 0.6825405359268188
    },
    "H3N2 A/Wisconsin/67/2005": {
      "H3N2 A/Perth/16/2009": 0.9510509371757507,
      "H3N2 A/Sydney/5/1997": 0.349526971578598,
      "H3N2 A/Victoria/361/2011": 0.32185158133506775,
      "H3N2 A/New York/55/2004": 1.0,
      "H3N2 A/Uruguay/716/2007": 0.7100467681884766
    }
  },
  "H3N2 A/Perth/16/2009": {
    "H3N2 A/Shandong/9/1993": {
      "H3N2 A/Nanchang/933/1995": 1.0
    },
    "H3N2 A/Panama/2007/1999": {
      "H3N2 A/Sydney/5/1997": 1.0,
      "H3N2 A/Nanchang/933/1995": 0.23995010554790497,
      "H3N2 A/Wisconsin/67/2005": 0.1851823925971985
    },
    "H3N2 A/Sydney/5/1997": {
      "H3N2 A/Panama/2007/1999": 1.0,
      "H3N2 A/New York/55/2004": 0.13882414996623993,
      "H3N2 A/Nanchang/933/1995": 0.9185909628868103,
      "H3N2 A/Wisconsin/67/2005": 0.26132187247276306
    },
    "H3N2 A/Victoria/361/2011": {
      "H3N2 A/Panama/2007/1999": 0.12094319611787796,
      "H3N2 A/Uruguay/716/2007": 1.0,
      "H3N2 A/Wisconsin/67/2005": 0.8541410565376282
    },
    "H3N2 A/New York/55/2004": {
      "H3N2 A/Uruguay/716/2007": 1.0,
      "H3N2 A/Wisconsin/67/2005": 0.8514042496681213
    },
    "H3N2 A/Nanchang/933/1995": {
      "H3N2 A/Shandong/9/1993": 1.0,
      "H3N2 A/Sydney/5/1997": 0.379517138004303
    },
    "H3N2 A/Uruguay/716/2007": {
      "H3N2 A/Victoria/361/2011": 0.20008060336112976,
      "H3N2 A/New York/55/2004": 1.0,
      "H3N2 A/Wisconsin/67/2005": 0.5344195365905762
    },
    "H3N2 A/Wisconsin/67/2005": {
      "H3N2 A/Victoria/361/2011": 0.21414533257484436,
      "H3N2 A/New York/55/2004": 1.0,
      "H3N2 A/Uruguay/716/2007": 0.5902069211006165
    }
  },
  "H3N2 A/Sydney/5/1997": {
    "H3N2 A/Shandong/9/1993": {
      "H3N2 A/Nanchang/933/1995": 1.0
    },
    "H3N2 A/Panama/2007/1999": {
      "H3N2 A/Nanchang/933/1995": 1.0,
      "H3N2 A/Wisconsin/67/2005": 0.3877629339694977
    },
    "H3N2 A/Perth/16/2009": {
      "H3N2 A/New York/55/2004": 1.0,
      "H3N2 A/Uruguay/716/2007": 0.6561413407325745,
      "H3N2 A/Wisconsin/67/2005": 0.5200062990188599
    },
    "H3N2 A/Victoria/361/2011": {
      "H3N2 A/Shandong/9/1993": 0.13323459029197693,
      "H3N2 A/Panama/2007/1999": 0.11578454077243805,
      "H3N2 A/Uruguay/716/2007": 1.0,
      "H3N2 A/Wisconsin/67/2005": 0.7144952416419983
    },
    "H3N2 A/New York/55/2004": {
      "H3N2 A/Perth/16/2009": 1.0,
      "H3N2 A/Uruguay/716/2007": 0.7231019735336304,
      "H3N2 A/Wisconsin/67/2005": 0.7440226674079895
    },
    "H3N2 A/Nanchang/933/1995": {
      "H3N2 A/Shandong/9/1993": 1.0,
      "H3N2 A/Panama/2007/1999": 0.2500671446323395
    },
    "H3N2 A/Uruguay/716/2007": {
      "H3N2 A/Perth/16/2009": 0.8707566857337952,
      "H3N2 A/Victoria/361/2011": 0.2976267635822296,
      "H3N2 A/New York/55/2004": 1.0,
      "H3N2 A/Wisconsin/67/2005": 0.6284753680229187
    },
    "H3N2 A/Wisconsin/67/2005": {
      "H3N2 A/Panama/2007/1999": 0.15191830694675446,
      "H3N2 A/Perth/16/2009": 0.789585530757904,
      "H3N2 A/Victoria/361/2011": 0.2162436693906784,
      "H3N2 A/New York/55/2004": 1.0,
      "H3N2 A/Uruguay/716/2007": 0.5846354961395264
    }
  },
  "H3N2 A/Victoria/361/2011": {
    "H3N2 A/Shandong/9/1993": {
      "H3N2 A/Nanchang/933/1995": 1.0
    },
    "H3N2 A/Panama/2007/1999": {
      "H3N2 A/Sydney/5/1997": 1.0,
      "H3N2 A/Nanchang/933/1995": 0.23090599477291107,
      "H3N2 A/Wisconsin/67/2005": 0.1922779679298401
    },
    "H3N2 A/Perth/16/2009": {
      "H3N2 A/New York/55/2004": 1.0,
      "H3N2 A/Uruguay/716/2007": 0.633834719657898,
      "H3N2 A/Wisconsin/67/2005": 0.5454185605049133
    },
    "H3N2 A/Sydney/5/1997": {
      "H3N2 A/Panama/2007/1999": 1.0,
      "H3N2 A/New York/55/2004": 0.14223450422286987,
      "H3N2 A/Nanchang/933/1995": 0.9181819558143616,
      "H3N2 A/Wisconsin/67/2005": 0.27734091877937317
    },
    "H3N2 A/New York/55/2004": {
      "H3N2 A/Perth/16/2009": 1.0,
      "H3N2 A/Uruguay/716/2007": 0.6567373275756836,
      "H3N2 A/Wisconsin/67/2005": 0.6661531925201416
    },
    "H3N2 A/Nanchang/933/1995": {
      "H3N2 A/Shandong/9/1993": 1.0,
      "H3N2 A/Sydney/5/1997": 0.3916833996772766
    },
    "H3N2 A/Uruguay/716/2007": {
      "H3N2 A/Perth/16/2009": 0.914253294467926,
      "H3N2 A/New York/55/2004": 1.0,
      "H3N2 A/Wisconsin/67/2005": 0.7197993397712708
    },
    "H3N2 A/Wisconsin/67/2005": {
      "H3N2 A/Panama/2007/1999": 0.13042552769184113,
      "H3N2 A/Perth/16/2009": 0.9219366908073425,
      "H3N2 A/Sydney/5/1997": 0.17088787257671356,
      "H3N2 A/New York/55/2004": 1.0,
      "H3N2 A/Uruguay/716/2007": 0.7220309972763062
    }
  },
  "H3N2 A/New York/55/2004": {
    "H3N2 A/Shandong/9/1993": {
      "H3N2 A/Nanchang/933/1995": 1.0
    },
    "H3N2 A/Panama/2007/1999": {
      "H3N2 A/Sydney/5/1997": 1.0,
      "H3N2 A/Nanchang/933/1995": 0.22690102458000183,
      "H3N2 A/Wisconsin/67/2005": 0.15638872981071472
    },
    "H3N2 A/Perth/16/2009": {
      "H3N2 A/Uruguay/716/2007": 1.0,
      "H3N2 A/Wisconsin/67/2005": 0.7007399797439575
    },
    "H3N2 A/Sydney/5/1997": {
      "H3N2 A/Panama/2007/1999": 1.0,
      "H3N2 A/Nanchang/933/1995": 0.88275545835495,