{
  "H3N2 A/Perth/16/2009": {
    "H3N2 A/Beijing/32/1992": {
      "H3N2 A/Wuhan/359/1995": 1.0
    },
    "H3N2 A/Panama/2007/1999": {
      "H3N2 A/Sydney/5/1997": 1.0,
      "H3N2 A/California/7/2004": 0.3260703682899475,
      "H3N2 A/Fujian/411/2002": 0.7530379891395569,
      "H3N2 A/Wuhan/359/1995": 0.6385300755500793
    },
    "H3N2 A/Sydney/5/1997": {
      "H3N2 A/Panama/2007/1999": 0.37843912839889526,
      "H3N2 A/Fujian/411/2002": 0.7386760711669922,
      "H3N2 A/Wuhan/359/1995": 1.0
    },
    "H3N2 A/California/7/2004": {
      "H3N2 A/Brisbane/10/2007": 0.24226488173007965,
      "H3N2 A/Fujian/411/2002": 0.27563223242759705,
      "H3N2 A/Wisconsin/67/2005": 1.0
    },
    "H3N2 A/Brisbane/10/2007": {
      "H3N2 A/California/7/2004": 1.0,
      "H3N2 A/Fujian/411/2002": 0.7909783720970154,
      "H3N2 A/Wisconsin/67/2005": 0.8132117390632629
    },
    "H3N2 A/Fujian/411/2002": {
      "H3N2 A/Panama/2007/1999": 0.45599210262298584,
      "H3N2 A/Sydney/5/1997": 1.0,
      "H3N2 A/California/7/2004": 0.5482945442199707,
      "H3N2 A/Brisbane/10/2007": 0.34399837255477905,
      "H3N2 A/Wisconsin/67/2005": 0.6080459356307983
    },
    "H3N2 A/Wuhan/359/1995": {
      "H3N2 A/Beijing/32/1992": 1.0,
      "H3N2 A/Panama/2007/1999": 0.12156157940626144,
      "H3N2 A/Sydney/5/1997": 0.7401720285415649
    },
    "H3N2 A/Wisconsin/67/2005": {
      "H3N2 A/California/7/2004": 1.0,
      "H3N2 A/Brisbane/10/2007": 0.18837933242321014,
      "H3N2 A/Fujian/411/2002": 0.30041560530662537
    }
  },
  "H3N2 A/Beijing/32/1992": {
    "H3N2 A/Perth/16/2009": {
      "H3N2 A/California/7/2004": 0.3222130537033081,
      "H3N2 A/Brisbane/10/2007": 0.11138872802257538,
      "H3N2 A/Fujian/411/2002": 0.1425662636756897,
      "H3N2 A/Wisconsin/67/2005": 1.0
    },
    "H3N2 A/Panama/2007/1999": {
      "H3N2 A/Sydney/5/1997": 1.0,
      "H3N2 A/California/7/2004": 0.3284747004508972,
      "H3N2 A/Fujian/411/2002": 0.7784561514854431,
      "H3N2 A/Wuhan/359/1995": 0.6811569333076477
    },
    "H3N2 A/Sydney/5/1997": {
      "H3N2 A/Panama/2007/1999": 0.3012143075466156,
      "H3N2 A/Fujian/411/2002": 0.6906939148902893,
      "H3N2 A/Wuhan/359/1995": 1.0
    },
    "H3N2 A/California/7/2004": {
      "H3N2 A/Perth/16/2009": 0.28217238187789917,
      "H3N2 A/Brisbane/10/2007": 0.22406640648841858,
      "H3N2 A/Fujian/411/2002": 0.23338599503040314,
      "H3N2 A/Wisconsin/67/2005": 1.0
    },
    "H3N2 A/Brisbane/10/2007": {
      "H3N2 A/Perth/16/2009": 0.3736198842525482,
      "H3N2 A/California/7/2004": 1.0,
      "H3N2 A/Fujian/411/2002": 0.7809572219848633,
      "H3N2 A/Wisconsin/67/2005": 0.6532819867134094
    },
    "H3N2 A/Fujian/411/2002": {
      "H3N2 A/Perth/16/2009": 0.1650616079568863,
      "H3N2 A/Panama/2007/1999": 0.36256617307662964,
      "H3N2 A/Sydney/5/1997": 1.0,
      "H3N2 A/California/7/2004": 0.38964807987213135,
      "H3N2 A/Brisbane/10/2007": 0.19650916755199432,
      "H3N2 A/Wisconsin/67/2005": 0.31824010610580444
    },
    "H3N2 A/Wuhan/359/1995": {
      "H3N2 A/Panama/2007/1999": 0.16084358096122742,
      "H3N2 A/Sydney/5/1997": 1.0
    },
    "H3N2 A/Wisconsin/67/2005": {
      "H3N2 A/Perth/16/2009": 0.7783697843551636,
      "H3N2 A/California/7/2004": 1.0,
      "H3N2 A/Brisbane/10/2007": 0.12690949440002441,
      "H3N2 A/Fujian/411/2002": 0.1869787573814392
    }
  },
  "H3N2 A/Panama/2007/1999": {
    "H3N2 A/Perth/16/2009": {
      "H3N2 A/California/7/2004": 0.3558187782764435,
      "H3N2 A/Brisbane/10/2007": 0.13713015615940094,
      "H3N2 A/Fujian/411/2002": 0.17256225645542145,
      "H3N2 A/Wisconsin/67/2005": 1.0
    },
    "H3N2 A/Beijing/32/1992": {
      "H3N2 A/Wuhan/359/1995": 1.0
    },
    "H3N2 A/Sydney/5/1997": {
      "H3N2 A/Fujian/411/2002": 0.8064643144607544,
      "H3N2 A/Wuhan/359/1995": 1.0
    },
    "H3N2 A/California/7/2004": {
      "H3N2 A/Perth/16/2009": 0.3418758809566498,
      "H3N2 A/Brisbane/10/2007": 0.2796265184879303,
      "H3N2 A/Fujian/411/2002": 0.3303498923778534,
      "H3N2 A/Wisconsin/67/2005": 1.0
    },
    "H3N2 A/Brisbane/10/2007": {
      "H3N2 A/Perth/16/2009": 0.3912067711353302,
      "H3N2 A/California/7/2004": 1.0,
      "H3N2 A/Fujian/411/2002": 0.7064918875694275,
      "H3N2 A/Wisconsin/67/2005": 0.612700879573822
    },
    "H3N2 A/Fujian/411/2002": {
      "H3N2 A/Perth/16/2009": 0.11740045994520187,
      "H3N2 A/Sydney/5/1997": 1.0,
      "H3N2 A/California/7/2004": 0.31120434403419495,
      "H3N2 A/Brisbane/10/2007": 0.17282868921756744,
      "H3N2 A/Wisconsin/67/2005": 0.22753183543682098
    },
    "H3N2 A/Wuhan/359/1995": {
      "H3N2 A/Beijing/32/1992": 1.0,
      "H3N2 A/Sydney/5/1997": 0.9282544851303101
    },
    "H3N2 A/Wisconsin/67/2005": {
      "H3N2 A/Perth/16/2009": 0.7864953875541687,
      "H3N2 A/California/7/2004": 1.0,
      "H3N2 A/Brisbane/10/2007": 0.1556580662727356,
      "H3N2 A/Fujian/411/2002": 0.2388067990541458
    }
  },
  "H3N2 A/Sydney/5/1997": {
    "H3N2 A/Perth/16/2009": {
      "H3N2 A/California/7/2004": 0.33135122060775757,
      "H3N2 A/Brisbane/10/2007": 0.14533963799476624,
      "H3N2 A/Fujian/411/2002": 0.1470133513212204,
      "H3N2 A/Wisconsin/67/2005": 1.0
    },
    "H3N2 A/Beijing/32/1992": {
      "H3N2 A/Wuhan/359/1995": 1.0
    },
    "H3N2 A/Panama/2007/1999": {
      "H3N2 A/California/7/2004": 0.3341909945011139,
      "H3N2 A/Fujian/411/2002": 1.0,
      "H3N2 A/Wuhan/359/1995": 0.9344431161880493
    },
    "H3N2 A/California/7/2004": {
      "H3N2 A/Perth/16/2009": 0.305716872215271,
      "H3N2 A/Panama/2007/1999": 0.15475979447364807,
      "H3N2 A/Brisbane/10/2007": 0.2855219542980194,
      "H3N2 A/Fujian/411/2002": 0.3179069459438324,
      "H3N2 A/Wisconsin/67/2005": 1.0
    },
    "H3N2 A/Brisbane/10/2007": {
      "H3N2 A/Perth/16/2009": 0.3649166524410248,
      "H3N2 A/California/7/2004": 1.0,
      "H3N2 A/Fujian/411/2002": 0.7718143463134766,
      "H3N2 A/Wisconsin/67/2005": 0.5950134992599487
    },
    "H3N2 A/Fujian/411/2002": {
      "H3N2 A/Perth/16/2009": 0.21084801852703094,
      "H3N2 A/Panama/2007/1999": 1.0,
      "H3N2 A/California/7/2004": 0.5903476476669312,
      "H3N2 A/Brisbane/10/2007": 0.3601352274417877,
      "H3N2 A/Wisconsin/67/2005": 0.49930739402770996
    },
    "H3N2 A/Wuhan/359/1995": {
      "H3N2 A/Beijing/32/1992": 1.0,
      "H3N2 A/Panama/2007/1999": 0.25122731924057007
    },
    "H3N2 A/Wisconsin/67/2005": {
      "H3N2 A/Perth/16/2009": 0.802482545375824,
      "H3N2 A/California/7/2004": 1.0,
      "H3N2 A/Brisbane/10/2007": 0.14847654104232788,
      "H3N2 A/Fujian/411/2002": 0.2397533506155014
    }
  },
  "H3N2 A/California/7/2004": {
    "H3N2 A/Perth/16/2009": {
      "H3N2 A/Brisbane/10/2007": 0.15378955006599426,
      "H3N2 A/Fujian/411/2002": 0.19635233283042908,
      "H3N2 A/Wisconsin/67/2005": 1.0
    },
    "H3N2 A/Beijing/32/1992": {
      "H3N2 A/Wuhan/359/1995": 1.0
    },
    "H3N2 A/Panama/2007/1999": {
      "H3N2 A/Sydney/5/1997": 1.0,
      "H3N2 A/Fujian/411/2002": 0.8024621605873108,
      "H3N2 A/Wuhan/359/1995": 0.5532390475273132,
      "H3N2 A/Wisconsin/67/2005": 0.12341926991939545
    },
    "H3N2 A/Sydney/5/1997": {
      "H3N2 A/Panama/2007/1999": 0.43763330578804016,
      "H3N2 A/Fujian/411/2002": 0.8382079005241394,
      "H3N2 A/Wuhan/359/1995": 1.0
    },
    "H3N2 A/Brisbane/10/2007": {
      "H3N2 A/Perth/16/2009": 0.5261422991752625,
      "H3N2 A/Fujian/411/2002": 0.9732993245124817,
      "H3N2 A/Wisconsin/67/2005": 1.0
    },
    "H3N2 A/Fujian/411/2002": {
      "H3N2 A/Perth/16/2009": 0.283344566822052,
      "H3N2 A/Panama/2007/1999": 0.43062350153923035,
      "H3N2 A/Sydney/5/1997": 1.0,
      "H3N2 A/Brisbane/10/2007": 0.3426797688007355,
      "H3N2 A/Wisconsin/67/2005": 0.5890567898750305
    },
    "H3N2 A/Wuhan/359/1995": {
      "H3N2 A/Beijing/32/1992": 1.0,
      "H3N2 A/Panama/2007/1999": 0.11449757218360901,