{
  "H3N2 A/Shandong/9/1993": {
    "H3N2 A/Panama/2007/1999": {
      "H3N2 A/Sydney/5/1997": 1.0,
      "H3N2 A/Nanchang/933/1995": 0.25908395648002625,
      "H3N2 A/Wisconsin/67/2005": 0.15674911439418793
    },
    "H3N2 A/Perth/16/2009": {
      "H3N2 A/New York/55/2004": 1.0,
      "H3N2 A/Uruguay/716/2007": 0.6338155269622803,
      "H3N2 A/Wisconsin/67/2005": 0.5351918935775757
    },
    "H3N2 A/Sydney/5/1997": {
      "H3N2 A/Panama/2007/1999": 0.8461381196975708,
      "H3N2 A/New York/55/2004": 0.14051052927970886,
      "H3N2 A/Nanchang/933/1995": 1.0,
      "H3N2 A/Wisconsin/67/2005": 0.19434936344623566
    },
    "H3N2 A/Victoria/361/2011": {
      "H3N2 A/Panama/2007/1999": 0.1411362886428833,
      "H3N2 A/Uruguay/716/2007": 1.0,
      "H3N2 A/Wisconsin/67/2005": 0.8219270706176758
    },
    "H3N2 A/New York/55/2004": {
      "H3N2 A/Perth/16/2009": 1.0,
      "H3N2 A/Uruguay/716/2007": 0.766694188117981,
      "H3N2 A/Wisconsin/67/2005": 0.6694627404212952
    },
    "H3N2 A/Nanchang/933/1995": {
      "H3N2 A/Panama/2007/1999": 0.231855109333992,
      "H3N2 A/Sydney/5/1997": 1.0
    },
    "H3N2 A/Uruguay/716/2007": {
      "H3N2 A/Perth/16/2009": 0.8475784659385681,
      "H3N2 A/Victoria/361/2011": 0.2737186849117279,
      "H3N2 A/New York/55/2004": 1.0,
      "H3N2 A/Wisconsin/67/2005": 0.561211109161377
    },
    "H3N2 A/Wisconsin/67/2005": {
      "H3N2 A/Perth/16/2009": 0.9848198890686035,
      "H3N2 A/Sydney/5/1997": 0.19671830534934998,
      "H3N2 A/Victoria/361/2011": 0.2620299458503723,
      "H3N2 A/New York/55/2004": 1.0,
      "H3N2 A/Uruguay/716/2007": 0.6805180311203003
    }
  },
  "H3N2 A/Panama/2007/1999": {
    "H3N2 A/Shandong/9/1993": {
      "H3N2 A/Nanchang/933/1995": 1.0
    },
    "H3N2 A/Perth/16/2009": {
      "H3N2 A/New York/55/2004": 1.0,
      "H3N2 A/Uruguay/716/2007": 0.5634912252426147,
      "H3N2 A/Wisconsin/67/2005": 0.5062596201896667
    },
    "H3N2 A/Sydney/5/1997": {
      "H3N2 A/New York/55/2004": 0.14374302327632904,
      "H3N2 A/Nanchang/933/1995": 1.0,
      "H3N2 A/Wisconsin/67/2005": 0.24691542983055115
    },
    "H3N2 A/Victoria/361/2011": {
      "H3N2 A/Uruguay/716/2007": 1.0,
      "H3N2 A/Wisconsin/67/2005": 0.6826179027557373
    },
    "H3N2 A/New York/55/2004": {
      "H3N2 A/Perth/16/2009": 1.0,
      "H3N2 A/Uruguay/716/2007": 0.6429926156997681,
      "H3N2 A/Wisconsin/67/2005": 0.5891924500465393
    },
    "H3N2 A/Nanchang/933/1995": {
      "H3N2 A/Shandong/9/1993": 1.0,
      "H3N2 A/Sydney/5/1997": 0.6053749322891235
    },
    "H3N2 A/Uruguay/716/2007": {
      "H3N2 A/Perth/16/2009": 0.865025520324707,
      "H3N2 A/Victoria/361/2011": 0.4101267158985138,
      "H3N2 A/New York/55/2004": 1.0,
      "H3N2 A/Wisconsin/67/2005": 0.6825608015060425
    },
    "H3N2 A/Wisconsin/67/2005": {
      "H3N2 A/Perth/16/2009": 0.9510120153427124,
      "H3N2 A/Sydney/5/1997": 0.3495238125324249,
      "H3N2 A/Victoria/361/2011": 0.321846604347229,
      "H3N2 A/New York/55/2004": 1.0,
      "H3N2 A/Uruguay/716/2007": 0.7100437879562378
    }
  },
  "H3N2 A/Perth/16/2009": {
    "H3N2 A/Shandong/9/1993": {
      "H3N2 A/Nanchang/933/1995": 1.0
    },
    "H3N2 A/Panama/2007/1999": {
      "H3N2 A/Sydney/5/1997": 1.0,
      "H3N2 A/Nanchang/933/1995": 0.23994213342666626,
      "H3N2 A/Wisconsin/67/2005": 0.1851772964000702
    },
    "H3N2 A/Sydney/5/1997": {
      "H3N2 A/Panama/2007/1999": 1.0,
      "H3N2 A/New York/55/2004": 0.13882343471050262,
      "H3N2 A/Nanchang/933/1995": 0.9185699224472046,
      "H3N2 A/Wisconsin/67/2005": 0.26131486892700195
    },
    "H3N2 A/Victoria/361/2011": {
      "H3N2 A/Panama/2007/1999": 0.12093881517648697,
      "H3N2 A/Uruguay/716/2007": 1.0,
      "H3N2 A/Wisconsin/67/2005": 0.8541387319564819
    },
    "H3N2 A/New York/55/2004": {
      "H3N2 A/Uruguay/716/2007": 1.0,
      "H3N2 A/Wisconsin/67/2005": 0.8514034748077393
    },
    "H3N2 A/Nanchang/933/1995": {
      "H3N2 A/Shandong/9/1993": 1.0,
      "H3N2 A/Sydney/5/1997": 0.3795155882835388
    },
    "H3N2 A/Uruguay/716/2007": {
      "H3N2 A/Victoria/361/2011": 0.2000778764486313,
      "H3N2 A/New York/55/2004": 1.0,
      "H3N2 A/Wisconsin/67/2005": 0.534402072429657
    },
    "H3N2 A/Wisconsin/67/2005": {
      "H3N2 A/Victoria/361/2011": 0.21414369344711304,
      "H3N2 A/New York/55/2004": 1.0,
      "H3N2 A/Uruguay/716/2007": 0.5902076959609985
    }
  },
  "H3N2 A/Sydney/5/1997": {
    "H3N2 A/Shandong/9/1993": {
      "H3N2 A/Nanchang/933/1995": 1.0
    },
    "H3N2 A/Panama/2007/1999": {
      "H3N2 A/Nanchang/933/1995": 1.0,
      "H3N2 A/Wisconsin/67/2005": 0.3877561390399933
    },
    "H3N2 A/Perth/16/2009": {
      "H3N2 A/New York/55/2004": 1.0,
      "H3N2 A/Uruguay/716/2007": 0.6561388969421387,
      "H3N2 A/Wisconsin/67/2005": 0.5200109481811523
    },
    "H3N2 A/Victoria/361/2011": {
      "H3N2 A/Shandong/9/1993": 0.13323140144348145,
      "H3N2 A/Panama/2007/1999": 0.11577939242124557,
      "H3N2 A/Uruguay/716/2007": 1.0,
      "H3N2 A/Wisconsin/67/2005": 0.7144539952278137
    },
    "H3N2 A/New York/55/2004": {
      "H3N2 A/Perth/16/2009": 1.0,
      "H3N2 A/Uruguay/716/2007": 0.7231053113937378,
      "H3N2 A/Wisconsin/67/2005": 0.7440188527107239
    },
    "H3N2 A/Nanchang/933/1995": {
      "H3N2 A/Shandong/9/1993": 1.0,
      "H3N2 A/Panama/2007/1999": 0.25005894899368286
    },
    "H3N2 A/Uruguay/716/2007": {
      "H3N2 A/Perth/16/2009": 0.8707720041275024,
      "H3N2 A/Victoria/361/2011": 0.29763227701187134,
      "H3N2 A/New York/55/2004": 1.0,
      "H3N2 A/Wisconsin/67/2005": 0.6284741163253784
    },
    "H3N2 A/Wisconsin/67/2005": {
      "H3N2 A/Panama/2007/1999": 0.15191586315631866,
      "H3N2 A/Perth/16/2009": 0.7895854711532593,
      "H3N2 A/Victoria/361/2011": 0.21623949706554413,
      "H3N2 A/New York/55/2004": 1.0,
      "H3N2 A/Uruguay/716/2007": 0.5846260786056519
    }
  },
  "H3N2 A/Victoria/361/2011": {
    "H3N2 A/Shandong/9/1993": {
      "H3N2 A/Nanchang/933/1995": 1.0
    },
    "H3N2 A/Panama/2007/1999": {
      "H3N2 A/Sydney/5/1997": 1.0,
      "H3N2 A/Nanchang/933/1995": 0.23090770840644836,
      "H3N2 A/Wisconsin/67/2005": 0.19227784872055054
    },
    "H3N2 A/Perth/16/2009": {
      "H3N2 A/New York/55/2004": 1.0,
      "H3N2 A/Uruguay/716/2007": 0.6338374018669128,
      "H3N2 A/Wisconsin/67/2005": 0.5454287528991699
    },
    "H3N2 A/Sydney/5/1997": {
      "H3N2 A/Panama/2007/1999": 1.0,
      "H3N2 A/New York/55/2004": 0.14223304390907288,
      "H3N2 A/Nanchang/933/1995": 0.9181667566299438,
      "H3N2 A/Wisconsin/67/2005": 0.2773439288139343
    },
    "H3N2 A/New York/55/2004": {
      "H3N2 A/Perth/16/2009": 1.0,
      "H3N2 A/Uruguay/716/2007": 0.6567479968070984,
      "H3N2 A/Wisconsin/67/2005": 0.6661575436592102
    },
    "H3N2 A/Nanchang/933/1995": {
      "H3N2 A/Shandong/9/1993": 1.0,
      "H3N2 A/Sydney/5/1997": 0.3916841447353363
    },
    "H3N2 A/Uruguay/716/2007": {
      "H3N2 A/Perth/16/2009": 0.9142624139785767,
      "H3N2 A/New York/55/2004": 1.0,
      "H3N2 A/Wisconsin/67/2005": 0.7197809219360352
    },
    "H3N2 A/Wisconsin/67/2005": {
      "H3N2 A/Panama/2007/1999": 0.1304224729537964,
      "H3N2 A/Perth/16/2009": 0.9219262599945068,
      "H3N2 A/Sydney/5/1997": 0.1708848774433136,
      "H3N2 A/New York/55/2004": 1.0,
      "H3N2 A/Uruguay/716/2007": 0.722027599811554
    }
  },
  "H3N2 A/New York/55/2004": {
    "H3N2 A/Shandong/9/1993": {
      "H3N2 A/Nanchang/933/1995": 1.0
    },
    "H3N2 A/Panama/2007/1999": {
      "H3N2 A/Sydney/5/1997": 1.0,
      "H3N2 A/Nanchang/933/1995": 0.22691427171230316,
      "H3N2 A/Wisconsin/67/2005": 0.1563914269208908
    },
    "H3N2 A/Perth/16/2009": {
      "H3N2 A/Uruguay/716/2007": 1.0,
      "H3N2 A/Wisconsin/67/2005": 0.700747013092041
    },
    "H3N2 A/Sydney/5/1997": {
      "H3N2 A/Panama/2007/1999": 1.0,
      "H3N2 A/Nanchang/933/1995": 0.8827973008155823,