{
  "H3N2 A/Perth/16/2009": {
    "H3N2 A/Beijing/32/1992": {
      "H3N2 A/Wuhan/359/1995": 1.0
    },
    "H3N2 A/Panama/2007/1999": {
      "H3N2 A/Sydney/5/1997": 1.0,
      "H3N2 A/California/7/2004": 0.32608762383461,
      "H3N2 A/Fujian/411/2002": 0.7530326247215271,
      "H3N2 A/Wuhan/359/1995": 0.6385282278060913
    },
    "H3N2 A/Sydney/5/1997": {
      "H3N2 A/Panama/2007/1999": 0.37845271825790405,
      "H3N2 A/Fujian/411/2002": 0.7386921644210815,
      "H3N2 A/Wuhan/359/1995": 1.0
    },
    "H3N2 A/California/7/2004": {
      "H3N2 A/Brisbane/10/2007": 0.24227018654346466,
      "H3N2 A/Fujian/411/2002": 0.27563712000846863,
      "H3N2 A/Wisconsin/67/2005": 1.0
    },
    "H3N2 A/Brisbane/10/2007": {
      "H3N2 A/California/7/2004": 1.0,
      "H3N2 A/Fujian/411/2002": 0.7909911870956421,
      "H3N2 A/Wisconsin/67/2005": 0.813212513923645
    },
    "H3N2 A/Fujian/411/2002": {
      "H3N2 A/Panama/2007/1999": 0.45598456263542175,
      "H3N2 A/Sydney/5/1997": 1.0,
      "H3N2 A/California/7/2004": 0.5482912063598633,
      "H3N2 A/Brisbane/10/2007": 0.34398865699768066,
      "H3N2 A/Wisconsin/67/2005": 0.6080324053764343
    },
    "H3N2 A/Wuhan/359/1995": {
      "H3N2 A/Beijing/32/1992": 1.0,
      "H3N2 A/Panama/2007/1999": 0.12156064063310623,
      "H3N2 A/Sydney/5/1997": 0.7401701211929321
    },
    "H3N2 A/Wisconsin/67/2005": {
      "H3N2 A/California/7/2004": 1.0,
      "H3N2 A/Brisbane/10/2007": 0.1883784681558609,
      "H3N2 A/Fujian/411/2002": 0.30041757225990295
    }
  },
  "H3N2 A/Beijing/32/1992": {
    "H3N2 A/Perth/16/2009": {
      "H3N2 A/California/7/2004": 0.3222113847732544,
      "H3N2 A/Brisbane/10/2007": 0.1113882064819336,
      "H3N2 A/Fujian/411/2002": 0.1425672173500061,
      "H3N2 A/Wisconsin/67/2005": 1.0
    },
    "H3N2 A/Panama/2007/1999": {
      "H3N2 A/Sydney/5/1997": 1.0,
      "H3N2 A/California/7/2004": 0.32847511768341064,
      "H3N2 A/Fujian/411/2002": 0.7784544825553894,
      "H3N2 A/Wuhan/359/1995": 0.6811578273773193
    },
    "H3N2 A/Sydney/5/1997": {
      "H3N2 A/Panama/2007/1999": 0.3012113869190216,
      "H3N2 A/Fujian/411/2002": 0.690689742565155,
      "H3N2 A/Wuhan/359/1995": 1.0
    },
    "H3N2 A/California/7/2004": {
      "H3N2 A/Perth/16/2009": 0.282173216342926,
      "H3N2 A/Brisbane/10/2007": 0.224064439535141,
      "H3N2 A/Fujian/411/2002": 0.23338420689105988,
      "H3N2 A/Wisconsin/67/2005": 1.0
    },
    "H3N2 A/Brisbane/10/2007": {
      "H3N2 A/Perth/16/2009": 0.3736165761947632,
      "H3N2 A/California/7/2004": 1.0,
      "H3N2 A/Fujian/411/2002": 0.7809432148933411,
      "H3N2 A/Wisconsin/67/2005": 0.6532701253890991
    },
    "H3N2 A/Fujian/411/2002": {
      "H3N2 A/Perth/16/2009": 0.16506150364875793,
      "H3N2 A/Panama/2007/1999": 0.3625658452510834,
      "H3N2 A/Sydney/5/1997": 1.0,
      "H3N2 A/California/7/2004": 0.3896469175815582,
      "H3N2 A/Brisbane/10/2007": 0.19651150703430176,
      "H3N2 A/Wisconsin/67/2005": 0.31824183464050293
    },
    "H3N2 A/Wuhan/359/1995": {
      "H3N2 A/Panama/2007/1999": 0.16084454953670502,
      "H3N2 A/Sydney/5/1997": 1.0
    },
    "H3N2 A/Wisconsin/67/2005": {
      "H3N2 A/Perth/16/2009": 0.778382420539856,
      "H3N2 A/California/7/2004": 1.0,
      "H3N2 A/Brisbane/10/2007": 0.1269114464521408,
      "H3N2 A/Fujian/411/2002": 0.18698349595069885
    }
  },
  "H3N2 A/Panama/2007/1999": {
    "H3N2 A/Perth/16/2009": {
      "H3N2 A/California/7/2004": 0.3558255434036255,
      "H3N2 A/Brisbane/10/2007": 0.137129008769989,
      "H3N2 A/Fujian/411/2002": 0.1725643277168274,
      "H3N2 A/Wisconsin/67/2005": 1.0
    },
    "H3N2 A/Beijing/32/1992": {
      "H3N2 A/Wuhan/359/1995": 1.0
    },
    "H3N2 A/Sydney/5/1997": {
      "H3N2 A/Fujian/411/2002": 0.8064711093902588,
      "H3N2 A/Wuhan/359/1995": 1.0
    },
    "H3N2 A/California/7/2004": {
      "H3N2 A/Perth/16/2009": 0.34188199043273926,
      "H3N2 A/Brisbane/10/2007": 0.27963465452194214,
      "H3N2 A/Fujian/411/2002": 0.33035215735435486,
      "H3N2 A/Wisconsin/67/2005": 1.0
    },
    "H3N2 A/Brisbane/10/2007": {
      "H3N2 A/Perth/16/2009": 0.3912041485309601,
      "H3N2 A/California/7/2004": 1.0,
      "H3N2 A/Fujian/411/2002": 0.7064986228942871,
      "H3N2 A/Wisconsin/67/2005": 0.612705647945404
    },
    "H3N2 A/Fujian/411/2002": {
      "H3N2 A/Perth/16/2009": 0.11740222573280334,
      "H3N2 A/Sydney/5/1997": 1.0,
      "H3N2 A/California/7/2004": 0.3112087845802307,
      "H3N2 A/Brisbane/10/2007": 0.1728268712759018,
      "H3N2 A/Wisconsin/67/2005": 0.22752901911735535
    },
    "H3N2 A/Wuhan/359/1995": {
      "H3N2 A/Beijing/32/1992": 1.0,
      "H3N2 A/Sydney/5/1997": 0.9282468557357788
    },
    "H3N2 A/Wisconsin/67/2005": {
      "H3N2 A/Perth/16/2009": 0.7865205407142639,
      "H3N2 A/California/7/2004": 1.0,
      "H3N2 A/Brisbane/10/2007": 0.15566174685955048,
      "H3N2 A/Fujian/411/2002": 0.23880942165851593
    }
  },
  "H3N2 A/Sydney/5/1997": {
    "H3N2 A/Perth/16/2009": {
      "H3N2 A/California/7/2004": 0.3313489854335785,
      "H3N2 A/Brisbane/10/2007": 0.1453385204076767,
      "H3N2 A/Fujian/411/2002": 0.1470126211643219,
      "H3N2 A/Wisconsin/67/2005": 1.0
    },
    "H3N2 A/Beijing/32/1992": {
      "H3N2 A/Wuhan/359/1995": 1.0
    },
    "H3N2 A/Panama/2007/1999": {
      "H3N2 A/California/7/2004": 0.3341953456401825,
      "H3N2 A/Fujian/411/2002": 1.0,
      "H3N2 A/Wuhan/359/1995": 0.9344538450241089
    },
    "H3N2 A/California/7/2004": {
      "H3N2 A/Perth/16/2009": 0.3057110011577606,
      "H3N2 A/Panama/2007/1999": 0.1547645479440689,
      "H3N2 A/Brisbane/10/2007": 0.28552111983299255,
      "H3N2 A/Fujian/411/2002": 0.31789976358413696,
      "H3N2 A/Wisconsin/67/2005": 1.0
    },
    "H3N2 A/Brisbane/10/2007": {
      "H3N2 A/Perth/16/2009": 0.3649085760116577,
      "H3N2 A/California/7/2004": 1.0,
      "H3N2 A/Fujian/411/2002": 0.7717781066894531,
      "H3N2 A/Wisconsin/67/2005": 0.5949894189834595
    },
    "H3N2 A/Fujian/411/2002": {
      "H3N2 A/Perth/16/2009": 0.2108498513698578,
      "H3N2 A/Panama/2007/1999": 1.0,
      "H3N2 A/California/7/2004": 0.5903613567352295,
      "H3N2 A/Brisbane/10/2007": 0.36013129353523254,
      "H3N2 A/Wisconsin/67/2005": 0.4993003308773041
    },
    "H3N2 A/Wuhan/359/1995": {
      "H3N2 A/Beijing/32/1992": 1.0,
      "H3N2 A/Panama/2007/1999": 0.25122666358947754
    },
    "H3N2 A/Wisconsin/67/2005": {
      "H3N2 A/Perth/16/2009": 0.8024889826774597,
      "H3N2 A/California/7/2004": 1.0,
      "H3N2 A/Brisbane/10/2007": 0.14847779273986816,
      "H3N2 A/Fujian/411/2002": 0.23975194990634918
    }
  },
  "H3N2 A/California/7/2004": {
    "H3N2 A/Perth/16/2009": {
      "H3N2 A/Brisbane/10/2007": 0.15378378331661224,
      "H3N2 A/Fujian/411/2002": 0.19634585082530975,
      "H3N2 A/Wisconsin/67/2005": 1.0
    },
    "H3N2 A/Beijing/32/1992": {
      "H3N2 A/Wuhan/359/1995": 1.0
    },
    "H3N2 A/Panama/2007/1999": {
      "H3N2 A/Sydney/5/1997": 1.0,
      "H3N2 A/Fujian/411/2002": 0.8024570941925049,
      "H3N2 A/Wuhan/359/1995": 0.5532678365707397,
      "H3N2 A/Wisconsin/67/2005": 0.12342454493045807
    },
    "H3N2 A/Sydney/5/1997": {
      "H3N2 A/Panama/2007/1999": 0.43762505054473877,
      "H3N2 A/Fujian/411/2002": 0.8382095694541931,
      "H3N2 A/Wuhan/359/1995": 1.0
    },
    "H3N2 A/Brisbane/10/2007": {
      "H3N2 A/Perth/16/2009": 0.5261374115943909,
      "H3N2 A/Fujian/411/2002": 0.973310649394989,
      "H3N2 A/Wisconsin/67/2005": 1.0
    },
    "H3N2 A/Fujian/411/2002": {
      "H3N2 A/Perth/16/2009": 0.28333163261413574,
      "H3N2 A/Panama/2007/1999": 0.4306068420410156,
      "H3N2 A/Sydney/5/1997": 1.0,
      "H3N2 A/Brisbane/10/2007": 0.3426610231399536,
      "H3N2 A/Wisconsin/67/2005": 0.58905428647995
    },
    "H3N2 A/Wuhan/359/1995": {
      "H3N2 A/Beijing/32/1992": 1.0,
      "H3N2 A/Panama/2007/1999": 0.11449768394231796,
      "H3N2 A/Sydney/5/1997": 0.7334023714065552
    },