{
  "H3N2 A/Beijing/32/1992": {
    "H3N2 A/Sydney/5/1997": {
      "H3N2 A/Wyoming/3/2003": 0.473054975271225,
      "H3N2 A/Wuhan/359/1995": 1.0
    },
    "H3N2 A/Wyoming/3/2003": {
      "H3N2 A/Sydney/5/1997": 0.8997581601142883,
      "H3N2 A/New York/55/2004": 1.0
    },
    "H3N2 A/New York/55/2004": {
      "H3N2 A/Wyoming/3/2003": 1.0
    },
    "H3N2 A/Wuhan/359/1995": {
      "H3N2 A/Sydney/5/1997": 1.0
    }
  },
  "H3N2 A/Sydney/5/1997": {
    "H3N2 A/Beijing/32/1992": {
      "H3N2 A/Wuhan/359/1995": 1.0
    },
    "H3N2 A/Wyoming/3/2003": {
      "H3N2 A/New York/55/2004": 1.0,
      "H3N2 A/Wuhan/359/1995": 0.5501419305801392
    },
    "H3N2 A/New York/55/2004": {
      "H3N2 A/Wyoming/3/2003": 1.0
    },
    "H3N2 A/Wuhan/359/1995": {
      "H3N2 A/Beijing/32/1992": 1.0,
      "H3N2 A/Wyoming/3/2003": 0.29359152913093567
    }
  },
  "H3N2 A/Wyoming/3/2003": {
    "H3N2 A/Beijing/32/1992": {
      "H3N2 A/Wuhan/359/1995": 1.0
    },
    "H3N2 A/Sydney/5/1997": {
      "H3N2 A/New York/55/2004": 0.16584309935569763,
      "H3N2 A/Wuhan/359/1995": 1.0
    },
    "H3N2 A/New York/55/2004": {
      "H3N2 A/Sydney/5/1997": 1.0
    },
    "H3N2 A/Wuhan/359/1995": {
      "H3N2 A/Beijing/32/1992": 0.7415778040885925,
      "H3N2 A/Sydney/5/1997": 1.0
    }
  },
  "H3N2 A/New York/55/2004": {
    "H3N2 A/Beijing/32/1992": {
      "H3N2 A/Wuhan/359/1995": 1.0
    },
    "H3N2 A/Sydney/5/1997": {
      "H3N2 A/Wyoming/3/2003": 0.5863341093063354,
      "H3N2 A/Wuhan/359/1995": 1.0
    },
    "H3N2 A/Wyoming/3/2003": {
      "H3N2 A/Sydney/5/1997": 1.0
    },
    "H3N2 A/Wuhan/359/1995": {
      "H3N2 A/Beijing/32/1992": 0.9669073820114136,
      "H3N2 A/Sydney/5/1997": 1.0
    }
  },
  "H3N2 A/Wuhan/359/1995": {
    "H3N2 A/Beijing/32/1992": {
      "H3N2 A/Sydney/5/1997": 1.0
    },
    "H3N2 A/Sydney/5/1997": {
      "H3N2 A/Beijing/32/1992": 0.36316758394241333,
      "H3N2 A/Wyoming/3/2003": 1.0
    },
    "H3N2 A/Wyoming/3/2003": {
      "H3N2 A/Sydney/5/1997": 1.0,
      "H3N2 A/New York/55/2004": 0.7617142796516418
    },
    "H3N2 A/New York/55/2004": {
      "H3N2 A/Wyoming/3/2003": 1.0
    }
  }
}