{
  "H3N2 A/Perth/16/2009": {
    "H3N2 A/Beijing/32/1992": {
      "H3N2 A/Wuhan/359/1995": 1.0
    },
    "H3N2 A/Victoria/500/2009": {
      "H3N2 A/California/7/2004": 1.0,
      "H3N2 A/Brisbane/10/2007": 0.8728724718093872,
      "H3N2 A/Fujian/411/2002": 0.3356074392795563
    },
    "H3N2 A/California/7/2004": {
      "H3N2 A/Victoria/500/2009": 0.5142809748649597,
      "H3N2 A/Brisbane/10/2007": 0.6575360298156738,
      "H3N2 A/Fujian/411/2002": 1.0
    },
    "H3N2 A/Fujian/140/2000": {
      "H3N2 A/California/7/2004": 0.12090224027633667,
      "H3N2 A/Fujian/411/2002": 0.5368137955665588,
      "H3N2 A/Victoria/507/1998": 1.0,
      "H3N2 A/Wuhan/359/1995": 0.9337742328643799
    },
    "H3N2 A/Brisbane/10/2007": {
      "H3N2 A/Victoria/500/2009": 0.7266296148300171,
      "H3N2 A/California/7/2004": 1.0,
      "H3N2 A/Fujian/411/2002": 0.5007104277610779
    },
    "H3N2 A/Fujian/411/2002": {
      "H3N2 A/Victoria/500/2009": 0.18591313064098358,
      "H3N2 A/California/7/2004": 1.0,
      "H3N2 A/Fujian/140/2000": 0.3232715427875519,
      "H3N2 A/Brisbane/10/2007": 0.2881489396095276,
      "H3N2 A/Victoria/507/1998": 0.5544576048851013
    },
    "H3N2 A/Victoria/507/1998": {
      "H3N2 A/Fujian/140/2000": 0.9641965627670288,
      "H3N2 A/Fujian/411/2002": 1.0,
      "H3N2 A/Wuhan/359/1995": 0.2526633143424988
    },
    "H3N2 A/Wuhan/359/1995": {
      "H3N2 A/Beijing/32/1992": 1.0,
      "H3N2 A/Fujian/140/2000": 0.18909116089344025,
      "H3N2 A/Victoria/507/1998": 0.10801263898611069
    }
  },
  "H3N2 A/Beijing/32/1992": {
    "H3N2 A/Perth/16/2009": {
      "H3N2 A/Victoria/500/2009": 0.44747018814086914,
      "H3N2 A/California/7/2004": 1.0,
      "H3N2 A/Brisbane/10/2007": 0.2533642053604126,
      "H3N2 A/Fujian/411/2002": 0.33539363741874695,
      "H3N2 A/Victoria/507/1998": 0.12431011348962784
    },
    "H3N2 A/Victoria/500/2009": {
      "H3N2 A/Perth/16/2009": 0.39441174268722534,
      "H3N2 A/California/7/2004": 1.0,
      "H3N2 A/Fujian/140/2000": 0.12127452343702316,
      "H3N2 A/Brisbane/10/2007": 0.9767166376113892,
      "H3N2 A/Fujian/411/2002": 0.27424633502960205
    },
    "H3N2 A/California/7/2004": {
      "H3N2 A/Perth/16/2009": 1.0,
      "H3N2 A/Victoria/500/2009": 0.5550195574760437,
      "H3N2 A/Brisbane/10/2007": 0.6572290062904358,
      "H3N2 A/Fujian/411/2002": 0.8916047215461731
    },
    "H3N2 A/Fujian/140/2000": {
      "H3N2 A/Fujian/411/2002": 0.41425764560699463,
      "H3N2 A/Victoria/507/1998": 0.9626036882400513,
      "H3N2 A/Wuhan/359/1995": 1.0
    },
    "H3N2 A/Brisbane/10/2007": {
      "H3N2 A/Perth/16/2009": 0.3374171853065491,
      "H3N2 A/Victoria/500/2009": 0.9300547242164612,
      "H3N2 A/California/7/2004": 1.0,
      "H3N2 A/Fujian/411/2002": 0.4335244596004486
    },
    "H3N2 A/Fujian/411/2002": {
      "H3N2 A/Perth/16/2009": 0.35148885846138,
      "H3N2 A/Victoria/500/2009": 0.1795082539319992,
      "H3N2 A/California/7/2004": 1.0,
      "H3N2 A/Fujian/140/2000": 0.30679330229759216,
      "H3N2 A/Brisbane/10/2007": 0.255487859249115,
      "H3N2 A/Victoria/507/1998": 0.6642802953720093
    },
    "H3N2 A/Victoria/507/1998": {
      "H3N2 A/Fujian/140/2000": 1.0,
      "H3N2 A/Fujian/411/2002": 0.9157459735870361,
      "H3N2 A/Wuhan/359/1995": 0.3847883939743042
    },
    "H3N2 A/Wuhan/359/1995": {
      "H3N2 A/Fujian/140/2000": 1.0,
      "H3N2 A/Victoria/507/1998": 0.827658474445343
    }
  },
  "H3N2 A/Victoria/500/2009": {
    "H3N2 A/Perth/16/2009": {
      "H3N2 A/California/7/2004": 1.0,
      "H3N2 A/Brisbane/10/2007": 0.318219929933548,
      "H3N2 A/Fujian/411/2002": 0.38724833726882935
    },
    "H3N2 A/Beijing/32/1992": {
      "H3N2 A/Wuhan/359/1995": 1.0
    },
    "H3N2 A/California/7/2004": {
      "H3N2 A/Perth/16/2009": 1.0,
      "H3N2 A/Brisbane/10/2007": 0.7447324991226196,
      "H3N2 A/Fujian/411/2002": 0.938206672668457
    },
    "H3N2 A/Fujian/140/2000": {
      "H3N2 A/Fujian/411/2002": 0.4545840322971344,
      "H3N2 A/Victoria/507/1998": 1.0,
      "H3N2 A/Wuhan/359/1995": 0.860883891582489
    },
    "H3N2 A/Brisbane/10/2007": {
      "H3N2 A/Perth/16/2009": 0.34263500571250916,
      "H3N2 A/California/7/2004": 1.0,
      "H3N2 A/Fujian/411/2002": 0.4995497465133667,
      "H3N2 A/Victoria/507/1998": 0.10280600935220718
    },
    "H3N2 A/Fujian/411/2002": {
      "H3N2 A/Perth/16/2009": 0.38957157731056213,
      "H3N2 A/California/7/2004": 1.0,
      "H3N2 A/Fujian/140/2000": 0.34711942076683044,
      "H3N2 A/Brisbane/10/2007": 0.3234124183654785,
      "H3N2 A/Victoria/507/1998": 0.6940298080444336
    },
    "H3N2 A/Victoria/507/1998": {
      "H3N2 A/Fujian/140/2000": 0.9497441053390503,
      "H3N2 A/Fujian/411/2002": 1.0,
      "H3N2 A/Wuhan/359/1995": 0.23804721236228943
    },
    "H3N2 A/Wuhan/359/1995": {
      "H3N2 A/Beijing/32/1992": 1.0,
      "H3N2 A/Fujian/140/2000": 0.19007927179336548,
      "H3N2 A/Victoria/507/1998": 0.10934627056121826
    }
  },
  "H3N2 A/California/7/2004": {
    "H3N2 A/Perth/16/2009": {
      "H3N2 A/Victoria/500/2009": 1.0,
      "H3N2 A/Fujian/140/2000": 0.19688643515110016,
      "H3N2 A/Brisbane/10/2007": 0.7783858776092529,
      "H3N2 A/Fujian/411/2002": 0.9836370348930359,
      "H3N2 A/Victoria/507/1998": 0.14545749127864838
    },
    "H3N2 A/Beijing/32/1992": {
      "H3N2 A/Wuhan/359/1995": 1.0
    },
    "H3N2 A/Victoria/500/2009": {
      "H3N2 A/Perth/16/2009": 0.5236437320709229,
      "H3N2 A/Beijing/32/1992": 0.1411186009645462,
      "H3N2 A/Brisbane/10/2007": 1.0,
      "H3N2 A/Fujian/411/2002": 0.37569674849510193
    },
    "H3N2 A/Fujian/140/2000": {
      "H3N2 A/Fujian/411/2002": 0.5494455695152283,
      "H3N2 A/Victoria/507/1998": 1.0,
      "H3N2 A/Wuhan/359/1995": 0.893520712852478
    },
    "H3N2 A/Brisbane/10/2007": {
      "H3N2 A/Perth/16/2009": 0.5283209085464478,
      "H3N2 A/Victoria/500/2009": 1.0,
      "H3N2 A/Fujian/411/2002": 0.7198869585990906,
      "H3N2 A/Victoria/507/1998": 0.11135367304086685
    },
    "H3N2 A/Fujian/411/2002": {
      "H3N2 A/Perth/16/2009": 0.8775694370269775,
      "H3N2 A/Victoria/500/2009": 0.38726291060447693,
      "H3N2 A/Fujian/140/2000": 0.6174889206886292,
      "H3N2 A/Brisbane/10/2007": 0.6550622582435608,
      "H3N2 A/Victoria/507/1998": 1.0
    },
    "H3N2 A/Victoria/507/1998": {
      "H3N2 A/Fujian/140/2000": 0.9033215045928955,
      "H3N2 A/Fujian/411/2002": 1.0,
      "H3N2 A/Wuhan/359/1995": 0.23223777115345
    },
    "H3N2 A/Wuhan/359/1995": {
      "H3N2 A/Beijing/32/1992": 1.0,
      "H3N2 A/Fujian/140/2000": 0.19176927208900452,
      "H3N2 A/Victoria/507/1998": 0.10818462073802948
    }
  },
  "H3N2 A/Fujian/140/2000": {
    "H3N2 A/Perth/16/2009": {
      "H3N2 A/Victoria/500/2009": 0.3809203803539276,
      "H3N2 A/California/7/2004": 1.0,
      "H3N2 A/Brisbane/10/2007": 0.2923482358455658,
      "H3N2 A/Fujian/411/2002": 0.42949509620666504
    },
    "H3N2 A/Beijing/32/1992": {
      "H3N2 A/Wuhan/359/1995": 1.0
    },
    "H3N2 A/Victoria/500/2009": {
      "H3N2 A/Perth/16/2009": 0.5419714450836182,
      "H3N2 A/Beijing/32/1992": 0.15502871572971344,
      "H3N2 A/California/7/2004": 0.8608555197715759,
      "H3N2 A/Brisbane/10/2007": 1.0,
      "H3N2 A/Fujian/411/2002": 0.19493433833122253
    },
    "H3N2 A/California/7/2004": {
      "H3N2 A/Perth/16/2009": 1.0,
      "H3N2 A/Victoria/500/2009": 0.40968868136405945,
      "H3N2 A/Brisbane/10/2007": 0.6138913631439209,
      "H3N2 A/Fujian/411/2002": 0.9503973722457886
    },
    "H3N2 A/Brisbane/10/2007": {
      "H3N2 A/Perth/16/2009": 0.40411776304244995,
      "H3N2 A/Victoria/500/2009": 0.7846717834472656,
      "H3N2 A/California/7/2004": 1.0,
      "H3N2 A/Fujian/411/2002": 0.47186279296875,
      "H3N2 A/Victoria/507/1998": 0.1399916112422943
    },
    "H3N2 A/Fujian/411/2002": {
      "H3N2 A/Perth/16/2009": 0.30822765827178955,
      "H3N2 A/California/7/2004": 0.9288998246192932,