{
  "H3N2 A/Beijing/32/1992": {
    "H3N2 A/Wyoming/3/2003": {
      "H3N2 A/Sydney/5/1997": 1.0,
      "H3N2 A/New York/55/2004": 0.7317996621131897
    },
    "H3N2 A/Sydney/5/1997": {
      "H3N2 A/Wyoming/3/2003": 1.0
    },
    "H3N2 A/New York/55/2004": {
      "H3N2 A/Wyoming/3/2003": 1.0
    }
  },
  "H3N2 A/Wyoming/3/2003": {
    "H3N2 A/Beijing/32/1992": {
      "H3N2 A/Sydney/5/1997": 0.8436359763145447,
      "H3N2 A/New York/55/2004": 1.0
    },
    "H3N2 A/Sydney/5/1997": {
      "H3N2 A/Beijing/32/1992": 0.10049328953027725,
      "H3N2 A/New York/55/2004": 1.0
    },
    "H3N2 A/New York/55/2004": {
      "H3N2 A/Sydney/5/1997": 1.0
    }
  },
  "H3N2 A/Sydney/5/1997": {
    "H3N2 A/Beijing/32/1992": {
      "H3N2 A/Wyoming/3/2003": 0.24956533312797546,
      "H3N2 A/New York/55/2004": 1.0
    },
    "H3N2 A/Wyoming/3/2003": {
      "H3N2 A/New York/55/2004": 1.0
    },
    "H3N2 A/New York/55/2004": {
      "H3N2 A/Wyoming/3/2003": 1.0
    }
  },
  "H3N2 A/New York/55/2004": {
    "H3N2 A/Beijing/32/1992": {
      "H3N2 A/Wyoming/3/2003": 0.2698034942150116,
      "H3N2 A/Sydney/5/1997": 1.0
    },
    "H3N2 A/Wyoming/3/2003": {
      "H3N2 A/Sydney/5/1997": 1.0
    },
    "H3N2 A/Sydney/5/1997": {
      "H3N2 A/Wyoming/3/2003": 1.0
    }
  }
}