{
  "H3N2 A/Brisbane/10/2007": {
    "H3N2 A/Fujian/411/2002": {
      "H3N2 A/Fujian/140/2000": 1.0,
      "H3N2 A/Victoria/500/2009": 0.21178218722343445
    },
    "H3N2 A/Fujian/140/2000": {
      "H3N2 A/Fujian/411/2002": 1.0
    },
    "H3N2 A/Victoria/500/2009": {
      "H3N2 A/Fujian/411/2002": 0.18694832921028137,
      "H3N2 A/Perth/16/2009": 1.0
    },
    "H3N2 A/Perth/16/2009": {
      "H3N2 A/Victoria/500/2009": 1.0
    }
  },
  "H3N2 A/Fujian/411/2002": {
    "H3N2 A/Brisbane/10/2007": {
      "H3N2 A/Victoria/500/2009": 1.0,
      "H3N2 A/Perth/16/2009": 0.22211940586566925
    },
    "H3N2 A/Fujian/140/2000": {
      "H3N2 A/Brisbane/10/2007": 1.0,
      "H3N2 A/Perth/16/2009": 0.28638869524002075
    },
    "H3N2 A/Victoria/500/2009": {
      "H3N2 A/Brisbane/10/2007": 1.0,
      "H3N2 A/Perth/16/2009": 0.6086270213127136
    },
    "H3N2 A/Perth/16/2009": {
      "H3N2 A/Brisbane/10/2007": 0.23461079597473145,
      "H3N2 A/Victoria/500/2009": 1.0
    }
  },
  "H3N2 A/Fujian/140/2000": {
    "H3N2 A/Brisbane/10/2007": {
      "H3N2 A/Fujian/411/2002": 0.23519191145896912,
      "H3N2 A/Victoria/500/2009": 1.0,
      "H3N2 A/Perth/16/2009": 0.3055253326892853
    },
    "H3N2 A/Fujian/411/2002": {
      "H3N2 A/Brisbane/10/2007": 1.0
    },
    "H3N2 A/Victoria/500/2009": {
      "H3N2 A/Brisbane/10/2007": 1.0,
      "H3N2 A/Perth/16/2009": 0.6286102533340454
    },
    "H3N2 A/Perth/16/2009": {
      "H3N2 A/Brisbane/10/2007": 0.30654892325401306,
      "H3N2 A/Victoria/500/2009": 1.0
    }
  },
  "H3N2 A/Victoria/500/2009": {
    "H3N2 A/Brisbane/10/2007": {
      "H3N2 A/Fujian/411/2002": 0.3062690794467926,
      "H3N2 A/Perth/16/2009": 1.0
    },
    "H3N2 A/Fujian/411/2002": {
      "H3N2 A/Brisbane/10/2007": 0.20537205040454865,
      "H3N2 A/Fujian/140/2000": 1.0
    },
    "H3N2 A/Fujian/140/2000": {
      "H3N2 A/Fujian/411/2002": 1.0
    },
    "H3N2 A/Perth/16/2009": {
      "H3N2 A/Brisbane/10/2007": 1.0
    }
  },
  "H3N2 A/Perth/16/2009": {
    "H3N2 A/Brisbane/10/2007": {
      "H3N2 A/Victoria/500/2009": 1.0
    },
    "H3N2 A/Fujian/411/2002": {
      "H3N2 A/Brisbane/10/2007": 0.1389976143836975,
      "H3N2 A/Fujian/140/2000": 1.0
    },
    "H3N2 A/Fujian/140/2000": {
      "H3N2 A/Fujian/411/2002": 1.0
    },
    "H3N2 A/Victoria/500/2009": {
      "H3N2 A/Brisbane/10/2007": 1.0
    }
  }
}