{
  "H3N2 A/Hanam/135/2008": {
    "H3N2 A/Tasmania/1/1997": {
      "H3N2 A/Panama/2007/1999": 0.2141643762588501,
      "H3N2 A/Christchurch/1/1996": 1.0
    },
    "H3N2 A/Hanam/53/2010": {
      "H3N2 A/New York/55/2004": 0.3105105459690094,
      "H3N2 A/Perth/16/2009": 1.0
    },
    "H3N2 A/New York/55/2004": {
      "H3N2 A/Hanam/53/2010": 0.2594294250011444,
      "H3N2 A/Panama/2007/1999": 1.0,
      "H3N2 A/Perth/16/2009": 0.47630298137664795
    },
    "H3N2 A/Panama/2007/1999": {
      "H3N2 A/Tasmania/1/1997": 0.42764830589294434,
      "H3N2 A/New York/55/2004": 1.0,
      "H3N2 A/Christchurch/1/1996": 0.33397236466407776
    },
    "H3N2 A/Christchurch/1/1996": {
      "H3N2 A/Tasmania/1/1997": 1.0,
      "H3N2 A/Panama/2007/1999": 0.2531164288520813
    },
    "H3N2 A/Perth/16/2009": {
      "H3N2 A/Hanam/53/2010": 1.0,
      "H3N2 A/New York/55/2004": 0.34533780813217163
    }
  },
  "H3N2 A/Tasmania/1/1997": {
    "H3N2 A/Hanam/135/2008": {
      "H3N2 A/Hanam/53/2010": 1.0,
      "H3N2 A/New York/55/2004": 0.1281992495059967
    },
    "H3N2 A/Hanam/53/2010": {
      "H3N2 A/Hanam/135/2008": 1.0,
      "H3N2 A/Perth/16/2009": 0.39410722255706787
    },
    "H3N2 A/New York/55/2004": {
      "H3N2 A/Hanam/135/2008": 0.362626850605011,
      "H3N2 A/Panama/2007/1999": 1.0,
      "H3N2 A/Perth/16/2009": 0.43155574798583984
    },
    "H3N2 A/Panama/2007/1999": {
      "H3N2 A/Hanam/135/2008": 0.1108933761715889,
      "H3N2 A/New York/55/2004": 0.9737959504127502,
      "H3N2 A/Christchurch/1/1996": 1.0
    },
    "H3N2 A/Christchurch/1/1996": {
      "H3N2 A/Hanam/135/2008": 0.10913500189781189,
      "H3N2 A/New York/55/2004": 0.14668352901935577,
      "H3N2 A/Panama/2007/1999": 1.0
    },
    "H3N2 A/Perth/16/2009": {
      "H3N2 A/Hanam/135/2008": 0.20788359642028809,
      "H3N2 A/Hanam/53/2010": 1.0,
      "H3N2 A/New York/55/2004": 0.36287403106689453
    }
  },
  "H3N2 A/Hanam/53/2010": {
    "H3N2 A/Hanam/135/2008": {
      "H3N2 A/Tasmania/1/1997": 0.11378229409456253,
      "H3N2 A/New York/55/2004": 0.7603399157524109,
      "H3N2 A/Panama/2007/1999": 0.10607511550188065,
      "H3N2 A/Perth/16/2009": 1.0
    },
    "H3N2 A/Tasmania/1/1997": {
      "H3N2 A/Panama/2007/1999": 0.24688208103179932,
      "H3N2 A/Christchurch/1/1996": 1.0
    },
    "H3N2 A/New York/55/2004": {
      "H3N2 A/Hanam/135/2008": 0.5003597140312195,
      "H3N2 A/Panama/2007/1999": 1.0,
      "H3N2 A/Christchurch/1/1996": 0.104868583381176,
      "H3N2 A/Perth/16/2009": 0.5001046657562256
    },
    "H3N2 A/Panama/2007/1999": {
      "H3N2 A/Hanam/135/2008": 0.11184334009885788,
      "H3N2 A/Tasmania/1/1997": 0.5359756350517273,
      "H3N2 A/New York/55/2004": 1.0,
      "H3N2 A/Christchurch/1/1996": 0.40838706493377686
    },
    "H3N2 A/Christchurch/1/1996": {
      "H3N2 A/Tasmania/1/1997": 1.0,
      "H3N2 A/New York/55/2004": 0.10758545249700546,
      "H3N2 A/Panama/2007/1999": 0.2575811743736267
    },
    "H3N2 A/Perth/16/2009": {
      "H3N2 A/Hanam/135/2008": 1.0,
      "H3N2 A/New York/55/2004": 0.5987134575843811
    }
  },
  "H3N2 A/New York/55/2004": {
    "H3N2 A/Hanam/135/2008": {
      "H3N2 A/Hanam/53/2010": 1.0,
      "H3N2 A/Panama/2007/1999": 0.10729006677865982,
      "H3N2 A/Perth/16/2009": 0.1204623132944107
    },
    "H3N2 A/Tasmania/1/1997": {
      "H3N2 A/Panama/2007/1999": 0.22414690256118774,
      "H3N2 A/Christchurch/1/1996": 1.0
    },
    "H3N2 A/Hanam/53/2010": {
      "H3N2 A/Hanam/135/2008": 1.0,
      "H3N2 A/Perth/16/2009": 0.36056581139564514
    },
    "H3N2 A/Panama/2007/1999": {
      "H3N2 A/Hanam/135/2008": 0.6227306127548218,
      "H3N2 A/Tasmania/1/1997": 0.8204851150512695,
      "H3N2 A/Christchurch/1/1996": 1.0,
      "H3N2 A/Perth/16/2009": 0.21951812505722046
    },
    "H3N2 A/Christchurch/1/1996": {
      "H3N2 A/Tasmania/1/1997": 1.0,
      "H3N2 A/Panama/2007/1999": 0.3882749378681183
    },
    "H3N2 A/Perth/16/2009": {
      "H3N2 A/Hanam/135/2008": 0.425747811794281,
      "H3N2 A/Hanam/53/2010": 1.0
    }
  },
  "H3N2 A/Panama/2007/1999": {
    "H3N2 A/Hanam/135/2008": {
      "H3N2 A/Hanam/53/2010": 1.0,
      "H3N2 A/New York/55/2004": 0.1873522400856018,
      "H3N2 A/Perth/16/2009": 0.10791899263858795
    },
    "H3N2 A/Tasmania/1/1997": {
      "H3N2 A/Christchurch/1/1996": 1.0
    },
    "H3N2 A/Hanam/53/2010": {
      "H3N2 A/Hanam/135/2008": 1.0,
      "H3N2 A/Perth/16/2009": 0.4072290360927582
    },
    "H3N2 A/New York/55/2004": {
      "H3N2 A/Hanam/135/2008": 1.0,
      "H3N2 A/Hanam/53/2010": 0.14665265381336212,
      "H3N2 A/Christchurch/1/1996": 0.6913231611251831,
      "H3N2 A/Perth/16/2009": 0.9256829023361206
    },
    "H3N2 A/Christchurch/1/1996": {
      "H3N2 A/Tasmania/1/1997": 1.0,
      "H3N2 A/New York/55/2004": 0.21526433527469635
    },
    "H3N2 A/Perth/16/2009": {
      "H3N2 A/Hanam/135/2008": 0.22521083056926727,
      "H3N2 A/Hanam/53/2010": 1.0,
      "H3N2 A/New York/55/2004": 0.37745773792266846
    }
  },
  "H3N2 A/Christchurch/1/1996": {
    "H3N2 A/Hanam/135/2008": {
      "H3N2 A/Hanam/53/2010": 1.0,
      "H3N2 A/New York/55/2004": 0.11149511486291885,
      "H3N2 A/Perth/16/2009": 0.10507423430681229
    },
    "H3N2 A/Tasmania/1/1997": {
      "H3N2 A/Hanam/135/2008": 0.13929343223571777,
      "H3N2 A/Panama/2007/1999": 1.0
    },
    "H3N2 A/Hanam/53/2010": {
      "H3N2 A/Hanam/135/2008": 1.0,
      "H3N2 A/Perth/16/2009": 0.41431769728660583
    },
    "H3N2 A/New York/55/2004": {
      "H3N2 A/Hanam/135/2008": 0.2418399453163147,
      "H3N2 A/Panama/2007/1999": 1.0,
      "H3N2 A/Perth/16/2009": 0.2968135178089142
    },
    "H3N2 A/Panama/2007/1999": {
      "H3N2 A/Tasmania/1/1997": 0.9433932304382324,
      "H3N2 A/New York/55/2004": 1.0
    },
    "H3N2 A/Perth/16/2009": {
      "H3N2 A/Hanam/135/2008": 0.2291000634431839,
      "H3N2 A/Hanam/53/2010": 1.0,
      "H3N2 A/New York/55/2004": 0.279598593711853
    }
  },
  "H3N2 A/Perth/16/2009": {
    "H3N2 A/Hanam/135/2008": {
      "H3N2 A/Hanam/53/2010": 1.0,
      "H3N2 A/New York/55/2004": 0.1305364966392517
    },
    "H3N2 A/Tasmania/1/1997": {
      "H3N2 A/Panama/2007/1999": 0.2516336143016815,
      "H3N2 A/Christchurch/1/1996": 1.0
    },
    "H3N2 A/Hanam/53/2010": {
      "H3N2 A/Hanam/135/2008": 1.0
    },
    "H3N2 A/New York/55/2004": {
      "H3N2 A/Hanam/135/2008": 0.5409361124038696,
      "H3N2 A/Hanam/53/2010": 0.2556682527065277,
      "H3N2 A/Panama/2007/1999": 1.0
    },
    "H3N2 A/Panama/2007/1999": {
      "H3N2 A/Hanam/135/2008": 0.144343763589859,
      "H3N2 A/Tasmania/1/1997": 0.505825936794281,
      "H3N2 A/New York/55/2004": 1.0,
      "H3N2 A/Christchurch/1/1996": 0.3882767856121063
    },
    "H3N2 A/Christchurch/1/1996": {
      "H3N2 A/Tasmania/1/1997": 1.0,
      "H3N2 A/Panama/2007/1999": 0.2650876045227051
    }
  }
}