{
  "H3N2 A/Brisbane/10/2007": {
    "H3N2 A/Beijing/32/1992": {
      "H3N2 A/Sydney/5/1997": 0.31414318084716797,
      "H3N2 A/Panama/2007/1999": 0.4316706657409668,
      "H3N2 A/Perth/16/2009": 1.0
    },
    "H3N2 A/Sydney/5/1997": {
      "H3N2 A/Panama/2007/1999": 1.0
    },
    "H3N2 A/Wisconsin/67/2005": {
      "H3N2 A/Panama/2007/1999": 0.33081868290901184,
      "H3N2 A/Perth/16/2009": 1.0
    },
    "H3N2 A/Panama/2007/1999": {
      "H3N2 A/Sydney/5/1997": 1.0,
      "H3N2 A/Wisconsin/67/2005": 0.21132895350456238
    },
    "H3N2 A/Perth/16/2009": {
      "H3N2 A/Wisconsin/67/2005": 1.0
    }
  },
  "H3N2 A/Beijing/32/1992": {
    "H3N2 A/Brisbane/10/2007": {
      "H3N2 A/Wisconsin/67/2005": 0.9215478301048279,
      "H3N2 A/Perth/16/2009": 1.0
    },
    "H3N2 A/Sydney/5/1997": {
      "H3N2 A/Panama/2007/1999": 1.0
    },
    "H3N2 A/Wisconsin/67/2005": {
      "H3N2 A/Brisbane/10/2007": 0.7882174253463745,
      "H3N2 A/Panama/2007/1999": 0.36642375588417053,
      "H3N2 A/Perth/16/2009": 1.0
    },
    "H3N2 A/Panama/2007/1999": {
      "H3N2 A/Sydney/5/1997": 1.0,
      "H3N2 A/Wisconsin/67/2005": 0.12756112217903137
    },
    "H3N2 A/Perth/16/2009": {
      "H3N2 A/Brisbane/10/2007": 0.6774829626083374,
      "H3N2 A/Wisconsin/67/2005": 1.0
    }
  },
  "H3N2 A/Sydney/5/1997": {
    "H3N2 A/Brisbane/10/2007": {
      "H3N2 A/Beijing/32/1992": 0.18714037537574768,
      "H3N2 A/Wisconsin/67/2005": 1.0,
      "H3N2 A/Panama/2007/1999": 0.23673994839191437,
      "H3N2 A/Perth/16/2009": 0.8245227336883545
    },
    "H3N2 A/Beijing/32/1992": {
      "H3N2 A/Brisbane/10/2007": 0.6739048361778259,
      "H3N2 A/Panama/2007/1999": 1.0,
      "H3N2 A/Perth/16/2009": 0.549889087677002
    },
    "H3N2 A/Wisconsin/67/2005": {
      "H3N2 A/Brisbane/10/2007": 0.6948836445808411,
      "H3N2 A/Panama/2007/1999": 0.4286647439002991,
      "H3N2 A/Perth/16/2009": 1.0
    },
    "H3N2 A/Panama/2007/1999": {
      "H3N2 A/Brisbane/10/2007": 0.28758716583251953,
      "H3N2 A/Beijing/32/1992": 0.41177335381507874,
      "H3N2 A/Wisconsin/67/2005": 1.0
    },
    "H3N2 A/Perth/16/2009": {
      "H3N2 A/Brisbane/10/2007": 0.5323038101196289,
      "H3N2 A/Wisconsin/67/2005": 1.0
    }
  },
  "H3N2 A/Wisconsin/67/2005": {
    "H3N2 A/Brisbane/10/2007": {
      "H3N2 A/Beijing/32/1992": 0.12208233773708344,
      "H3N2 A/Panama/2007/1999": 0.2834169864654541,
      "H3N2 A/Perth/16/2009": 1.0
    },
    "H3N2 A/Beijing/32/1992": {
      "H3N2 A/Brisbane/10/2007": 1.0,
      "H3N2 A/Sydney/5/1997": 0.44045230746269226,
      "H3N2 A/Panama/2007/1999": 0.6361368894577026,
      "H3N2 A/Perth/16/2009": 0.7654983401298523
    },
    "H3N2 A/Sydney/5/1997": {
      "H3N2 A/Panama/2007/1999": 1.0
    },
    "H3N2 A/Panama/2007/1999": {
      "H3N2 A/Brisbane/10/2007": 0.13402622938156128,
      "H3N2 A/Sydney/5/1997": 1.0
    },
    "H3N2 A/Perth/16/2009": {
      "H3N2 A/Brisbane/10/2007": 1.0
    }
  },
  "H3N2 A/Panama/2007/1999": {
    "H3N2 A/Brisbane/10/2007": {
      "H3N2 A/Beijing/32/1992": 0.1201772466301918,
      "H3N2 A/Wisconsin/67/2005": 1.0,
      "H3N2 A/Perth/16/2009": 0.6521077156066895
    },
    "H3N2 A/Beijing/32/1992": {
      "H3N2 A/Brisbane/10/2007": 0.7036886215209961,
      "H3N2 A/Sydney/5/1997": 1.0,
      "H3N2 A/Perth/16/2009": 0.49019134044647217
    },
    "H3N2 A/Sydney/5/1997": {
      "H3N2 A/Brisbane/10/2007": 0.3138504922389984,
      "H3N2 A/Beijing/32/1992": 0.508560299873352,
      "H3N2 A/Wisconsin/67/2005": 1.0
    },
    "H3N2 A/Wisconsin/67/2005": {
      "H3N2 A/Brisbane/10/2007": 0.8156543374061584,
      "H3N2 A/Sydney/5/1997": 0.21778182685375214,
      "H3N2 A/Perth/16/2009": 1.0
    },
    "H3N2 A/Perth/16/2009": {
      "H3N2 A/Brisbane/10/2007": 0.5520192384719849,
      "H3N2 A/Wisconsin/67/2005": 1.0
    }
  },
  "H3N2 A/Perth/16/2009": {
    "H3N2 A/Brisbane/10/2007": {
      "H3N2 A/Beijing/32/1992": 0.12491611391305923,
      "H3N2 A/Wisconsin/67/2005": 1.0
    },
    "H3N2 A/Beijing/32/1992": {
      "H3N2 A/Brisbane/10/2007": 1.0,
      "H3N2 A/Sydney/5/1997": 0.38835498690605164,
      "H3N2 A/Panama/2007/1999": 0.31067487597465515
    },
    "H3N2 A/Sydney/5/1997": {
      "H3N2 A/Panama/2007/1999": 1.0
    },
    "H3N2 A/Wisconsin/67/2005": {
      "H3N2 A/Brisbane/10/2007": 1.0,
      "H3N2 A/Panama/2007/1999": 0.2941248416900635
    },
    "H3N2 A/Panama/2007/1999": {
      "H3N2 A/Sydney/5/1997": 1.0,
      "H3N2 A/Wisconsin/67/2005": 0.1531151831150055
    }
  }
}