{
  "H3N2 A/Uruguay/716/2007": {
    "H3N2 A/Nanchang/933/1995": {
      "H3N2 A/Victoria/361/2011": 0.17202751338481903,
      "H3N2 A/Sydney/5/1997": 0.7100766897201538,
      "H3N2 A/New York/55/2004": 1.0,
      "H3N2 A/Panama/2007/1999": 0.7135003805160522,
      "H3N2 A/Wisconsin/67/2005": 0.10994632542133331,
      "H3N2 A/Perth/16/2009": 0.3008517622947693
    },
    "H3N2 A/Victoria/361/2011": {
      "H3N2 A/New York/55/2004": 0.5916168093681335,
      "H3N2 A/Wisconsin/67/2005": 0.32452139258384705,
      "H3N2 A/Perth/16/2009": 1.0
    },
    "H3N2 A/Sydney/5/1997": {
      "H3N2 A/Nanchang/933/1995": 0.11602242290973663,
      "H3N2 A/Panama/2007/1999": 1.0
    },
    "H3N2 A/New York/55/2004": {
      "H3N2 A/Nanchang/933/1995": 0.1511853039264679,
      "H3N2 A/Victoria/361/2011": 0.6240484714508057,
      "H3N2 A/Sydney/5/1997": 0.12054745107889175,
      "H3N2 A/Panama/2007/1999": 0.6411163210868835,
      "H3N2 A/Wisconsin/67/2005": 1.0,
      "H3N2 A/Perth/16/2009": 0.1386396288871765
    },
    "H3N2 A/Panama/2007/1999": {
      "H3N2 A/Sydney/5/1997": 1.0,
      "H3N2 A/New York/55/2004": 0.3123645782470703
    },
    "H3N2 A/Wisconsin/67/2005": {
      "H3N2 A/Victoria/361/2011": 0.27601516246795654,
      "H3N2 A/New York/55/2004": 0.8523756861686707,
      "H3N2 A/Panama/2007/1999": 0.1656104177236557,
      "H3N2 A/Perth/16/2009": 1.0
    },
    "H3N2 A/Perth/16/2009": {
      "H3N2 A/Victoria/361/2011": 0.7242574691772461,
      "H3N2 A/New York/55/2004": 0.10133132338523865,
      "H3N2 A/Wisconsin/67/2005": 1.0
    }
  },
  "H3N2 A/Nanchang/933/1995": {
    "H3N2 A/Uruguay/716/2007": {
      "H3N2 A/Victoria/361/2011": 0.6076991558074951,
      "H3N2 A/New York/55/2004": 0.6343911290168762,
      "H3N2 A/Wisconsin/67/2005": 0.37307265400886536,
      "H3N2 A/Perth/16/2009": 1.0
    },
    "H3N2 A/Victoria/361/2011": {
      "H3N2 A/Uruguay/716/2007": 0.6197023391723633,
      "H3N2 A/New York/55/2004": 0.5333905816078186,
      "H3N2 A/Wisconsin/67/2005": 0.37234342098236084,
      "H3N2 A/Perth/16/2009": 1.0
    },
    "H3N2 A/Sydney/5/1997": {
      "H3N2 A/Panama/2007/1999": 1.0
    },
    "H3N2 A/New York/55/2004": {
      "H3N2 A/Uruguay/716/2007": 0.8060191869735718,
      "H3N2 A/Victoria/361/2011": 0.6091120839118958,
      "H3N2 A/Sydney/5/1997": 0.17206601798534393,
      "H3N2 A/Panama/2007/1999": 0.939799964427948,
      "H3N2 A/Wisconsin/67/2005": 1.0
    },
    "H3N2 A/Panama/2007/1999": {
      "H3N2 A/Sydney/5/1997": 1.0,
      "H3N2 A/New York/55/2004": 0.27424511313438416
    },
    "H3N2 A/Wisconsin/67/2005": {
      "H3N2 A/Uruguay/716/2007": 0.16310901939868927,
      "H3N2 A/Victoria/361/2011": 0.2600433826446533,
      "H3N2 A/New York/55/2004": 0.9455938935279846,
      "H3N2 A/Panama/2007/1999": 0.1729332059621811,
      "H3N2 A/Perth/16/2009": 1.0
    },
    "H3N2 A/Perth/16/2009": {
      "H3N2 A/Uruguay/716/2007": 0.6408493518829346,
      "H3N2 A/Victoria/361/2011": 0.6599534749984741,
      "H3N2 A/Wisconsin/67/2005": 1.0
    }
  },
  "H3N2 A/Victoria/361/2011": {
    "H3N2 A/Uruguay/716/2007": {
      "H3N2 A/Nanchang/933/1995": 0.12417130172252655,
      "H3N2 A/New York/55/2004": 0.7162989377975464,
      "H3N2 A/Wisconsin/67/2005": 0.40482527017593384,
      "H3N2 A/Perth/16/2009": 1.0
    },
    "H3N2 A/Nanchang/933/1995": {
      "H3N2 A/Uruguay/716/2007": 0.530094563961029,
      "H3N2 A/Sydney/5/1997": 0.7176018357276917,
      "H3N2 A/New York/55/2004": 1.0,
      "H3N2 A/Panama/2007/1999": 0.7422933578491211,
      "H3N2 A/Wisconsin/67/2005": 0.14635123312473297,
      "H3N2 A/Perth/16/2009": 0.24140742421150208
    },
    "H3N2 A/Sydney/5/1997": {
      "H3N2 A/Nanchang/933/1995": 0.13857732713222504,
      "H3N2 A/Panama/2007/1999": 1.0
    },
    "H3N2 A/New York/55/2004": {
      "H3N2 A/Uruguay/716/2007": 0.7041656374931335,
      "H3N2 A/Nanchang/933/1995": 0.16941165924072266,
      "H3N2 A/Panama/2007/1999": 0.5254344344139099,
      "H3N2 A/Wisconsin/67/2005": 1.0,
      "H3N2 A/Perth/16/2009": 0.16799360513687134
    },
    "H3N2 A/Panama/2007/1999": {
      "H3N2 A/Sydney/5/1997": 1.0,
      "H3N2 A/New York/55/2004": 0.2661330997943878
    },
    "H3N2 A/Wisconsin/67/2005": {
      "H3N2 A/Uruguay/716/2007": 0.21145935356616974,
      "H3N2 A/New York/55/2004": 0.8101256489753723,
      "H3N2 A/Panama/2007/1999": 0.1225132942199707,
      "H3N2 A/Perth/16/2009": 1.0
    },
    "H3N2 A/Perth/16/2009": {
      "H3N2 A/Uruguay/716/2007": 0.6772834658622742,
      "H3N2 A/New York/55/2004": 0.10143143683671951,
      "H3N2 A/Wisconsin/67/2005": 1.0
    }
  },
  "H3N2 A/Sydney/5/1997": {
    "H3N2 A/Uruguay/716/2007": {
      "H3N2 A/Nanchang/933/1995": 0.10065767168998718,
      "H3N2 A/Victoria/361/2011": 0.6129845380783081,
      "H3N2 A/New York/55/2004": 0.8742147088050842,
      "H3N2 A/Panama/2007/1999": 0.21485038101673126,
      "H3N2 A/Wisconsin/67/2005": 0.49821504950523376,
      "H3N2 A/Perth/16/2009": 1.0
    },
    "H3N2 A/Nanchang/933/1995": {
      "H3N2 A/Uruguay/716/2007": 0.22755080461502075,
      "H3N2 A/Victoria/361/2011": 0.10764428973197937,
      "H3N2 A/New York/55/2004": 0.74794602394104,
      "H3N2 A/Panama/2007/1999": 1.0,
      "H3N2 A/Perth/16/2009": 0.14600937068462372
    },
    "H3N2 A/Victoria/361/2011": {
      "H3N2 A/Uruguay/716/2007": 0.4505717158317566,
      "H3N2 A/Nanchang/933/1995": 0.10695447772741318,
      "H3N2 A/New York/55/2004": 0.5679620504379272,
      "H3N2 A/Wisconsin/67/2005": 0.3383924067020416,
      "H3N2 A/Perth/16/2009": 1.0
    },
    "H3N2 A/New York/55/2004": {
      "H3N2 A/Uruguay/716/2007": 0.7259540557861328,
      "H3N2 A/Nanchang/933/1995": 0.2971414625644684,
      "H3N2 A/Victoria/361/2011": 0.5739536285400391,
      "H3N2 A/Panama/2007/1999": 0.9864550232887268,
      "H3N2 A/Wisconsin/67/2005": 1.0
    },
    "H3N2 A/Panama/2007/1999": {
      "H3N2 A/Uruguay/716/2007": 0.2300771176815033,
      "H3N2 A/Nanchang/933/1995": 0.5692429542541504,
      "H3N2 A/Victoria/361/2011": 0.10380953550338745,
      "H3N2 A/New York/55/2004": 1.0,
      "H3N2 A/Wisconsin/67/2005": 0.2731982469558716
    },
    "H3N2 A/Wisconsin/67/2005": {
      "H3N2 A/Uruguay/716/2007": 0.2076808661222458,
      "H3N2 A/Victoria/361/2011": 0.25054797530174255,
      "H3N2 A/New York/55/2004": 0.8387967944145203,
      "H3N2 A/Panama/2007/1999": 0.19059427082538605,
      "H3N2 A/Perth/16/2009": 1.0
    },
    "H3N2 A/Perth/16/2009": {
      "H3N2 A/Uruguay/716/2007": 0.5207064747810364,
      "H3N2 A/Victoria/361/2011": 0.6483215093612671,
      "H3N2 A/Wisconsin/67/2005": 1.0
    }
  },
  "H3N2 A/New York/55/2004": {
    "H3N2 A/Uruguay/716/2007": {
      "H3N2 A/Victoria/361/2011": 0.7796643376350403,
      "H3N2 A/Panama/2007/1999": 0.327023983001709,
      "H3N2 A/Wisconsin/67/2005": 0.746491551399231,
      "H3N2 A/Perth/16/2009": 1.0
    },
    "H3N2 A/Nanchang/933/1995": {
      "H3N2 A/Sydney/5/1997": 0.9288613796234131,
      "H3N2 A/Panama/2007/1999": 1.0
    },
    "H3N2 A/Victoria/361/2011": {
      "H3N2 A/Uruguay/716/2007": 0.5811774134635925,
      "H3N2 A/Wisconsin/67/2005": 0.48293036222457886,
      "H3N2 A/Perth/16/2009": 1.0
    },
    "H3N2 A/Sydney/5/1997": {
      "H3N2 A/Nanchang/933/1995": 0.1309695690870285,
      "H3N2 A/Panama/2007/1999": 1.0
    },
    "H3N2 A/Panama/2007/1999": {
      "H3N2 A/Uruguay/716/2007": 0.11614451557397842,
      "H3N2 A/Nanchang/933/1995": 0.11138973385095596,
      "H3N2 A/Sydney/5/1997": 1.0,
      "H3N2 A/Wisconsin/67/2005": 0.1600652039051056
    },
    "H3N2 A/Wisconsin/67/2005": {
      "H3N2 A/Uruguay/716/2007": 0.4014139473438263,
      "H3N2 A/Victoria/361/2011": 0.40546783804893494,
      "H3N2 A/Panama/2007/1999": 0.34866994619369507,
      "H3N2 A/Perth/16/2009": 1.0
    },
    "H3N2 A/Perth/16/2009": {
      "H3N2 A/Uruguay/716/2007": 0.5746409893035889,
      "H3N2 A/Victoria/361/2011": 0.7705917954444885,
      "H3N2 A/Wisconsin/67/2005": 1.0
    }
  },