{
  "H3N2 A/Brisbane/10/2007": {
    "H3N2 A/Beijing/32/1992": {
      "H3N2 A/Sydney/5/1997": 0.3141486942768097,
      "H3N2 A/Panama/2007/1999": 0.43167874217033386,
      "H3N2 A/Perth/16/2009": 1.0
    },
    "H3N2 A/Sydney/5/1997": {
      "H3N2 A/Panama/2007/1999": 1.0
    },
    "H3N2 A/Wisconsin/67/2005": {
      "H3N2 A/Panama/2007/1999": 0.3308213949203491,
      "H3N2 A/Perth/16/2009": 1.0
    },
    "H3N2 A/Panama/2007/1999": {
      "H3N2 A/Sydney/5/1997": 1.0,
      "H3N2 A/Wisconsin/67/2005": 0.211329385638237
    },
    "H3N2 A/Perth/16/2009": {
      "H3N2 A/Wisconsin/67/2005": 1.0
    }
  },
  "H3N2 A/Beijing/32/1992": {
    "H3N2 A/Brisbane/10/2007": {
      "H3N2 A/Wisconsin/67/2005": 0.9215516448020935,
      "H3N2 A/Perth/16/2009": 1.0
    },
    "H3N2 A/Sydney/5/1997": {
      "H3N2 A/Panama/2007/1999": 1.0
    },
    "H3N2 A/Wisconsin/67/2005": {
      "H3N2 A/Brisbane/10/2007": 0.7882083654403687,
      "H3N2 A/Panama/2007/1999": 0.36642560362815857,
      "H3N2 A/Perth/16/2009": 1.0
    },
    "H3N2 A/Panama/2007/1999": {
      "H3N2 A/Sydney/5/1997": 1.0,
      "H3N2 A/Wisconsin/67/2005": 0.12756191194057465
    },
    "H3N2 A/Perth/16/2009": {
      "H3N2 A/Brisbane/10/2007": 0.6774848103523254,
      "H3N2 A/Wisconsin/67/2005": 1.0
    }
  },
  "H3N2 A/Sydney/5/1997": {
    "H3N2 A/Brisbane/10/2007": {
      "H3N2 A/Beijing/32/1992": 0.18714438378810883,
      "H3N2 A/Wisconsin/67/2005": 1.0,
      "H3N2 A/Panama/2007/1999": 0.2367430478334427,
      "H3N2 A/Perth/16/2009": 0.8245390057563782
    },
    "H3N2 A/Beijing/32/1992": {
      "H3N2 A/Brisbane/10/2007": 0.6738958358764648,
      "H3N2 A/Panama/2007/1999": 1.0,
      "H3N2 A/Perth/16/2009": 0.5498881936073303
    },
    "H3N2 A/Wisconsin/67/2005": {
      "H3N2 A/Brisbane/10/2007": 0.6948738098144531,
      "H3N2 A/Panama/2007/1999": 0.42866215109825134,
      "H3N2 A/Perth/16/2009": 1.0
    },
    "H3N2 A/Panama/2007/1999": {
      "H3N2 A/Brisbane/10/2007": 0.2875838875770569,
      "H3N2 A/Beijing/32/1992": 0.4117985963821411,
      "H3N2 A/Wisconsin/67/2005": 1.0
    },
    "H3N2 A/Perth/16/2009": {
      "H3N2 A/Brisbane/10/2007": 0.5323005318641663,
      "H3N2 A/Wisconsin/67/2005": 1.0
    }
  },
  "H3N2 A/Wisconsin/67/2005": {
    "H3N2 A/Brisbane/10/2007": {
      "H3N2 A/Beijing/32/1992": 0.12208179384469986,
      "H3N2 A/Panama/2007/1999": 0.2834131419658661,
      "H3N2 A/Perth/16/2009": 1.0
    },
    "H3N2 A/Beijing/32/1992": {
      "H3N2 A/Brisbane/10/2007": 1.0,
      "H3N2 A/Sydney/5/1997": 0.440433144569397,
      "H3N2 A/Panama/2007/1999": 0.6361100673675537,
      "H3N2 A/Perth/16/2009": 0.7654932141304016
    },
    "H3N2 A/Sydney/5/1997": {
      "H3N2 A/Panama/2007/1999": 1.0
    },
    "H3N2 A/Panama/2007/1999": {
      "H3N2 A/Brisbane/10/2007": 0.1340286284685135,
      "H3N2 A/Sydney/5/1997": 1.0
    },
    "H3N2 A/Perth/16/2009": {
      "H3N2 A/Brisbane/10/2007": 1.0
    }
  },
  "H3N2 A/Panama/2007/1999": {
    "H3N2 A/Brisbane/10/2007": {
      "H3N2 A/Beijing/32/1992": 0.12017751485109329,
      "H3N2 A/Wisconsin/67/2005": 1.0,
      "H3N2 A/Perth/16/2009": 0.6521037220954895
    },
    "H3N2 A/Beijing/32/1992": {
      "H3N2 A/Brisbane/10/2007": 0.703688383102417,
      "H3N2 A/Sydney/5/1997": 1.0,
      "H3N2 A/Perth/16/2009": 0.49018847942352295
    },
    "H3N2 A/Sydney/5/1997": {
      "H3N2 A/Brisbane/10/2007": 0.3138522207736969,
      "H3N2 A/Beijing/32/1992": 0.5085341930389404,
      "H3N2 A/Wisconsin/67/2005": 1.0
    },
    "H3N2 A/Wisconsin/67/2005": {
      "H3N2 A/Brisbane/10/2007": 0.8156563639640808,
      "H3N2 A/Sydney/5/1997": 0.2177850902080536,
      "H3N2 A/Perth/16/2009": 1.0
    },
    "H3N2 A/Perth/16/2009": {
      "H3N2 A/Brisbane/10/2007": 0.5520207285881042,
      "H3N2 A/Wisconsin/67/2005": 1.0
    }
  },
  "H3N2 A/Perth/16/2009": {
    "H3N2 A/Brisbane/10/2007": {
      "H3N2 A/Beijing/32/1992": 0.12491653114557266,
      "H3N2 A/Wisconsin/67/2005": 1.0
    },
    "H3N2 A/Beijing/32/1992": {
      "H3N2 A/Brisbane/10/2007": 1.0,
      "H3N2 A/Sydney/5/1997": 0.3883594870567322,
      "H3N2 A/Panama/2007/1999": 0.31068241596221924
    },
    "H3N2 A/Sydney/5/1997": {
      "H3N2 A/Panama/2007/1999": 1.0
    },
    "H3N2 A/Wisconsin/67/2005": {
      "H3N2 A/Brisbane/10/2007": 1.0,
      "H3N2 A/Panama/2007/1999": 0.29412686824798584
    },
    "H3N2 A/Panama/2007/1999": {
      "H3N2 A/Sydney/5/1997": 1.0,
      "H3N2 A/Wisconsin/67/2005": 0.15311504900455475
    }
  }
}