{
  "H3N2 A/Uruguay/716/2007": {
    "H3N2 A/Victoria/361/2011": {
      "H3N2 A/Wisconsin/67/2005": 0.3426990807056427,
      "H3N2 A/New York/55/2004": 0.4486079514026642,
      "H3N2 A/Panama/2007/1999": 0.10059072822332382,
      "H3N2 A/Perth/16/2009": 1.0
    },
    "H3N2 A/Wisconsin/67/2005": {
      "H3N2 A/Victoria/361/2011": 0.25450506806373596,
      "H3N2 A/New York/55/2004": 0.8259144425392151,
      "H3N2 A/Panama/2007/1999": 0.19108989834785461,
      "H3N2 A/Perth/16/2009": 1.0
    },
    "H3N2 A/New York/55/2004": {
      "H3N2 A/Victoria/361/2011": 0.5131402015686035,
      "H3N2 A/Wisconsin/67/2005": 0.6909480690956116,
      "H3N2 A/Panama/2007/1999": 1.0
    },
    "H3N2 A/Panama/2007/1999": {
      "H3N2 A/Victoria/361/2011": 0.15602128207683563,
      "H3N2 A/Wisconsin/67/2005": 0.22199156880378723,
      "H3N2 A/New York/55/2004": 1.0
    },
    "H3N2 A/Perth/16/2009": {
      "H3N2 A/Victoria/361/2011": 0.7342063188552856,
      "H3N2 A/Wisconsin/67/2005": 1.0
    }
  },
  "H3N2 A/Victoria/361/2011": {
    "H3N2 A/Uruguay/716/2007": {
      "H3N2 A/Wisconsin/67/2005": 0.35740190744400024,
      "H3N2 A/New York/55/2004": 0.6336774230003357,
      "H3N2 A/Perth/16/2009": 1.0
    },
    "H3N2 A/Wisconsin/67/2005": {
      "H3N2 A/Uruguay/716/2007": 0.17812637984752655,
      "H3N2 A/New York/55/2004": 0.8213931322097778,
      "H3N2 A/Panama/2007/1999": 0.12840378284454346,
      "H3N2 A/Perth/16/2009": 1.0
    },
    "H3N2 A/New York/55/2004": {
      "H3N2 A/Uruguay/716/2007": 0.8103496432304382,
      "H3N2 A/Wisconsin/67/2005": 0.8417012691497803,
      "H3N2 A/Panama/2007/1999": 1.0
    },
    "H3N2 A/Panama/2007/1999": {
      "H3N2 A/Wisconsin/67/2005": 0.16805125772953033,
      "H3N2 A/New York/55/2004": 1.0
    },
    "H3N2 A/Perth/16/2009": {
      "H3N2 A/Uruguay/716/2007": 0.7450457811355591,
      "H3N2 A/Wisconsin/67/2005": 1.0
    }
  },
  "H3N2 A/Wisconsin/67/2005": {
    "H3N2 A/Uruguay/716/2007": {
      "H3N2 A/Victoria/361/2011": 0.5332475304603577,
      "H3N2 A/New York/55/2004": 0.601730465888977,
      "H3N2 A/Perth/16/2009": 1.0
    },
    "H3N2 A/Victoria/361/2011": {
      "H3N2 A/Uruguay/716/2007": 0.5619227886199951,
      "H3N2 A/New York/55/2004": 0.4903751015663147,
      "H3N2 A/Panama/2007/1999": 0.11244259774684906,
      "H3N2 A/Perth/16/2009": 1.0
    },
    "H3N2 A/New York/55/2004": {
      "H3N2 A/Uruguay/716/2007": 0.5107733607292175,
      "H3N2 A/Victoria/361/2011": 0.43003150820732117,
      "H3N2 A/Panama/2007/1999": 1.0
    },
    "H3N2 A/Panama/2007/1999": {
      "H3N2 A/Victoria/361/2011": 0.14719218015670776,
      "H3N2 A/New York/55/2004": 1.0
    },
    "H3N2 A/Perth/16/2009": {
      "H3N2 A/Uruguay/716/2007": 0.957541823387146,
      "H3N2 A/Victoria/361/2011": 1.0
    }
  },
  "H3N2 A/New York/55/2004": {
    "H3N2 A/Uruguay/716/2007": {
      "H3N2 A/Victoria/361/2011": 0.9332996010780334,
      "H3N2 A/Wisconsin/67/2005": 0.6951940059661865,
      "H3N2 A/Panama/2007/1999": 0.38835152983665466,
      "H3N2 A/Perth/16/2009": 1.0
    },
    "H3N2 A/Victoria/361/2011": {
      "H3N2 A/Uruguay/716/2007": 0.7801101803779602,
      "H3N2 A/Wisconsin/67/2005": 0.5126699805259705,
      "H3N2 A/Perth/16/2009": 1.0
    },
    "H3N2 A/Wisconsin/67/2005": {
      "H3N2 A/Uruguay/716/2007": 0.3536071479320526,
      "H3N2 A/Victoria/361/2011": 0.4152456820011139,
      "H3N2 A/Panama/2007/1999": 0.6198470592498779,
      "H3N2 A/Perth/16/2009": 1.0
    },
    "H3N2 A/Panama/2007/1999": {
      "H3N2 A/Uruguay/716/2007": 0.6060473322868347,
      "H3N2 A/Victoria/361/2011": 0.2831130027770996,
      "H3N2 A/Wisconsin/67/2005": 1.0,
      "H3N2 A/Perth/16/2009": 0.1005387008190155
    },
    "H3N2 A/Perth/16/2009": {
      "H3N2 A/Uruguay/716/2007": 0.5871397852897644,
      "H3N2 A/Victoria/361/2011": 0.8082053065299988,
      "H3N2 A/Wisconsin/67/2005": 1.0
    }
  },
  "H3N2 A/Panama/2007/1999": {
    "H3N2 A/Uruguay/716/2007": {
      "H3N2 A/Victoria/361/2011": 0.47809746861457825,
      "H3N2 A/Wisconsin/67/2005": 0.45928502082824707,
      "H3N2 A/New York/55/2004": 1.0,
      "H3N2 A/Perth/16/2009": 0.8339579105377197
    },
    "H3N2 A/Victoria/361/2011": {
      "H3N2 A/Uruguay/716/2007": 0.5388599038124084,
      "H3N2 A/Wisconsin/67/2005": 0.2714407742023468,
      "H3N2 A/New York/55/2004": 0.2322417050600052,
      "H3N2 A/Perth/16/2009": 1.0
    },
    "H3N2 A/Wisconsin/67/2005": {
      "H3N2 A/Uruguay/716/2007": 0.1566607505083084,
      "H3N2 A/New York/55/2004": 1.0,
      "H3N2 A/Perth/16/2009": 0.7221134305000305
    },
    "H3N2 A/New York/55/2004": {
      "H3N2 A/Uruguay/716/2007": 0.9130152463912964,
      "H3N2 A/Wisconsin/67/2005": 1.0
    },
    "H3N2 A/Perth/16/2009": {
      "H3N2 A/Uruguay/716/2007": 0.5440046191215515,
      "H3N2 A/Victoria/361/2011": 0.7808443903923035,
      "H3N2 A/Wisconsin/67/2005": 1.0
    }
  },
  "H3N2 A/Perth/16/2009": {
    "H3N2 A/Uruguay/716/2007": {
      "H3N2 A/Victoria/361/2011": 1.0,
      "H3N2 A/Wisconsin/67/2005": 0.7834405303001404,
      "H3N2 A/New York/55/2004": 0.5901278257369995
    },
    "H3N2 A/Victoria/361/2011": {
      "H3N2 A/Uruguay/716/2007": 1.0,
      "H3N2 A/Wisconsin/67/2005": 0.6010168790817261,
      "H3N2 A/New York/55/2004": 0.4120316207408905,
      "H3N2 A/Panama/2007/1999": 0.19175074994564056
    },
    "H3N2 A/Wisconsin/67/2005": {
      "H3N2 A/Uruguay/716/2007": 0.5153902769088745,
      "H3N2 A/Victoria/361/2011": 0.6725313663482666,
      "H3N2 A/New York/55/2004": 1.0,
      "H3N2 A/Panama/2007/1999": 0.18302910029888153
    },
    "H3N2 A/New York/55/2004": {
      "H3N2 A/Uruguay/716/2007": 0.5488578081130981,
      "H3N2 A/Victoria/361/2011": 0.46910810470581055,
      "H3N2 A/Wisconsin/67/2005": 0.6890430450439453,
      "H3N2 A/Panama/2007/1999": 1.0
    },
    "H3N2 A/Panama/2007/1999": {
      "H3N2 A/Victoria/361/2011": 0.27602025866508484,
      "H3N2 A/Wisconsin/67/2005": 0.16816340386867523,
      "H3N2 A/New York/55/2004": 1.0
    }
  }
}