{
  "H3N2 A/Uruguay/716/2007": {
    "H3N2 A/Nanchang/933/1995": {
      "H3N2 A/Victoria/361/2011": 0.1720236986875534,
      "H3N2 A/Sydney/5/1997": 0.7100682854652405,
      "H3N2 A/New York/55/2004": 1.0,
      "H3N2 A/Panama/2007/1999": 0.7135001420974731,
      "H3N2 A/Wisconsin/67/2005": 0.10994230955839157,
      "H3N2 A/Perth/16/2009": 0.3008548617362976
    },
    "H3N2 A/Victoria/361/2011": {
      "H3N2 A/New York/55/2004": 0.5916353464126587,
      "H3N2 A/Wisconsin/67/2005": 0.3245221972465515,
      "H3N2 A/Perth/16/2009": 1.0
    },
    "H3N2 A/Sydney/5/1997": {
      "H3N2 A/Nanchang/933/1995": 0.1160203143954277,
      "H3N2 A/Panama/2007/1999": 1.0
    },
    "H3N2 A/New York/55/2004": {
      "H3N2 A/Nanchang/933/1995": 0.1511833220720291,
      "H3N2 A/Victoria/361/2011": 0.6240673661231995,
      "H3N2 A/Sydney/5/1997": 0.12055191397666931,
      "H3N2 A/Panama/2007/1999": 0.6411519646644592,
      "H3N2 A/Wisconsin/67/2005": 1.0,
      "H3N2 A/Perth/16/2009": 0.13864222168922424
    },
    "H3N2 A/Panama/2007/1999": {
      "H3N2 A/Sydney/5/1997": 1.0,
      "H3N2 A/New York/55/2004": 0.3123639225959778
    },
    "H3N2 A/Wisconsin/67/2005": {
      "H3N2 A/Victoria/361/2011": 0.2760172188282013,
      "H3N2 A/New York/55/2004": 0.8523776531219482,
      "H3N2 A/Panama/2007/1999": 0.1656128317117691,
      "H3N2 A/Perth/16/2009": 1.0
    },
    "H3N2 A/Perth/16/2009": {
      "H3N2 A/Victoria/361/2011": 0.7242642045021057,
      "H3N2 A/New York/55/2004": 0.10133395344018936,
      "H3N2 A/Wisconsin/67/2005": 1.0
    }
  },
  "H3N2 A/Nanchang/933/1995": {
    "H3N2 A/Uruguay/716/2007": {
      "H3N2 A/Victoria/361/2011": 0.6077266931533813,
      "H3N2 A/New York/55/2004": 0.6344002485275269,
      "H3N2 A/Wisconsin/67/2005": 0.3730771243572235,
      "H3N2 A/Perth/16/2009": 1.0
    },
    "H3N2 A/Victoria/361/2011": {
      "H3N2 A/Uruguay/716/2007": 0.6197061538696289,
      "H3N2 A/New York/55/2004": 0.5333846807479858,
      "H3N2 A/Wisconsin/67/2005": 0.37234413623809814,
      "H3N2 A/Perth/16/2009": 1.0
    },
    "H3N2 A/Sydney/5/1997": {
      "H3N2 A/Panama/2007/1999": 1.0
    },
    "H3N2 A/New York/55/2004": {
      "H3N2 A/Uruguay/716/2007": 0.8060123920440674,
      "H3N2 A/Victoria/361/2011": 0.6091015338897705,
      "H3N2 A/Sydney/5/1997": 0.17206552624702454,
      "H3N2 A/Panama/2007/1999": 0.9397928714752197,
      "H3N2 A/Wisconsin/67/2005": 1.0
    },
    "H3N2 A/Panama/2007/1999": {
      "H3N2 A/Sydney/5/1997": 1.0,
      "H3N2 A/New York/55/2004": 0.27424535155296326
    },
    "H3N2 A/Wisconsin/67/2005": {
      "H3N2 A/Uruguay/716/2007": 0.16310842335224152,
      "H3N2 A/Victoria/361/2011": 0.26004382967948914,
      "H3N2 A/New York/55/2004": 0.9456040263175964,
      "H3N2 A/Panama/2007/1999": 0.17293612658977509,
      "H3N2 A/Perth/16/2009": 1.0
    },
    "H3N2 A/Perth/16/2009": {
      "H3N2 A/Uruguay/716/2007": 0.6408344507217407,
      "H3N2 A/Victoria/361/2011": 0.6599568724632263,
      "H3N2 A/Wisconsin/67/2005": 1.0
    }
  },
  "H3N2 A/Victoria/361/2011": {
    "H3N2 A/Uruguay/716/2007": {
      "H3N2 A/Nanchang/933/1995": 0.12417379021644592,
      "H3N2 A/New York/55/2004": 0.7163077592849731,
      "H3N2 A/Wisconsin/67/2005": 0.40483081340789795,
      "H3N2 A/Perth/16/2009": 1.0
    },
    "H3N2 A/Nanchang/933/1995": {
      "H3N2 A/Uruguay/716/2007": 0.5301148295402527,
      "H3N2 A/Sydney/5/1997": 0.7176135182380676,
      "H3N2 A/New York/55/2004": 1.0,
      "H3N2 A/Panama/2007/1999": 0.7422820329666138,
      "H3N2 A/Wisconsin/67/2005": 0.14635542035102844,
      "H3N2 A/Perth/16/2009": 0.24141888320446014
    },
    "H3N2 A/Sydney/5/1997": {
      "H3N2 A/Nanchang/933/1995": 0.13857883214950562,
      "H3N2 A/Panama/2007/1999": 1.0
    },
    "H3N2 A/New York/55/2004": {
      "H3N2 A/Uruguay/716/2007": 0.7041581273078918,
      "H3N2 A/Nanchang/933/1995": 0.16941319406032562,
      "H3N2 A/Panama/2007/1999": 0.5254455208778381,
      "H3N2 A/Wisconsin/67/2005": 1.0,
      "H3N2 A/Perth/16/2009": 0.16799156367778778
    },
    "H3N2 A/Panama/2007/1999": {
      "H3N2 A/Sydney/5/1997": 1.0,
      "H3N2 A/New York/55/2004": 0.2661352753639221
    },
    "H3N2 A/Wisconsin/67/2005": {
      "H3N2 A/Uruguay/716/2007": 0.2114591747522354,
      "H3N2 A/New York/55/2004": 0.8101216554641724,
      "H3N2 A/Panama/2007/1999": 0.1225147694349289,
      "H3N2 A/Perth/16/2009": 1.0
    },
    "H3N2 A/Perth/16/2009": {
      "H3N2 A/Uruguay/716/2007": 0.677278995513916,
      "H3N2 A/New York/55/2004": 0.10142865031957626,
      "H3N2 A/Wisconsin/67/2005": 1.0
    }
  },
  "H3N2 A/Sydney/5/1997": {
    "H3N2 A/Uruguay/716/2007": {
      "H3N2 A/Nanchang/933/1995": 0.10065589845180511,
      "H3N2 A/Victoria/361/2011": 0.6129919290542603,
      "H3N2 A/New York/55/2004": 0.8741933107376099,
      "H3N2 A/Panama/2007/1999": 0.21483802795410156,
      "H3N2 A/Wisconsin/67/2005": 0.49821001291275024,
      "H3N2 A/Perth/16/2009": 1.0
    },
    "H3N2 A/Nanchang/933/1995": {
      "H3N2 A/Uruguay/716/2007": 0.2275429517030716,
      "H3N2 A/Victoria/361/2011": 0.1076393872499466,
      "H3N2 A/New York/55/2004": 0.7479437589645386,
      "H3N2 A/Panama/2007/1999": 1.0,
      "H3N2 A/Perth/16/2009": 0.14600355923175812
    },
    "H3N2 A/Victoria/361/2011": {
      "H3N2 A/Uruguay/716/2007": 0.4505661129951477,
      "H3N2 A/Nanchang/933/1995": 0.10695360600948334,
      "H3N2 A/New York/55/2004": 0.5679638385772705,
      "H3N2 A/Wisconsin/67/2005": 0.3383936583995819,
      "H3N2 A/Perth/16/2009": 1.0
    },
    "H3N2 A/New York/55/2004": {
      "H3N2 A/Uruguay/716/2007": 0.7259443402290344,
      "H3N2 A/Nanchang/933/1995": 0.2971368134021759,
      "H3N2 A/Victoria/361/2011": 0.5739500522613525,
      "H3N2 A/Panama/2007/1999": 0.9864534735679626,
      "H3N2 A/Wisconsin/67/2005": 1.0
    },
    "H3N2 A/Panama/2007/1999": {
      "H3N2 A/Uruguay/716/2007": 0.2300790250301361,
      "H3N2 A/Nanchang/933/1995": 0.5692197680473328,
      "H3N2 A/Victoria/361/2011": 0.10380720347166061,
      "H3N2 A/New York/55/2004": 1.0,
      "H3N2 A/Wisconsin/67/2005": 0.2731863260269165
    },
    "H3N2 A/Wisconsin/67/2005": {
      "H3N2 A/Uruguay/716/2007": 0.207681342959404,
      "H3N2 A/Victoria/361/2011": 0.25054624676704407,
      "H3N2 A/New York/55/2004": 0.8387908935546875,
      "H3N2 A/Panama/2007/1999": 0.19059479236602783,
      "H3N2 A/Perth/16/2009": 1.0
    },
    "H3N2 A/Perth/16/2009": {
      "H3N2 A/Uruguay/716/2007": 0.5206878185272217,
      "H3N2 A/Victoria/361/2011": 0.6483128070831299,
      "H3N2 A/Wisconsin/67/2005": 1.0
    }
  },
  "H3N2 A/New York/55/2004": {
    "H3N2 A/Uruguay/716/2007": {
      "H3N2 A/Victoria/361/2011": 0.7796705365180969,
      "H3N2 A/Panama/2007/1999": 0.32702264189720154,
      "H3N2 A/Wisconsin/67/2005": 0.7464863657951355,
      "H3N2 A/Perth/16/2009": 1.0
    },
    "H3N2 A/Nanchang/933/1995": {
      "H3N2 A/Sydney/5/1997": 0.9288607239723206,
      "H3N2 A/Panama/2007/1999": 1.0
    },
    "H3N2 A/Victoria/361/2011": {
      "H3N2 A/Uruguay/716/2007": 0.5811750888824463,
      "H3N2 A/Wisconsin/67/2005": 0.4829246997833252,
      "H3N2 A/Perth/16/2009": 1.0
    },
    "H3N2 A/Sydney/5/1997": {
      "H3N2 A/Nanchang/933/1995": 0.13096857070922852,
      "H3N2 A/Panama/2007/1999": 1.0
    },
    "H3N2 A/Panama/2007/1999": {
      "H3N2 A/Uruguay/716/2007": 0.11614544689655304,
      "H3N2 A/Nanchang/933/1995": 0.11139076948165894,
      "H3N2 A/Sydney/5/1997": 1.0,
      "H3N2 A/Wisconsin/67/2005": 0.16006344556808472
    },
    "H3N2 A/Wisconsin/67/2005": {
      "H3N2 A/Uruguay/716/2007": 0.4014163613319397,
      "H3N2 A/Victoria/361/2011": 0.4054665267467499,
      "H3N2 A/Panama/2007/1999": 0.34866565465927124,
      "H3N2 A/Perth/16/2009": 1.0
    },
    "H3N2 A/Perth/16/2009": {
      "H3N2 A/Uruguay/716/2007": 0.5746352672576904,
      "H3N2 A/Victoria/361/2011": 0.7705810070037842,
      "H3N2 A/Wisconsin/67/2005": 1.0
    }
  },