{
  "H3N2 A/Beijing/32/1992": {
    "H3N2 A/Wyoming/3/2003": {
      "H3N2 A/Sydney/5/1997": 1.0,
      "H3N2 A/New York/55/2004": 0.7317999005317688
    },
    "H3N2 A/Sydney/5/1997": {
      "H3N2 A/Wyoming/3/2003": 1.0
    },
    "H3N2 A/New York/55/2004": {
      "H3N2 A/Wyoming/3/2003": 1.0
    }
  },
  "H3N2 A/Wyoming/3/2003": {
    "H3N2 A/Beijing/32/1992": {
      "H3N2 A/Sydney/5/1997": 0.8436343669891357,
      "H3N2 A/New York/55/2004": 1.0
    },
    "H3N2 A/Sydney/5/1997": {
      "H3N2 A/Beijing/32/1992": 0.10049184411764145,
      "H3N2 A/New York/55/2004": 1.0
    },
    "H3N2 A/New York/55/2004": {
      "H3N2 A/Sydney/5/1997": 1.0
    }
  },
  "H3N2 A/Sydney/5/1997": {
    "H3N2 A/Beijing/32/1992": {
      "H3N2 A/Wyoming/3/2003": 0.24956613779067993,
      "H3N2 A/New York/55/2004": 1.0
    },
    "H3N2 A/Wyoming/3/2003": {
      "H3N2 A/New York/55/2004": 1.0
    },
    "H3N2 A/New York/55/2004": {
      "H3N2 A/Wyoming/3/2003": 1.0
    }
  },
  "H3N2 A/New York/55/2004": {
    "H3N2 A/Beijing/32/1992": {
      "H3N2 A/Wyoming/3/2003": 0.26976415514945984,
      "H3N2 A/Sydney/5/1997": 1.0
    },
    "H3N2 A/Wyoming/3/2003": {
      "H3N2 A/Sydney/5/1997": 1.0
    },
    "H3N2 A/Sydney/5/1997": {
      "H3N2 A/Wyoming/3/2003": 1.0
    }
  }
}