{
  "H3N2 A/Hanam/135/2008": {
    "H3N2 A/Tasmania/1/1997": {
      "H3N2 A/Panama/2007/1999": 0.21416336297988892,
      "H3N2 A/Christchurch/1/1996": 1.0
    },
    "H3N2 A/Hanam/53/2010": {
      "H3N2 A/New York/55/2004": 0.3105064034461975,
      "H3N2 A/Perth/16/2009": 1.0
    },
    "H3N2 A/New York/55/2004": {
      "H3N2 A/Hanam/53/2010": 0.25943514704704285,
      "H3N2 A/Panama/2007/1999": 1.0,
      "H3N2 A/Perth/16/2009": 0.476304292678833
    },
    "H3N2 A/Panama/2007/1999": {
      "H3N2 A/Tasmania/1/1997": 0.427640438079834,
      "H3N2 A/New York/55/2004": 1.0,
      "H3N2 A/Christchurch/1/1996": 0.33397549390792847
    },
    "H3N2 A/Christchurch/1/1996": {
      "H3N2 A/Tasmania/1/1997": 1.0,
      "H3N2 A/Panama/2007/1999": 0.25311708450317383
    },
    "H3N2 A/Perth/16/2009": {
      "H3N2 A/Hanam/53/2010": 1.0,
      "H3N2 A/New York/55/2004": 0.34532928466796875
    }
  },
  "H3N2 A/Tasmania/1/1997": {
    "H3N2 A/Hanam/135/2008": {
      "H3N2 A/Hanam/53/2010": 1.0,
      "H3N2 A/New York/55/2004": 0.12819968163967133
    },
    "H3N2 A/Hanam/53/2010": {
      "H3N2 A/Hanam/135/2008": 1.0,
      "H3N2 A/Perth/16/2009": 0.394110769033432
    },
    "H3N2 A/New York/55/2004": {
      "H3N2 A/Hanam/135/2008": 0.3626333475112915,
      "H3N2 A/Panama/2007/1999": 1.0,
      "H3N2 A/Perth/16/2009": 0.4315579831600189
    },
    "H3N2 A/Panama/2007/1999": {
      "H3N2 A/Hanam/135/2008": 0.11089802533388138,
      "H3N2 A/New York/55/2004": 0.9738078117370605,
      "H3N2 A/Christchurch/1/1996": 1.0
    },
    "H3N2 A/Christchurch/1/1996": {
      "H3N2 A/Hanam/135/2008": 0.10913744568824768,
      "H3N2 A/New York/55/2004": 0.14668427407741547,
      "H3N2 A/Panama/2007/1999": 1.0
    },
    "H3N2 A/Perth/16/2009": {
      "H3N2 A/Hanam/135/2008": 0.20788238942623138,
      "H3N2 A/Hanam/53/2010": 1.0,
      "H3N2 A/New York/55/2004": 0.3628893792629242
    }
  },
  "H3N2 A/Hanam/53/2010": {
    "H3N2 A/Hanam/135/2008": {
      "H3N2 A/Tasmania/1/1997": 0.1137850433588028,
      "H3N2 A/New York/55/2004": 0.7603455781936646,
      "H3N2 A/Panama/2007/1999": 0.10607478022575378,
      "H3N2 A/Perth/16/2009": 1.0
    },
    "H3N2 A/Tasmania/1/1997": {
      "H3N2 A/Panama/2007/1999": 0.24688135087490082,
      "H3N2 A/Christchurch/1/1996": 1.0
    },
    "H3N2 A/New York/55/2004": {
      "H3N2 A/Hanam/135/2008": 0.5003637075424194,
      "H3N2 A/Panama/2007/1999": 1.0,
      "H3N2 A/Christchurch/1/1996": 0.10486902296543121,
      "H3N2 A/Perth/16/2009": 0.5000940561294556
    },
    "H3N2 A/Panama/2007/1999": {
      "H3N2 A/Hanam/135/2008": 0.11184365302324295,
      "H3N2 A/Tasmania/1/1997": 0.5359787940979004,
      "H3N2 A/New York/55/2004": 1.0,
      "H3N2 A/Christchurch/1/1996": 0.40839019417762756
    },
    "H3N2 A/Christchurch/1/1996": {
      "H3N2 A/Tasmania/1/1997": 1.0,
      "H3N2 A/New York/55/2004": 0.10758530348539352,
      "H3N2 A/Panama/2007/1999": 0.2575787901878357
    },
    "H3N2 A/Perth/16/2009": {
      "H3N2 A/Hanam/135/2008": 1.0,
      "H3N2 A/New York/55/2004": 0.5987032651901245
    }
  },
  "H3N2 A/New York/55/2004": {
    "H3N2 A/Hanam/135/2008": {
      "H3N2 A/Hanam/53/2010": 1.0,
      "H3N2 A/Panama/2007/1999": 0.10729093104600906,
      "H3N2 A/Perth/16/2009": 0.12046266347169876
    },
    "H3N2 A/Tasmania/1/1997": {
      "H3N2 A/Panama/2007/1999": 0.22414405643939972,
      "H3N2 A/Christchurch/1/1996": 1.0
    },
    "H3N2 A/Hanam/53/2010": {
      "H3N2 A/Hanam/135/2008": 1.0,
      "H3N2 A/Perth/16/2009": 0.36056429147720337
    },
    "H3N2 A/Panama/2007/1999": {
      "H3N2 A/Hanam/135/2008": 0.6227401494979858,
      "H3N2 A/Tasmania/1/1997": 0.8204901218414307,
      "H3N2 A/Christchurch/1/1996": 1.0,
      "H3N2 A/Perth/16/2009": 0.21950885653495789
    },
    "H3N2 A/Christchurch/1/1996": {
      "H3N2 A/Tasmania/1/1997": 1.0,
      "H3N2 A/Panama/2007/1999": 0.38827985525131226
    },
    "H3N2 A/Perth/16/2009": {
      "H3N2 A/Hanam/135/2008": 0.42574867606163025,
      "H3N2 A/Hanam/53/2010": 1.0
    }
  },
  "H3N2 A/Panama/2007/1999": {
    "H3N2 A/Hanam/135/2008": {
      "H3N2 A/Hanam/53/2010": 1.0,
      "H3N2 A/New York/55/2004": 0.18735358119010925,
      "H3N2 A/Perth/16/2009": 0.10792020708322525
    },
    "H3N2 A/Tasmania/1/1997": {
      "H3N2 A/Christchurch/1/1996": 1.0
    },
    "H3N2 A/Hanam/53/2010": {
      "H3N2 A/Hanam/135/2008": 1.0,
      "H3N2 A/Perth/16/2009": 0.4072315990924835
    },
    "H3N2 A/New York/55/2004": {
      "H3N2 A/Hanam/135/2008": 1.0,
      "H3N2 A/Hanam/53/2010": 0.1466546654701233,
      "H3N2 A/Christchurch/1/1996": 0.691315233707428,
      "H3N2 A/Perth/16/2009": 0.9256486892700195
    },
    "H3N2 A/Christchurch/1/1996": {
      "H3N2 A/Tasmania/1/1997": 1.0,
      "H3N2 A/New York/55/2004": 0.21526256203651428
    },
    "H3N2 A/Perth/16/2009": {
      "H3N2 A/Hanam/135/2008": 0.2252197414636612,
      "H3N2 A/Hanam/53/2010": 1.0,
      "H3N2 A/New York/55/2004": 0.3774607181549072
    }
  },
  "H3N2 A/Christchurch/1/1996": {
    "H3N2 A/Hanam/135/2008": {
      "H3N2 A/Hanam/53/2010": 1.0,
      "H3N2 A/New York/55/2004": 0.11149558424949646,
      "H3N2 A/Perth/16/2009": 0.1050746813416481
    },
    "H3N2 A/Tasmania/1/1997": {
      "H3N2 A/Hanam/135/2008": 0.13928988575935364,
      "H3N2 A/Panama/2007/1999": 1.0
    },
    "H3N2 A/Hanam/53/2010": {
      "H3N2 A/Hanam/135/2008": 1.0,
      "H3N2 A/Perth/16/2009": 0.4143175184726715
    },
    "H3N2 A/New York/55/2004": {
      "H3N2 A/Hanam/135/2008": 0.2418404072523117,
      "H3N2 A/Panama/2007/1999": 1.0,
      "H3N2 A/Perth/16/2009": 0.2968080937862396
    },
    "H3N2 A/Panama/2007/1999": {
      "H3N2 A/Tasmania/1/1997": 0.9433975219726562,
      "H3N2 A/New York/55/2004": 1.0
    },
    "H3N2 A/Perth/16/2009": {
      "H3N2 A/Hanam/135/2008": 0.22910162806510925,
      "H3N2 A/Hanam/53/2010": 1.0,
      "H3N2 A/New York/55/2004": 0.27961185574531555
    }
  },
  "H3N2 A/Perth/16/2009": {
    "H3N2 A/Hanam/135/2008": {
      "H3N2 A/Hanam/53/2010": 1.0,
      "H3N2 A/New York/55/2004": 0.13053670525550842
    },
    "H3N2 A/Tasmania/1/1997": {
      "H3N2 A/Panama/2007/1999": 0.25163534283638,
      "H3N2 A/Christchurch/1/1996": 1.0
    },
    "H3N2 A/Hanam/53/2010": {
      "H3N2 A/Hanam/135/2008": 1.0
    },
    "H3N2 A/New York/55/2004": {
      "H3N2 A/Hanam/135/2008": 0.5409481525421143,
      "H3N2 A/Hanam/53/2010": 0.2556656002998352,
      "H3N2 A/Panama/2007/1999": 1.0
    },
    "H3N2 A/Panama/2007/1999": {
      "H3N2 A/Hanam/135/2008": 0.14434728026390076,
      "H3N2 A/Tasmania/1/1997": 0.5058184862136841,
      "H3N2 A/New York/55/2004": 1.0,
      "H3N2 A/Christchurch/1/1996": 0.38826829195022583
    },
    "H3N2 A/Christchurch/1/1996": {
      "H3N2 A/Tasmania/1/1997": 1.0,
      "H3N2 A/Panama/2007/1999": 0.2650863528251648
    }
  }
}