{
  "H3N2 A/Brisbane/10/2007": {
    "H3N2 A/Fujian/411/2002": {
      "H3N2 A/Fujian/140/2000": 1.0,
      "H3N2 A/Victoria/500/2009": 0.2117813229560852
    },
    "H3N2 A/Fujian/140/2000": {
      "H3N2 A/Fujian/411/2002": 1.0
    },
    "H3N2 A/Victoria/500/2009": {
      "H3N2 A/Fujian/411/2002": 0.18694734573364258,
      "H3N2 A/Perth/16/2009": 1.0
    },
    "H3N2 A/Perth/16/2009": {
      "H3N2 A/Victoria/500/2009": 1.0
    }
  },
  "H3N2 A/Fujian/411/2002": {
    "H3N2 A/Brisbane/10/2007": {
      "H3N2 A/Victoria/500/2009": 1.0,
      "H3N2 A/Perth/16/2009": 0.22211946547031403
    },
    "H3N2 A/Fujian/140/2000": {
      "H3N2 A/Brisbane/10/2007": 1.0,
      "H3N2 A/Perth/16/2009": 0.2863883972167969
    },
    "H3N2 A/Victoria/500/2009": {
      "H3N2 A/Brisbane/10/2007": 1.0,
      "H3N2 A/Perth/16/2009": 0.608623206615448
    },
    "H3N2 A/Perth/16/2009": {
      "H3N2 A/Brisbane/10/2007": 0.23461025953292847,
      "H3N2 A/Victoria/500/2009": 1.0
    }
  },
  "H3N2 A/Fujian/140/2000": {
    "H3N2 A/Brisbane/10/2007": {
      "H3N2 A/Fujian/411/2002": 0.23519158363342285,
      "H3N2 A/Victoria/500/2009": 1.0,
      "H3N2 A/Perth/16/2009": 0.30552685260772705
    },
    "H3N2 A/Fujian/411/2002": {
      "H3N2 A/Brisbane/10/2007": 1.0
    },
    "H3N2 A/Victoria/500/2009": {
      "H3N2 A/Brisbane/10/2007": 1.0,
      "H3N2 A/Perth/16/2009": 0.6286114454269409
    },
    "H3N2 A/Perth/16/2009": {
      "H3N2 A/Brisbane/10/2007": 0.3065519332885742,
      "H3N2 A/Victoria/500/2009": 1.0
    }
  },
  "H3N2 A/Victoria/500/2009": {
    "H3N2 A/Brisbane/10/2007": {
      "H3N2 A/Fujian/411/2002": 0.30626845359802246,
      "H3N2 A/Perth/16/2009": 1.0
    },
    "H3N2 A/Fujian/411/2002": {
      "H3N2 A/Brisbane/10/2007": 0.20537632703781128,
      "H3N2 A/Fujian/140/2000": 1.0
    },
    "H3N2 A/Fujian/140/2000": {
      "H3N2 A/Fujian/411/2002": 1.0
    },
    "H3N2 A/Perth/16/2009": {
      "H3N2 A/Brisbane/10/2007": 1.0
    }
  },
  "H3N2 A/Perth/16/2009": {
    "H3N2 A/Brisbane/10/2007": {
      "H3N2 A/Victoria/500/2009": 1.0
    },
    "H3N2 A/Fujian/411/2002": {
      "H3N2 A/Brisbane/10/2007": 0.1389571726322174,
      "H3N2 A/Fujian/140/2000": 1.0
    },
    "H3N2 A/Fujian/140/2000": {
      "H3N2 A/Fujian/411/2002": 1.0
    },
    "H3N2 A/Victoria/500/2009": {
      "H3N2 A/Brisbane/10/2007": 1.0
    }
  }
}