{
  "H3N2 A/Beijing/353/1989": {
    "H3N2 A/Beijing/32/1992": {
      "H3N2 A/Sichuan/2/1987": 1.0,
      "H3N2 A/Wuhan/359/1995": 0.49145612120628357
    },
    "H3N2 A/Hong Kong/4801/2014": {
      "H3N2 A/Texas/50/2012": 1.0,
      "H3N2 A/Sichuan/2/1987": 0.14863763749599457
    },
    "H3N2 A/Hong Kong/1/1968": {
      "H3N2 A/Beijing/32/1992": 0.2105238139629364,
      "H3N2 A/Texas/1/1977": 1.0
    },
    "H3N2 A/Bangkok/1/1979": {
      "H3N2 A/Texas/1/1977": 1.0
    },
    "H3N2 A/Texas/50/2012": {
      "H3N2 A/Hong Kong/4801/2014": 1.0
    },
    "H3N2 A/Texas/1/1977": {
      "H3N2 A/Bangkok/1/1979": 1.0,
      "H3N2 A/Sichuan/2/1987": 0.11132977157831192
    },
    "H3N2 A/Sichuan/2/1987": {
      "H3N2 A/Beijing/32/1992": 1.0,
      "H3N2 A/Texas/1/1977": 0.1309197098016739
    },
    "H3N2 A/Wuhan/359/1995": {
      "H3N2 A/Beijing/32/1992": 1.0
    }
  },
  "H3N2 A/Beijing/32/1992": {
    "H3N2 A/Beijing/353/1989": {
      "H3N2 A/Bangkok/1/1979": 0.49965524673461914,
      "H3N2 A/Sichuan/2/1987": 1.0,
      "H3N2 A/Wuhan/359/1995": 0.18736854195594788
    },
    "H3N2 A/Hong Kong/4801/2014": {
      "H3N2 A/Texas/50/2012": 1.0
    },
    "H3N2 A/Hong Kong/1/1968": {
      "H3N2 A/Beijing/353/1989": 0.20567655563354492,
      "H3N2 A/Texas/1/1977": 1.0
    },
    "H3N2 A/Bangkok/1/1979": {
      "H3N2 A/Beijing/353/1989": 0.23386287689208984,
      "H3N2 A/Texas/1/1977": 1.0
    },
    "H3N2 A/Texas/50/2012": {
      "H3N2 A/Hong Kong/4801/2014": 1.0
    },
    "H3N2 A/Texas/1/1977": {
      "H3N2 A/Bangkok/1/1979": 1.0,
      "H3N2 A/Sichuan/2/1987": 0.19731135666370392
    },
    "H3N2 A/Sichuan/2/1987": {
      "H3N2 A/Beijing/353/1989": 1.0,
      "H3N2 A/Texas/1/1977": 0.46567797660827637,
      "H3N2 A/Wuhan/359/1995": 0.7693663835525513
    },
    "H3N2 A/Wuhan/359/1995": {
      "H3N2 A/Beijing/353/1989": 0.24492473900318146,
      "H3N2 A/Sichuan/2/1987": 1.0
    }
  },
  "H3N2 A/Hong Kong/4801/2014": {
    "H3N2 A/Beijing/353/1989": {
      "H3N2 A/Bangkok/1/1979": 0.5395536422729492,
      "H3N2 A/Sichuan/2/1987": 1.0,
      "H3N2 A/Wuhan/359/1995": 0.16979236900806427
    },
    "H3N2 A/Beijing/32/1992": {
      "H3N2 A/Sichuan/2/1987": 1.0,
      "H3N2 A/Wuhan/359/1995": 0.5268043279647827
    },
    "H3N2 A/Hong Kong/1/1968": {
      "H3N2 A/Beijing/353/1989": 0.2602088153362274,
      "H3N2 A/Beijing/32/1992": 0.29920893907546997,
      "H3N2 A/Texas/50/2012": 0.1377571076154709,
      "H3N2 A/Texas/1/1977": 1.0
    },
    "H3N2 A/Bangkok/1/1979": {
      "H3N2 A/Beijing/353/1989": 0.22541052103042603,
      "H3N2 A/Texas/1/1977": 1.0
    },
    "H3N2 A/Texas/50/2012": {
      "H3N2 A/Beijing/353/1989": 1.0,
      "H3N2 A/Beijing/32/1992": 0.5260931849479675,
      "H3N2 A/Hong Kong/1/1968": 0.3903340995311737,
      "H3N2 A/Bangkok/1/1979": 0.7337697148323059,
      "H3N2 A/Texas/1/1977": 0.17591039836406708,
      "H3N2 A/Sichuan/2/1987": 0.805611789226532,
      "H3N2 A/Wuhan/359/1995": 0.9439811110496521
    },
    "H3N2 A/Texas/1/1977": {
      "H3N2 A/Bangkok/1/1979": 1.0
    },
    "H3N2 A/Sichuan/2/1987": {
      "H3N2 A/Beijing/353/1989": 0.45041191577911377,
      "H3N2 A/Beijing/32/1992": 1.0,
      "H3N2 A/Texas/1/1977": 0.12760987877845764
    },
    "H3N2 A/Wuhan/359/1995": {
      "H3N2 A/Beijing/353/1989": 0.1772979348897934,
      "H3N2 A/Beijing/32/1992": 1.0
    }
  },
  "H3N2 A/Hong Kong/1/1968": {
    "H3N2 A/Beijing/353/1989": {
      "H3N2 A/Bangkok/1/1979": 0.5872032046318054,
      "H3N2 A/Sichuan/2/1987": 1.0,
      "H3N2 A/Wuhan/359/1995": 0.16617585718631744
    },
    "H3N2 A/Beijing/32/1992": {
      "H3N2 A/Sichuan/2/1987": 1.0,
      "H3N2 A/Wuhan/359/1995": 0.45506584644317627
    },
    "H3N2 A/Hong Kong/4801/2014": {
      "H3N2 A/Texas/50/2012": 1.0
    },
    "H3N2 A/Bangkok/1/1979": {
      "H3N2 A/Beijing/353/1989": 0.22514662146568298,
      "H3N2 A/Texas/1/1977": 1.0
    },
    "H3N2 A/Texas/50/2012": {
      "H3N2 A/Hong Kong/4801/2014": 1.0
    },
    "H3N2 A/Texas/1/1977": {
      "H3N2 A/Bangkok/1/1979": 1.0,
      "H3N2 A/Sichuan/2/1987": 0.10861150175333023
    },
    "H3N2 A/Sichuan/2/1987": {
      "H3N2 A/Beijing/353/1989": 0.3827962279319763,
      "H3N2 A/Beijing/32/1992": 1.0,
      "H3N2 A/Texas/1/1977": 0.13118577003479004
    },
    "H3N2 A/Wuhan/359/1995": {
      "H3N2 A/Beijing/353/1989": 0.18825367093086243,
      "H3N2 A/Beijing/32/1992": 1.0
    }
  },
  "H3N2 A/Bangkok/1/1979": {
    "H3N2 A/Beijing/353/1989": {
      "H3N2 A/Texas/1/1977": 0.14906316995620728,
      "H3N2 A/Sichuan/2/1987": 1.0,
      "H3N2 A/Wuhan/359/1995": 0.15470705926418304
    },
    "H3N2 A/Beijing/32/1992": {
      "H3N2 A/Sichuan/2/1987": 1.0,
      "H3N2 A/Wuhan/359/1995": 0.5179710984230042
    },
    "H3N2 A/Hong Kong/4801/2014": {
      "H3N2 A/Texas/50/2012": 1.0
    },
    "H3N2 A/Hong Kong/1/1968": {
      "H3N2 A/Beijing/353/1989": 0.3522402346134186,
      "H3N2 A/Beijing/32/1992": 0.29984748363494873,
      "H3N2 A/Hong Kong/4801/2014": 0.139175146818161,
      "H3N2 A/Texas/1/1977": 1.0
    },
    "H3N2 A/Texas/50/2012": {
      "H3N2 A/Hong Kong/4801/2014": 1.0
    },
    "H3N2 A/Texas/1/1977": {
      "H3N2 A/Beijing/353/1989": 0.42904067039489746,
      "H3N2 A/Beijing/32/1992": 0.10854974389076233,
      "H3N2 A/Hong Kong/1/1968": 0.3538587987422943,
      "H3N2 A/Sichuan/2/1987": 1.0,
      "H3N2 A/Wuhan/359/1995": 0.20137575268745422
    },
    "H3N2 A/Sichuan/2/1987": {
      "H3N2 A/Beijing/353/1989": 0.41998329758644104,
      "H3N2 A/Beijing/32/1992": 1.0,
      "H3N2 A/Texas/1/1977": 0.16590949892997742
    },
    "H3N2 A/Wuhan/359/1995": {
      "H3N2 A/Beijing/353/1989": 0.1533115804195404,
      "H3N2 A/Beijing/32/1992": 1.0
    }
  },
  "H3N2 A/Texas/50/2012": {
    "H3N2 A/Beijing/353/1989": {
      "H3N2 A/Hong Kong/4801/2014": 0.10377998650074005,
      "H3N2 A/Bangkok/1/1979": 0.6115671992301941,
      "H3N2 A/Sichuan/2/1987": 1.0,
      "H3N2 A/Wuhan/359/1995": 0.20446491241455078
    },
    "H3N2 A/Beijing/32/1992": {
      "H3N2 A/Sichuan/2/1987": 1.0,
      "H3N2 A/Wuhan/359/1995": 0.5087510347366333
    },
    "H3N2 A/Hong Kong/4801/2014": {
      "H3N2 A/Beijing/353/1989": 0.6410699486732483,
      "H3N2 A/Beijing/32/1992": 0.4632710814476013,
      "H3N2 A/Hong Kong/1/1968": 0.186066135764122,
      "H3N2 A/Texas/1/1977": 0.14810103178024292,
      "H3N2 A/Sichuan/2/1987": 1.0,
      "H3N2 A/Wuhan/359/1995": 0.2283981591463089
    },
    "H3N2 A/Hong Kong/1/1968": {
      "H3N2 A/Beijing/353/1989": 0.34348592162132263,
      "H3N2 A/Beijing/32/1992": 0.3052877187728882,
      "H3N2 A/Hong Kong/4801/2014": 0.2376774549484253,
      "H3N2 A/Texas/1/1977": 1.0
    },
    "H3N2 A/Bangkok/1/1979": {
      "H3N2 A/Beijing/353/1989": 0.22695434093475342,
      "H3N2 A/Texas/1/1977": 1.0
    },
    "H3N2 A/Texas/1/1977": {
      "H3N2 A/Bangkok/1/1979": 1.0,
      "H3N2 A/Sichuan/2/1987": 0.10354304313659668
    },
    "H3N2 A/Sichuan/2/1987": {
      "H3N2 A/Beijing/353/1989": 0.37364739179611206,
      "H3N2 A/Beijing/32/1992": 1.0,
      "H3N2 A/Texas/1/1977": 0.12350833415985107
    },
    "H3N2 A/Wuhan/359/1995": {
      "H3N2 A/Beijing/353/1989": 0.1810283064842224,
      "H3N2 A/Beijing/32/1992": 1.0
    }
  },
  "H3N2 A/Texas/1/1977": {
    "H3N2 A/Beijing/353/1989": {
      "H3N2 A/Bangkok/1/1979": 0.6345207095146179,
      "H3N2 A/Sichuan/2/1987": 1.0,
      "H3N2 A/Wuhan/359/1995": 0.17480912804603577
    },
    "H3N2 A/Beijing/32/1992": {
      "H3N2 A/Sichuan/2/1987": 1.0,
      "H3N2 A/Wuhan/359/1995": 0.42507433891296387
    },
    "H3N2 A/Hong Kong/4801/2014": {
      "H3N2 A/Texas/50/2012": 1.0
    },
    "H3N2 A/Hong Kong/1/1968": {
      "H3N2 A/Beijing/353/1989": 0.5339868664741516,
      "H3N2 A/Beijing/32/1992": 0.5649383664131165,
      "H3N2 A/Hong Kong/4801/2014": 0.20233166217803955,
      "H3N2 A/Bangkok/1/1979": 1.0,
      "H3N2 A/Sichuan/2/1987": 0.2831910252571106
    },