{
  "H3N2 A/Beijing/353/1989": {
    "H3N2 A/Perth/16/2009": {
      "H3N2 A/Brisbane/10/2007": 0.12665162980556488,
      "H3N2 A/Texas/50/2012": 1.0
    },
    "H3N2 A/Beijing/32/1992": {
      "H3N2 A/Wuhan/359/1995": 1.0
    },
    "H3N2 A/Victoria/3/1975": {
      "H3N2 A/Bangkok/1/1979": 1.0
    },
    "H3N2 A/California/7/2004": {
      "H3N2 A/Brisbane/10/2007": 0.7870426774024963,
      "H3N2 A/Fujian/411/2002": 1.0
    },
    "H3N2 A/Bangkok/1/1979": {
      "H3N2 A/Beijing/32/1992": 0.10266216099262238,
      "H3N2 A/Victoria/3/1975": 1.0
    },
    "H3N2 A/Brisbane/10/2007": {
      "H3N2 A/Perth/16/2009": 0.36457955837249756,
      "H3N2 A/California/7/2004": 1.0,
      "H3N2 A/Texas/50/2012": 0.5799993872642517,
      "H3N2 A/Fujian/411/2002": 0.11074665188789368,
      "H3N2 A/Wuhan/359/1995": 0.10712692886590958
    },
    "H3N2 A/Texas/50/2012": {
      "H3N2 A/Perth/16/2009": 1.0,
      "H3N2 A/Brisbane/10/2007": 0.1886911690235138
    },
    "H3N2 A/Fujian/411/2002": {
      "H3N2 A/California/7/2004": 1.0,
      "H3N2 A/Wuhan/359/1995": 0.5693550705909729
    },
    "H3N2 A/Wuhan/359/1995": {
      "H3N2 A/Beijing/32/1992": 1.0,
      "H3N2 A/Fujian/411/2002": 0.7153825163841248
    }
  },
  "H3N2 A/Perth/16/2009": {
    "H3N2 A/Beijing/353/1989": {
      "H3N2 A/Beijing/32/1992": 0.2569906711578369,
      "H3N2 A/Bangkok/1/1979": 1.0,
      "H3N2 A/Wuhan/359/1995": 0.293518602848053
    },
    "H3N2 A/Beijing/32/1992": {
      "H3N2 A/Beijing/353/1989": 0.21986161172389984,
      "H3N2 A/Wuhan/359/1995": 1.0
    },
    "H3N2 A/Victoria/3/1975": {
      "H3N2 A/Bangkok/1/1979": 1.0
    },
    "H3N2 A/California/7/2004": {
      "H3N2 A/Brisbane/10/2007": 0.8539268374443054,
      "H3N2 A/Fujian/411/2002": 1.0
    },
    "H3N2 A/Bangkok/1/1979": {
      "H3N2 A/Beijing/353/1989": 0.9991665482521057,
      "H3N2 A/Victoria/3/1975": 1.0
    },
    "H3N2 A/Brisbane/10/2007": {
      "H3N2 A/California/7/2004": 0.9084954261779785,
      "H3N2 A/Texas/50/2012": 1.0,
      "H3N2 A/Wuhan/359/1995": 0.11458905041217804
    },
    "H3N2 A/Texas/50/2012": {
      "H3N2 A/California/7/2004": 0.1151544526219368,
      "H3N2 A/Brisbane/10/2007": 1.0
    },
    "H3N2 A/Fujian/411/2002": {
      "H3N2 A/California/7/2004": 1.0,
      "H3N2 A/Wuhan/359/1995": 0.5835065245628357
    },
    "H3N2 A/Wuhan/359/1995": {
      "H3N2 A/Beijing/353/1989": 0.23330163955688477,
      "H3N2 A/Beijing/32/1992": 1.0,
      "H3N2 A/Brisbane/10/2007": 0.12676066160202026,
      "H3N2 A/Fujian/411/2002": 0.8619053959846497
    }
  },
  "H3N2 A/Beijing/32/1992": {
    "H3N2 A/Beijing/353/1989": {
      "H3N2 A/Bangkok/1/1979": 1.0,
      "H3N2 A/Wuhan/359/1995": 0.7890322208404541
    },
    "H3N2 A/Perth/16/2009": {
      "H3N2 A/Brisbane/10/2007": 0.12732696533203125,
      "H3N2 A/Texas/50/2012": 1.0
    },
    "H3N2 A/Victoria/3/1975": {
      "H3N2 A/Bangkok/1/1979": 1.0
    },
    "H3N2 A/California/7/2004": {
      "H3N2 A/Brisbane/10/2007": 0.7947957515716553,
      "H3N2 A/Fujian/411/2002": 1.0
    },
    "H3N2 A/Bangkok/1/1979": {
      "H3N2 A/Beijing/353/1989": 1.0,
      "H3N2 A/Victoria/3/1975": 0.9647718667984009
    },
    "H3N2 A/Brisbane/10/2007": {
      "H3N2 A/Perth/16/2009": 0.3686729967594147,
      "H3N2 A/California/7/2004": 1.0,
      "H3N2 A/Texas/50/2012": 0.582598090171814,
      "H3N2 A/Fujian/411/2002": 0.11909212172031403,
      "H3N2 A/Wuhan/359/1995": 0.17591384053230286
    },
    "H3N2 A/Texas/50/2012": {
      "H3N2 A/Perth/16/2009": 1.0,
      "H3N2 A/Brisbane/10/2007": 0.1844954490661621
    },
    "H3N2 A/Fujian/411/2002": {
      "H3N2 A/California/7/2004": 1.0,
      "H3N2 A/Wuhan/359/1995": 0.5122842788696289
    },
    "H3N2 A/Wuhan/359/1995": {
      "H3N2 A/Beijing/353/1989": 0.8493906259536743,
      "H3N2 A/California/7/2004": 0.1254071593284607,
      "H3N2 A/Brisbane/10/2007": 0.24386204779148102,
      "H3N2 A/Fujian/411/2002": 1.0
    }
  },
  "H3N2 A/Victoria/3/1975": {
    "H3N2 A/Beijing/353/1989": {
      "H3N2 A/Beijing/32/1992": 0.3831089735031128,
      "H3N2 A/Bangkok/1/1979": 1.0,
      "H3N2 A/Wuhan/359/1995": 0.39892974495887756
    },
    "H3N2 A/Perth/16/2009": {
      "H3N2 A/Brisbane/10/2007": 0.12568670511245728,
      "H3N2 A/Texas/50/2012": 1.0
    },
    "H3N2 A/Beijing/32/1992": {
      "H3N2 A/Beijing/353/1989": 0.20153354108333588,
      "H3N2 A/Wuhan/359/1995": 1.0
    },
    "H3N2 A/California/7/2004": {
      "H3N2 A/Brisbane/10/2007": 0.7697592377662659,
      "H3N2 A/Fujian/411/2002": 1.0
    },
    "H3N2 A/Bangkok/1/1979": {
      "H3N2 A/Beijing/353/1989": 1.0
    },
    "H3N2 A/Brisbane/10/2007": {
      "H3N2 A/Perth/16/2009": 0.35569965839385986,
      "H3N2 A/California/7/2004": 1.0,
      "H3N2 A/Texas/50/2012": 0.5559664368629456,
      "H3N2 A/Wuhan/359/1995": 0.1074574738740921
    },
    "H3N2 A/Texas/50/2012": {
      "H3N2 A/Perth/16/2009": 1.0,
      "H3N2 A/Brisbane/10/2007": 0.18535691499710083
    },
    "H3N2 A/Fujian/411/2002": {
      "H3N2 A/California/7/2004": 1.0,
      "H3N2 A/Wuhan/359/1995": 0.5541484951972961
    },
    "H3N2 A/Wuhan/359/1995": {
      "H3N2 A/Beijing/353/1989": 0.2230863720178604,
      "H3N2 A/Beijing/32/1992": 1.0,
      "H3N2 A/Brisbane/10/2007": 0.10232463479042053,
      "H3N2 A/Fujian/411/2002": 0.8367658257484436
    }
  },
  "H3N2 A/California/7/2004": {
    "H3N2 A/Beijing/353/1989": {
      "H3N2 A/Beijing/32/1992": 0.26164475083351135,
      "H3N2 A/Bangkok/1/1979": 1.0,
      "H3N2 A/Wuhan/359/1995": 0.29229623079299927
    },
    "H3N2 A/Perth/16/2009": {
      "H3N2 A/Brisbane/10/2007": 0.1491803079843521,
      "H3N2 A/Texas/50/2012": 1.0
    },
    "H3N2 A/Beijing/32/1992": {
      "H3N2 A/Beijing/353/1989": 0.21840612590312958,
      "H3N2 A/Wuhan/359/1995": 1.0
    },
    "H3N2 A/Victoria/3/1975": {
      "H3N2 A/Bangkok/1/1979": 1.0
    },
    "H3N2 A/Bangkok/1/1979": {
      "H3N2 A/Beijing/353/1989": 1.0,
      "H3N2 A/Victoria/3/1975": 0.9787160754203796
    },
    "H3N2 A/Brisbane/10/2007": {
      "H3N2 A/Perth/16/2009": 0.5771843791007996,
      "H3N2 A/Texas/50/2012": 1.0,
      "H3N2 A/Fujian/411/2002": 0.7414709329605103,
      "H3N2 A/Wuhan/359/1995": 0.11960142105817795
    },
    "H3N2 A/Texas/50/2012": {
      "H3N2 A/Perth/16/2009": 1.0,
      "H3N2 A/Brisbane/10/2007": 0.2416771948337555
    },
    "H3N2 A/Fujian/411/2002": {
      "H3N2 A/Brisbane/10/2007": 0.6296768188476562,
      "H3N2 A/Wuhan/359/1995": 1.0
    },
    "H3N2 A/Wuhan/359/1995": {
      "H3N2 A/Beijing/353/1989": 0.22792556881904602,
      "H3N2 A/Beijing/32/1992": 1.0,
      "H3N2 A/Fujian/411/2002": 0.9748846292495728
    }
  },
  "H3N2 A/Bangkok/1/1979": {
    "H3N2 A/Beijing/353/1989": {
      "H3N2 A/Perth/16/2009": 0.16248273849487305,
      "H3N2 A/Beijing/32/1992": 1.0,
      "H3N2 A/Wuhan/359/1995": 0.7026116847991943
    },
    "H3N2 A/Perth/16/2009": {
      "H3N2 A/Brisbane/10/2007": 0.1243305429816246,
      "H3N2 A/Texas/50/2012": 1.0
    },
    "H3N2 A/Beijing/32/1992": {
      "H3N2 A/Beijing/353/1989": 0.26852163672447205,
      "H3N2 A/Wuhan/359/1995": 1.0
    },
    "H3N2 A/Victoria/3/1975": {
      "H3N2 A/Beijing/353/1989": 0.708833634853363,
      "H3N2 A/Beijing/32/1992": 1.0,
      "H3N2 A/California/7/2004": 0.19617316126823425,
      "H3N2 A/Brisbane/10/2007": 0.43695902824401855,
      "H3N2 A/Fujian/411/2002": 0.7398485541343689
    },
    "H3N2 A/California/7/2004": {
      "H3N2 A/Brisbane/10/2007": 0.8131864070892334,
      "H3N2 A/Fujian/411/2002": 1.0
    },
    "H3N2 A/Brisbane/10/2007": {
      "H3N2 A/Perth/16/2009": 0.35237255692481995,
      "H3N2 A/California/7/2004": 1.0,
      "H3N2 A/Texas/50/2012": 0.5587879419326782,
      "H3N2 A/Fujian/411/2002": 0.10435407608747482,
      "H3N2 A/Wuhan/359/1995": 0.11510208994150162
    },
    "H3N2 A/Texas/50/2012": {
      "H3N2 A/Perth/16/2009": 1.0,
      "H3N2 A/Brisbane/10/2007": 0.18586105108261108
    },