{
  "H3N2 A/Beijing/353/1989": {
    "H3N2 A/Beijing/32/1992": {
      "H3N2 A/Sichuan/2/1987": 1.0,
      "H3N2 A/Wuhan/359/1995": 0.4914567768573761
    },
    "H3N2 A/Hong Kong/4801/2014": {
      "H3N2 A/Texas/50/2012": 1.0,
      "H3N2 A/Sichuan/2/1987": 0.14863629639148712
    },
    "H3N2 A/Hong Kong/1/1968": {
      "H3N2 A/Beijing/32/1992": 0.21052370965480804,
      "H3N2 A/Texas/1/1977": 1.0
    },
    "H3N2 A/Bangkok/1/1979": {
      "H3N2 A/Texas/1/1977": 1.0
    },
    "H3N2 A/Texas/50/2012": {
      "H3N2 A/Hong Kong/4801/2014": 1.0
    },
    "H3N2 A/Texas/1/1977": {
      "H3N2 A/Bangkok/1/1979": 1.0,
      "H3N2 A/Sichuan/2/1987": 0.11132941395044327
    },
    "H3N2 A/Sichuan/2/1987": {
      "H3N2 A/Beijing/32/1992": 1.0,
      "H3N2 A/Texas/1/1977": 0.13091978430747986
    },
    "H3N2 A/Wuhan/359/1995": {
      "H3N2 A/Beijing/32/1992": 1.0
    }
  },
  "H3N2 A/Beijing/32/1992": {
    "H3N2 A/Beijing/353/1989": {
      "H3N2 A/Bangkok/1/1979": 0.4996562898159027,
      "H3N2 A/Sichuan/2/1987": 1.0,
      "H3N2 A/Wuhan/359/1995": 0.18736916780471802
    },
    "H3N2 A/Hong Kong/4801/2014": {
      "H3N2 A/Texas/50/2012": 1.0
    },
    "H3N2 A/Hong Kong/1/1968": {
      "H3N2 A/Beijing/353/1989": 0.20567968487739563,
      "H3N2 A/Texas/1/1977": 1.0
    },
    "H3N2 A/Bangkok/1/1979": {
      "H3N2 A/Beijing/353/1989": 0.23386353254318237,
      "H3N2 A/Texas/1/1977": 1.0
    },
    "H3N2 A/Texas/50/2012": {
      "H3N2 A/Hong Kong/4801/2014": 1.0
    },
    "H3N2 A/Texas/1/1977": {
      "H3N2 A/Bangkok/1/1979": 1.0,
      "H3N2 A/Sichuan/2/1987": 0.19731087982654572
    },
    "H3N2 A/Sichuan/2/1987": {
      "H3N2 A/Beijing/353/1989": 1.0,
      "H3N2 A/Texas/1/1977": 0.46567302942276,
      "H3N2 A/Wuhan/359/1995": 0.7693568468093872
    },
    "H3N2 A/Wuhan/359/1995": {
      "H3N2 A/Beijing/353/1989": 0.24492473900318146,
      "H3N2 A/Sichuan/2/1987": 1.0
    }
  },
  "H3N2 A/Hong Kong/4801/2014": {
    "H3N2 A/Beijing/353/1989": {
      "H3N2 A/Bangkok/1/1979": 0.539550244808197,
      "H3N2 A/Sichuan/2/1987": 1.0,
      "H3N2 A/Wuhan/359/1995": 0.16979339718818665
    },
    "H3N2 A/Beijing/32/1992": {
      "H3N2 A/Sichuan/2/1987": 1.0,
      "H3N2 A/Wuhan/359/1995": 0.5268055200576782
    },
    "H3N2 A/Hong Kong/1/1968": {
      "H3N2 A/Beijing/353/1989": 0.2602110505104065,
      "H3N2 A/Beijing/32/1992": 0.2992148697376251,
      "H3N2 A/Texas/50/2012": 0.13776051998138428,
      "H3N2 A/Texas/1/1977": 1.0
    },
    "H3N2 A/Bangkok/1/1979": {
      "H3N2 A/Beijing/353/1989": 0.2254100888967514,
      "H3N2 A/Texas/1/1977": 1.0
    },
    "H3N2 A/Texas/50/2012": {
      "H3N2 A/Beijing/353/1989": 1.0,
      "H3N2 A/Beijing/32/1992": 0.5261002779006958,
      "H3N2 A/Hong Kong/1/1968": 0.3903422951698303,
      "H3N2 A/Bangkok/1/1979": 0.7337742447853088,
      "H3N2 A/Texas/1/1977": 0.17590463161468506,
      "H3N2 A/Sichuan/2/1987": 0.8056080937385559,
      "H3N2 A/Wuhan/359/1995": 0.9439801573753357
    },
    "H3N2 A/Texas/1/1977": {
      "H3N2 A/Bangkok/1/1979": 1.0
    },
    "H3N2 A/Sichuan/2/1987": {
      "H3N2 A/Beijing/353/1989": 0.4504116475582123,
      "H3N2 A/Beijing/32/1992": 1.0,
      "H3N2 A/Texas/1/1977": 0.12760861217975616
    },
    "H3N2 A/Wuhan/359/1995": {
      "H3N2 A/Beijing/353/1989": 0.177296981215477,
      "H3N2 A/Beijing/32/1992": 1.0
    }
  },
  "H3N2 A/Hong Kong/1/1968": {
    "H3N2 A/Beijing/353/1989": {
      "H3N2 A/Bangkok/1/1979": 0.5871958136558533,
      "H3N2 A/Sichuan/2/1987": 1.0,
      "H3N2 A/Wuhan/359/1995": 0.16617482900619507
    },
    "H3N2 A/Beijing/32/1992": {
      "H3N2 A/Sichuan/2/1987": 1.0,
      "H3N2 A/Wuhan/359/1995": 0.4550665318965912
    },
    "H3N2 A/Hong Kong/4801/2014": {
      "H3N2 A/Texas/50/2012": 1.0
    },
    "H3N2 A/Bangkok/1/1979": {
      "H3N2 A/Beijing/353/1989": 0.22514688968658447,
      "H3N2 A/Texas/1/1977": 1.0
    },
    "H3N2 A/Texas/50/2012": {
      "H3N2 A/Hong Kong/4801/2014": 1.0
    },
    "H3N2 A/Texas/1/1977": {
      "H3N2 A/Bangkok/1/1979": 1.0,
      "H3N2 A/Sichuan/2/1987": 0.10861160606145859
    },
    "H3N2 A/Sichuan/2/1987": {
      "H3N2 A/Beijing/353/1989": 0.3827942907810211,
      "H3N2 A/Beijing/32/1992": 1.0,
      "H3N2 A/Texas/1/1977": 0.1311848759651184
    },
    "H3N2 A/Wuhan/359/1995": {
      "H3N2 A/Beijing/353/1989": 0.18825370073318481,
      "H3N2 A/Beijing/32/1992": 1.0
    }
  },
  "H3N2 A/Bangkok/1/1979": {
    "H3N2 A/Beijing/353/1989": {
      "H3N2 A/Texas/1/1977": 0.14906519651412964,
      "H3N2 A/Sichuan/2/1987": 1.0,
      "H3N2 A/Wuhan/359/1995": 0.15470868349075317
    },
    "H3N2 A/Beijing/32/1992": {
      "H3N2 A/Sichuan/2/1987": 1.0,
      "H3N2 A/Wuhan/359/1995": 0.5179726481437683
    },
    "H3N2 A/Hong Kong/4801/2014": {
      "H3N2 A/Texas/50/2012": 1.0
    },
    "H3N2 A/Hong Kong/1/1968": {
      "H3N2 A/Beijing/353/1989": 0.35224252939224243,
      "H3N2 A/Beijing/32/1992": 0.29984644055366516,
      "H3N2 A/Hong Kong/4801/2014": 0.13917481899261475,
      "H3N2 A/Texas/1/1977": 1.0
    },
    "H3N2 A/Texas/50/2012": {
      "H3N2 A/Hong Kong/4801/2014": 1.0
    },
    "H3N2 A/Texas/1/1977": {
      "H3N2 A/Beijing/353/1989": 0.4290403425693512,
      "H3N2 A/Beijing/32/1992": 0.10854993015527725,
      "H3N2 A/Hong Kong/1/1968": 0.3538612425327301,
      "H3N2 A/Sichuan/2/1987": 1.0,
      "H3N2 A/Wuhan/359/1995": 0.2013792246580124
    },
    "H3N2 A/Sichuan/2/1987": {
      "H3N2 A/Beijing/353/1989": 0.41999194025993347,
      "H3N2 A/Beijing/32/1992": 1.0,
      "H3N2 A/Texas/1/1977": 0.16591128706932068
    },
    "H3N2 A/Wuhan/359/1995": {
      "H3N2 A/Beijing/353/1989": 0.1533094346523285,
      "H3N2 A/Beijing/32/1992": 1.0
    }
  },
  "H3N2 A/Texas/50/2012": {
    "H3N2 A/Beijing/353/1989": {
      "H3N2 A/Hong Kong/4801/2014": 0.1037793830037117,
      "H3N2 A/Bangkok/1/1979": 0.6115643382072449,
      "H3N2 A/Sichuan/2/1987": 1.0,
      "H3N2 A/Wuhan/359/1995": 0.2044641524553299
    },
    "H3N2 A/Beijing/32/1992": {
      "H3N2 A/Sichuan/2/1987": 1.0,
      "H3N2 A/Wuhan/359/1995": 0.5087479948997498
    },
    "H3N2 A/Hong Kong/4801/2014": {
      "H3N2 A/Beijing/353/1989": 0.6410620808601379,
      "H3N2 A/Beijing/32/1992": 0.4632653594017029,
      "H3N2 A/Hong Kong/1/1968": 0.1860671490430832,
      "H3N2 A/Texas/1/1977": 0.1481032371520996,
      "H3N2 A/Sichuan/2/1987": 1.0,
      "H3N2 A/Wuhan/359/1995": 0.22840049862861633
    },
    "H3N2 A/Hong Kong/1/1968": {
      "H3N2 A/Beijing/353/1989": 0.34348341822624207,
      "H3N2 A/Beijing/32/1992": 0.3052869141101837,
      "H3N2 A/Hong Kong/4801/2014": 0.23767460882663727,
      "H3N2 A/Texas/1/1977": 1.0
    },
    "H3N2 A/Bangkok/1/1979": {
      "H3N2 A/Beijing/353/1989": 0.22695481777191162,
      "H3N2 A/Texas/1/1977": 1.0
    },
    "H3N2 A/Texas/1/1977": {
      "H3N2 A/Bangkok/1/1979": 1.0,
      "H3N2 A/Sichuan/2/1987": 0.10354261100292206
    },
    "H3N2 A/Sichuan/2/1987": {
      "H3N2 A/Beijing/353/1989": 0.3736467659473419,
      "H3N2 A/Beijing/32/1992": 1.0,
      "H3N2 A/Texas/1/1977": 0.12350841611623764
    },
    "H3N2 A/Wuhan/359/1995": {
      "H3N2 A/Beijing/353/1989": 0.18102864921092987,
      "H3N2 A/Beijing/32/1992": 1.0
    }
  },
  "H3N2 A/Texas/1/1977": {
    "H3N2 A/Beijing/353/1989": {
      "H3N2 A/Bangkok/1/1979": 0.6345155239105225,
      "H3N2 A/Sichuan/2/1987": 1.0,
      "H3N2 A/Wuhan/359/1995": 0.1748075932264328
    },
    "H3N2 A/Beijing/32/1992": {
      "H3N2 A/Sichuan/2/1987": 1.0,
      "H3N2 A/Wuhan/359/1995": 0.42507249116897583
    },
    "H3N2 A/Hong Kong/4801/2014": {
      "H3N2 A/Texas/50/2012": 1.0
    },
    "H3N2 A/Hong Kong/1/1968": {
      "H3N2 A/Beijing/353/1989": 0.5339993238449097,
      "H3N2 A/Beijing/32/1992": 0.5649343729019165,
      "H3N2 A/Hong Kong/4801/2014": 0.20232903957366943,
      "H3N2 A/Bangkok/1/1979": 1.0,
      "H3N2 A/Sichuan/2/1987": 0.2831937074661255
    },