{
  "H3N2 A/Perth/16/2009": {
    "H3N2 A/Beijing/32/1992": {
      "H3N2 A/Wuhan/359/1995": 1.0
    },
    "H3N2 A/Victoria/500/2009": {
      "H3N2 A/Brisbane/10/2007": 1.0
    },
    "H3N2 A/California/7/2004": {
      "H3N2 A/Brisbane/10/2007": 1.0,
      "H3N2 A/Fujian/411/2002": 0.6520812511444092
    },
    "H3N2 A/Fujian/140/2000": {
      "H3N2 A/Fujian/411/2002": 0.5820114016532898,
      "H3N2 A/Victoria/507/1998": 1.0,
      "H3N2 A/Wuhan/359/1995": 0.7440541386604309
    },
    "H3N2 A/Brisbane/10/2007": {
      "H3N2 A/Victoria/500/2009": 0.5941860675811768,
      "H3N2 A/California/7/2004": 1.0
    },
    "H3N2 A/Fujian/411/2002": {
      "H3N2 A/California/7/2004": 1.0,
      "H3N2 A/Fujian/140/2000": 0.9036835432052612,
      "H3N2 A/Victoria/507/1998": 0.7087082266807556
    },
    "H3N2 A/Victoria/507/1998": {
      "H3N2 A/California/7/2004": 0.10622241348028183,
      "H3N2 A/Fujian/140/2000": 1.0,
      "H3N2 A/Fujian/411/2002": 0.5782250165939331,
      "H3N2 A/Wuhan/359/1995": 0.13335785269737244
    },
    "H3N2 A/Wuhan/359/1995": {
      "H3N2 A/Beijing/32/1992": 1.0,
      "H3N2 A/Fujian/140/2000": 0.8392117023468018,
      "H3N2 A/Victoria/507/1998": 0.15690109133720398
    }
  },
  "H3N2 A/Beijing/32/1992": {
    "H3N2 A/Perth/16/2009": {
      "H3N2 A/Victoria/500/2009": 1.0,
      "H3N2 A/Brisbane/10/2007": 0.30034780502319336
    },
    "H3N2 A/Victoria/500/2009": {
      "H3N2 A/Perth/16/2009": 1.0,
      "H3N2 A/Brisbane/10/2007": 0.10910217463970184
    },
    "H3N2 A/California/7/2004": {
      "H3N2 A/Brisbane/10/2007": 1.0,
      "H3N2 A/Fujian/411/2002": 0.7448098659515381,
      "H3N2 A/Victoria/507/1998": 0.16363771259784698
    },
    "H3N2 A/Fujian/140/2000": {
      "H3N2 A/Fujian/411/2002": 0.5295972228050232,
      "H3N2 A/Victoria/507/1998": 1.0,
      "H3N2 A/Wuhan/359/1995": 0.7270692586898804
    },
    "H3N2 A/Brisbane/10/2007": {
      "H3N2 A/Perth/16/2009": 0.5522664785385132,
      "H3N2 A/Victoria/500/2009": 0.24784120917320251,
      "H3N2 A/California/7/2004": 1.0
    },
    "H3N2 A/Fujian/411/2002": {
      "H3N2 A/California/7/2004": 1.0,
      "H3N2 A/Fujian/140/2000": 0.8810393214225769,
      "H3N2 A/Brisbane/10/2007": 0.11814185231924057,
      "H3N2 A/Victoria/507/1998": 0.6843603253364563
    },
    "H3N2 A/Victoria/507/1998": {
      "H3N2 A/Perth/16/2009": 0.12551826238632202,
      "H3N2 A/California/7/2004": 0.1381695419549942,
      "H3N2 A/Fujian/140/2000": 1.0,
      "H3N2 A/Fujian/411/2002": 0.5096032023429871,
      "H3N2 A/Wuhan/359/1995": 0.2003556787967682
    },
    "H3N2 A/Wuhan/359/1995": {
      "H3N2 A/Fujian/140/2000": 1.0,
      "H3N2 A/Victoria/507/1998": 0.21199575066566467
    }
  },
  "H3N2 A/Victoria/500/2009": {
    "H3N2 A/Perth/16/2009": {
      "H3N2 A/California/7/2004": 0.1003764271736145,
      "H3N2 A/Brisbane/10/2007": 1.0
    },
    "H3N2 A/Beijing/32/1992": {
      "H3N2 A/Wuhan/359/1995": 1.0
    },
    "H3N2 A/California/7/2004": {
      "H3N2 A/Perth/16/2009": 0.11744855344295502,
      "H3N2 A/Brisbane/10/2007": 1.0,
      "H3N2 A/Fujian/411/2002": 0.720297634601593,
      "H3N2 A/Victoria/507/1998": 0.13210557401180267
    },
    "H3N2 A/Fujian/140/2000": {
      "H3N2 A/Fujian/411/2002": 0.5778939723968506,
      "H3N2 A/Victoria/507/1998": 1.0,
      "H3N2 A/Wuhan/359/1995": 0.7437167167663574
    },
    "H3N2 A/Brisbane/10/2007": {
      "H3N2 A/Perth/16/2009": 1.0,
      "H3N2 A/California/7/2004": 0.9563367366790771
    },
    "H3N2 A/Fujian/411/2002": {
      "H3N2 A/California/7/2004": 1.0,
      "H3N2 A/Fujian/140/2000": 0.8992254734039307,
      "H3N2 A/Victoria/507/1998": 0.7222023606300354
    },
    "H3N2 A/Victoria/507/1998": {
      "H3N2 A/California/7/2004": 0.14241042733192444,
      "H3N2 A/Fujian/140/2000": 1.0,
      "H3N2 A/Fujian/411/2002": 0.5884314179420471,
      "H3N2 A/Wuhan/359/1995": 0.1447100043296814
    },
    "H3N2 A/Wuhan/359/1995": {
      "H3N2 A/Beijing/32/1992": 1.0,
      "H3N2 A/Fujian/140/2000": 0.8335380554199219,
      "H3N2 A/Victoria/507/1998": 0.1706138402223587
    }
  },
  "H3N2 A/California/7/2004": {
    "H3N2 A/Perth/16/2009": {
      "H3N2 A/Victoria/500/2009": 1.0,
      "H3N2 A/Brisbane/10/2007": 0.4123165011405945
    },
    "H3N2 A/Beijing/32/1992": {
      "H3N2 A/Wuhan/359/1995": 1.0
    },
    "H3N2 A/Victoria/500/2009": {
      "H3N2 A/Perth/16/2009": 1.0,
      "H3N2 A/Brisbane/10/2007": 0.13019928336143494
    },
    "H3N2 A/Fujian/140/2000": {
      "H3N2 A/Fujian/411/2002": 0.6166650652885437,
      "H3N2 A/Victoria/507/1998": 1.0,
      "H3N2 A/Wuhan/359/1995": 0.7263702154159546
    },
    "H3N2 A/Brisbane/10/2007": {
      "H3N2 A/Perth/16/2009": 1.0,
      "H3N2 A/Victoria/500/2009": 0.35756993293762207,
      "H3N2 A/Fujian/411/2002": 0.4682285487651825
    },
    "H3N2 A/Fujian/411/2002": {
      "H3N2 A/Fujian/140/2000": 1.0,
      "H3N2 A/Brisbane/10/2007": 0.4857252538204193,
      "H3N2 A/Victoria/507/1998": 0.9644054174423218
    },
    "H3N2 A/Victoria/507/1998": {
      "H3N2 A/Fujian/140/2000": 1.0,
      "H3N2 A/Fujian/411/2002": 0.7361001968383789,
      "H3N2 A/Wuhan/359/1995": 0.13428841531276703
    },
    "H3N2 A/Wuhan/359/1995": {
      "H3N2 A/Beijing/32/1992": 1.0,
      "H3N2 A/Fujian/140/2000": 0.8151595592498779,
      "H3N2 A/Victoria/507/1998": 0.16388021409511566
    }
  },
  "H3N2 A/Fujian/140/2000": {
    "H3N2 A/Perth/16/2009": {
      "H3N2 A/Victoria/500/2009": 1.0,
      "H3N2 A/Brisbane/10/2007": 0.2886798679828644
    },
    "H3N2 A/Beijing/32/1992": {
      "H3N2 A/Wuhan/359/1995": 1.0
    },
    "H3N2 A/Victoria/500/2009": {
      "H3N2 A/Perth/16/2009": 1.0,
      "H3N2 A/Brisbane/10/2007": 0.11831984668970108
    },
    "H3N2 A/California/7/2004": {
      "H3N2 A/Brisbane/10/2007": 1.0,
      "H3N2 A/Fujian/411/2002": 0.8297383189201355,
      "H3N2 A/Victoria/507/1998": 0.17052975296974182
    },
    "H3N2 A/Brisbane/10/2007": {
      "H3N2 A/Perth/16/2009": 0.5277595520019531,
      "H3N2 A/Victoria/500/2009": 0.26118147373199463,
      "H3N2 A/California/7/2004": 1.0
    },
    "H3N2 A/Fujian/411/2002": {
      "H3N2 A/California/7/2004": 0.7143076062202454,
      "H3N2 A/Victoria/507/1998": 1.0,
      "H3N2 A/Wuhan/359/1995": 0.1727467179298401
    },
    "H3N2 A/Victoria/507/1998": {
      "H3N2 A/California/7/2004": 0.14011640846729279,
      "H3N2 A/Fujian/411/2002": 1.0,
      "H3N2 A/Wuhan/359/1995": 0.4454199969768524
    },
    "H3N2 A/Wuhan/359/1995": {
      "H3N2 A/Beijing/32/1992": 1.0,
      "H3N2 A/Fujian/411/2002": 0.23605535924434662,
      "H3N2 A/Victoria/507/1998": 0.591966986656189
    }
  },
  "H3N2 A/Brisbane/10/2007": {
    "H3N2 A/Perth/16/2009": {
      "H3N2 A/Victoria/500/2009": 1.0,
      "H3N2 A/California/7/2004": 0.21180126070976257
    },
    "H3N2 A/Beijing/32/1992": {
      "H3N2 A/Wuhan/359/1995": 1.0
    },
    "H3N2 A/Victoria/500/2009": {
      "H3N2 A/Perth/16/2009": 1.0
    },
    "H3N2 A/California/7/2004": {
      "H3N2 A/Perth/16/2009": 0.4144611060619354,
      "H3N2 A/Victoria/500/2009": 0.1015036478638649,
      "H3N2 A/Fujian/411/2002": 1.0,
      "H3N2 A/Victoria/507/1998": 0.18031026422977448
    },
    "H3N2 A/Fujian/140/2000": {
      "H3N2 A/Fujian/411/2002": 0.5634477138519287,
      "H3N2 A/Victoria/507/1998": 1.0,
      "H3N2 A/Wuhan/359/1995": 0.7993249297142029
    },
    "H3N2 A/Fujian/411/2002": {
      "H3N2 A/California/7/2004": 1.0,
      "H3N2 A/Fujian/140/2000": 0.6740250587463379,
      "H3N2 A/Victoria/507/1998": 0.5751848816871643
    },
    "H3N2 A/Victoria/507/1998": {
      "H3N2 A/Perth/16/2009": 0.11427224427461624,
      "H3N2 A/California/7/2004": 0.15011681616306305,
      "H3N2 A/Fujian/140/2000": 1.0,
      "H3N2 A/Fujian/411/2002": 0.5985317826271057,
      "H3N2 A/Wuhan/359/1995": 0.13329380750656128
    },
    "H3N2 A/Wuhan/359/1995": {
      "H3N2 A/Beijing/32/1992": 1.0,
      "H3N2 A/Fujian/140/2000": 0.854752779006958,