{
  "H3N2 A/Beijing/353/1989": {
    "H3N2 A/Beijing/32/1992": {
      "H3N2 A/Sichuan/2/1987": 1.0,
      "H3N2 A/Wuhan/359/1995": 0.49145299196243286
    },
    "H3N2 A/Hong Kong/4801/2014": {
      "H3N2 A/Texas/50/2012": 1.0,
      "H3N2 A/Sichuan/2/1987": 0.14863726496696472
    },
    "H3N2 A/Hong Kong/1/1968": {
      "H3N2 A/Beijing/32/1992": 0.21051956713199615,
      "H3N2 A/Texas/1/1977": 1.0
    },
    "H3N2 A/Bangkok/1/1979": {
      "H3N2 A/Texas/1/1977": 1.0
    },
    "H3N2 A/Texas/50/2012": {
      "H3N2 A/Hong Kong/4801/2014": 1.0
    },
    "H3N2 A/Texas/1/1977": {
      "H3N2 A/Bangkok/1/1979": 1.0,
      "H3N2 A/Sichuan/2/1987": 0.11132819205522537
    },
    "H3N2 A/Sichuan/2/1987": {
      "H3N2 A/Beijing/32/1992": 1.0,
      "H3N2 A/Texas/1/1977": 0.13092130422592163
    },
    "H3N2 A/Wuhan/359/1995": {
      "H3N2 A/Beijing/32/1992": 1.0
    }
  },
  "H3N2 A/Beijing/32/1992": {
    "H3N2 A/Beijing/353/1989": {
      "H3N2 A/Bangkok/1/1979": 0.4996510446071625,
      "H3N2 A/Sichuan/2/1987": 1.0,
      "H3N2 A/Wuhan/359/1995": 0.18736878037452698
    },
    "H3N2 A/Hong Kong/4801/2014": {
      "H3N2 A/Texas/50/2012": 1.0
    },
    "H3N2 A/Hong Kong/1/1968": {
      "H3N2 A/Beijing/353/1989": 0.2056807428598404,
      "H3N2 A/Texas/1/1977": 1.0
    },
    "H3N2 A/Bangkok/1/1979": {
      "H3N2 A/Beijing/353/1989": 0.23386302590370178,
      "H3N2 A/Texas/1/1977": 1.0
    },
    "H3N2 A/Texas/50/2012": {
      "H3N2 A/Hong Kong/4801/2014": 1.0
    },
    "H3N2 A/Texas/1/1977": {
      "H3N2 A/Bangkok/1/1979": 1.0,
      "H3N2 A/Sichuan/2/1987": 0.19731061160564423
    },
    "H3N2 A/Sichuan/2/1987": {
      "H3N2 A/Beijing/353/1989": 1.0,
      "H3N2 A/Texas/1/1977": 0.4656711220741272,
      "H3N2 A/Wuhan/359/1995": 0.7693653702735901
    },
    "H3N2 A/Wuhan/359/1995": {
      "H3N2 A/Beijing/353/1989": 0.24492350220680237,
      "H3N2 A/Sichuan/2/1987": 1.0
    }
  },
  "H3N2 A/Hong Kong/4801/2014": {
    "H3N2 A/Beijing/353/1989": {
      "H3N2 A/Bangkok/1/1979": 0.5395495891571045,
      "H3N2 A/Sichuan/2/1987": 1.0,
      "H3N2 A/Wuhan/359/1995": 0.16979074478149414
    },
    "H3N2 A/Beijing/32/1992": {
      "H3N2 A/Sichuan/2/1987": 1.0,
      "H3N2 A/Wuhan/359/1995": 0.526807963848114
    },
    "H3N2 A/Hong Kong/1/1968": {
      "H3N2 A/Beijing/353/1989": 0.2602071762084961,
      "H3N2 A/Beijing/32/1992": 0.29920685291290283,
      "H3N2 A/Texas/50/2012": 0.1377568393945694,
      "H3N2 A/Texas/1/1977": 1.0
    },
    "H3N2 A/Bangkok/1/1979": {
      "H3N2 A/Beijing/353/1989": 0.22540953755378723,
      "H3N2 A/Texas/1/1977": 1.0
    },
    "H3N2 A/Texas/50/2012": {
      "H3N2 A/Beijing/353/1989": 1.0,
      "H3N2 A/Beijing/32/1992": 0.5261051058769226,
      "H3N2 A/Hong Kong/1/1968": 0.39032891392707825,
      "H3N2 A/Bangkok/1/1979": 0.7337977290153503,
      "H3N2 A/Texas/1/1977": 0.1759032905101776,
      "H3N2 A/Sichuan/2/1987": 0.8056215047836304,
      "H3N2 A/Wuhan/359/1995": 0.944007396697998
    },
    "H3N2 A/Texas/1/1977": {
      "H3N2 A/Bangkok/1/1979": 1.0
    },
    "H3N2 A/Sichuan/2/1987": {
      "H3N2 A/Beijing/353/1989": 0.4504108428955078,
      "H3N2 A/Beijing/32/1992": 1.0,
      "H3N2 A/Texas/1/1977": 0.12760958075523376
    },
    "H3N2 A/Wuhan/359/1995": {
      "H3N2 A/Beijing/353/1989": 0.17729787528514862,
      "H3N2 A/Beijing/32/1992": 1.0
    }
  },
  "H3N2 A/Hong Kong/1/1968": {
    "H3N2 A/Beijing/353/1989": {
      "H3N2 A/Bangkok/1/1979": 0.5871992111206055,
      "H3N2 A/Sichuan/2/1987": 1.0,
      "H3N2 A/Wuhan/359/1995": 0.16617532074451447
    },
    "H3N2 A/Beijing/32/1992": {
      "H3N2 A/Sichuan/2/1987": 1.0,
      "H3N2 A/Wuhan/359/1995": 0.4550631642341614
    },
    "H3N2 A/Hong Kong/4801/2014": {
      "H3N2 A/Texas/50/2012": 1.0
    },
    "H3N2 A/Bangkok/1/1979": {
      "H3N2 A/Beijing/353/1989": 0.22514569759368896,
      "H3N2 A/Texas/1/1977": 1.0
    },
    "H3N2 A/Texas/50/2012": {
      "H3N2 A/Hong Kong/4801/2014": 1.0
    },
    "H3N2 A/Texas/1/1977": {
      "H3N2 A/Bangkok/1/1979": 1.0,
      "H3N2 A/Sichuan/2/1987": 0.10861177742481232
    },
    "H3N2 A/Sichuan/2/1987": {
      "H3N2 A/Beijing/353/1989": 0.3827955424785614,
      "H3N2 A/Beijing/32/1992": 1.0,
      "H3N2 A/Texas/1/1977": 0.13118429481983185
    },
    "H3N2 A/Wuhan/359/1995": {
      "H3N2 A/Beijing/353/1989": 0.18825656175613403,
      "H3N2 A/Beijing/32/1992": 1.0
    }
  },
  "H3N2 A/Bangkok/1/1979": {
    "H3N2 A/Beijing/353/1989": {
      "H3N2 A/Texas/1/1977": 0.14906427264213562,
      "H3N2 A/Sichuan/2/1987": 1.0,
      "H3N2 A/Wuhan/359/1995": 0.15470603108406067
    },
    "H3N2 A/Beijing/32/1992": {
      "H3N2 A/Sichuan/2/1987": 1.0,
      "H3N2 A/Wuhan/359/1995": 0.5179681181907654
    },
    "H3N2 A/Hong Kong/4801/2014": {
      "H3N2 A/Texas/50/2012": 1.0
    },
    "H3N2 A/Hong Kong/1/1968": {
      "H3N2 A/Beijing/353/1989": 0.35224103927612305,
      "H3N2 A/Beijing/32/1992": 0.29984503984451294,
      "H3N2 A/Hong Kong/4801/2014": 0.13917523622512817,
      "H3N2 A/Texas/1/1977": 1.0
    },
    "H3N2 A/Texas/50/2012": {
      "H3N2 A/Hong Kong/4801/2014": 1.0
    },
    "H3N2 A/Texas/1/1977": {
      "H3N2 A/Beijing/353/1989": 0.4290398955345154,
      "H3N2 A/Beijing/32/1992": 0.10854971408843994,
      "H3N2 A/Hong Kong/1/1968": 0.3538551330566406,
      "H3N2 A/Sichuan/2/1987": 1.0,
      "H3N2 A/Wuhan/359/1995": 0.20137476921081543
    },
    "H3N2 A/Sichuan/2/1987": {
      "H3N2 A/Beijing/353/1989": 0.41999316215515137,
      "H3N2 A/Beijing/32/1992": 1.0,
      "H3N2 A/Texas/1/1977": 0.1659114956855774
    },
    "H3N2 A/Wuhan/359/1995": {
      "H3N2 A/Beijing/353/1989": 0.15330913662910461,
      "H3N2 A/Beijing/32/1992": 1.0
    }
  },
  "H3N2 A/Texas/50/2012": {
    "H3N2 A/Beijing/353/1989": {
      "H3N2 A/Hong Kong/4801/2014": 0.10378065705299377,
      "H3N2 A/Bangkok/1/1979": 0.6115644574165344,
      "H3N2 A/Sichuan/2/1987": 1.0,
      "H3N2 A/Wuhan/359/1995": 0.20446603000164032
    },
    "H3N2 A/Beijing/32/1992": {
      "H3N2 A/Sichuan/2/1987": 1.0,
      "H3N2 A/Wuhan/359/1995": 0.5087485909461975
    },
    "H3N2 A/Hong Kong/4801/2014": {
      "H3N2 A/Beijing/353/1989": 0.64106684923172,
      "H3N2 A/Beijing/32/1992": 0.46327072381973267,
      "H3N2 A/Hong Kong/1/1968": 0.18606139719486237,
      "H3N2 A/Texas/1/1977": 0.14810246229171753,
      "H3N2 A/Sichuan/2/1987": 1.0,
      "H3N2 A/Wuhan/359/1995": 0.22839903831481934
    },
    "H3N2 A/Hong Kong/1/1968": {
      "H3N2 A/Beijing/353/1989": 0.343487024307251,
      "H3N2 A/Beijing/32/1992": 0.30528363585472107,
      "H3N2 A/Hong Kong/4801/2014": 0.2376754730939865,
      "H3N2 A/Texas/1/1977": 1.0
    },
    "H3N2 A/Bangkok/1/1979": {
      "H3N2 A/Beijing/353/1989": 0.2269563525915146,
      "H3N2 A/Texas/1/1977": 1.0
    },
    "H3N2 A/Texas/1/1977": {
      "H3N2 A/Bangkok/1/1979": 1.0,
      "H3N2 A/Sichuan/2/1987": 0.10354430973529816
    },
    "H3N2 A/Sichuan/2/1987": {
      "H3N2 A/Beijing/353/1989": 0.3736458122730255,
      "H3N2 A/Beijing/32/1992": 1.0,
      "H3N2 A/Texas/1/1977": 0.12350945174694061
    },
    "H3N2 A/Wuhan/359/1995": {
      "H3N2 A/Beijing/353/1989": 0.18102796375751495,
      "H3N2 A/Beijing/32/1992": 1.0
    }
  },
  "H3N2 A/Texas/1/1977": {
    "H3N2 A/Beijing/353/1989": {
      "H3N2 A/Bangkok/1/1979": 0.6345245242118835,
      "H3N2 A/Sichuan/2/1987": 1.0,
      "H3N2 A/Wuhan/359/1995": 0.17480894923210144
    },
    "H3N2 A/Beijing/32/1992": {
      "H3N2 A/Sichuan/2/1987": 1.0,
      "H3N2 A/Wuhan/359/1995": 0.4250711500644684
    },
    "H3N2 A/Hong Kong/4801/2014": {
      "H3N2 A/Texas/50/2012": 1.0
    },
    "H3N2 A/Hong Kong/1/1968": {
      "H3N2 A/Beijing/353/1989": 0.5339924097061157,
      "H3N2 A/Beijing/32/1992": 0.5649429559707642,
      "H3N2 A/Hong Kong/4801/2014": 0.2023286521434784,
      "H3N2 A/Bangkok/1/1979": 1.0,
      "H3N2 A/Sichuan/2/1987": 0.28318920731544495
    },