{
  "H3N2 A/Perth/16/2009": {
    "H3N2 A/Hong Kong/4801/2014": {
      "H3N2 A/Texas/50/2012": 1.0
    },
    "H3N2 A/Philippines/2/1982": {
      "H3N2 A/Hong Kong/4801/2014": 0.5110176205635071,
      "H3N2 A/Brisbane/10/2007": 0.23796109855175018,
      "H3N2 A/Texas/50/2012": 0.961773693561554,
      "H3N2 A/Fujian/411/2002": 1.0
    },
    "H3N2 A/Brisbane/10/2007": {
      "H3N2 A/Texas/50/2012": 1.0,
      "H3N2 A/Fujian/411/2002": 0.28973403573036194
    },
    "H3N2 A/Texas/50/2012": {
      "H3N2 A/Hong Kong/4801/2014": 1.0,
      "H3N2 A/Brisbane/10/2007": 0.7699017524719238
    },
    "H3N2 A/Fujian/411/2002": {
      "H3N2 A/Brisbane/10/2007": 1.0
    }
  },
  "H3N2 A/Hong Kong/4801/2014": {
    "H3N2 A/Perth/16/2009": {
      "H3N2 A/Brisbane/10/2007": 0.16401159763336182,
      "H3N2 A/Texas/50/2012": 1.0
    },
    "H3N2 A/Philippines/2/1982": {
      "H3N2 A/Perth/16/2009": 0.23018254339694977,
      "H3N2 A/Brisbane/10/2007": 0.19287821650505066,
      "H3N2 A/Texas/50/2012": 1.0,
      "H3N2 A/Fujian/411/2002": 0.9485071897506714
    },
    "H3N2 A/Brisbane/10/2007": {
      "H3N2 A/Perth/16/2009": 0.7352592945098877,
      "H3N2 A/Texas/50/2012": 1.0,
      "H3N2 A/Fujian/411/2002": 0.5116740465164185
    },
    "H3N2 A/Texas/50/2012": {
      "H3N2 A/Perth/16/2009": 1.0,
      "H3N2 A/Brisbane/10/2007": 0.16954798996448517
    },
    "H3N2 A/Fujian/411/2002": {
      "H3N2 A/Brisbane/10/2007": 1.0
    }
  },
  "H3N2 A/Philippines/2/1982": {
    "H3N2 A/Perth/16/2009": {
      "H3N2 A/Hong Kong/4801/2014": 0.39325085282325745,
      "H3N2 A/Brisbane/10/2007": 0.1979464739561081,
      "H3N2 A/Texas/50/2012": 1.0
    },
    "H3N2 A/Hong Kong/4801/2014": {
      "H3N2 A/Perth/16/2009": 1.0,
      "H3N2 A/Texas/50/2012": 0.32156866788864136
    },
    "H3N2 A/Brisbane/10/2007": {
      "H3N2 A/Perth/16/2009": 0.7144907116889954,
      "H3N2 A/Texas/50/2012": 1.0,
      "H3N2 A/Fujian/411/2002": 0.57398921251297
    },
    "H3N2 A/Texas/50/2012": {
      "H3N2 A/Perth/16/2009": 1.0,
      "H3N2 A/Hong Kong/4801/2014": 0.1621021330356598,
      "H3N2 A/Brisbane/10/2007": 0.17427688837051392
    },
    "H3N2 A/Fujian/411/2002": {
      "H3N2 A/Brisbane/10/2007": 1.0
    }
  },
  "H3N2 A/Brisbane/10/2007": {
    "H3N2 A/Perth/16/2009": {
      "H3N2 A/Hong Kong/4801/2014": 0.3245616555213928,
      "H3N2 A/Texas/50/2012": 1.0
    },
    "H3N2 A/Hong Kong/4801/2014": {
      "H3N2 A/Perth/16/2009": 1.0,
      "H3N2 A/Texas/50/2012": 0.3619776964187622
    },
    "H3N2 A/Philippines/2/1982": {
      "H3N2 A/Hong Kong/4801/2014": 0.41346266865730286,
      "H3N2 A/Texas/50/2012": 1.0,
      "H3N2 A/Fujian/411/2002": 0.9647566676139832
    },
    "H3N2 A/Texas/50/2012": {
      "H3N2 A/Perth/16/2009": 1.0,
      "H3N2 A/Hong Kong/4801/2014": 0.15156352519989014
    },
    "H3N2 A/Fujian/411/2002": {
      "H3N2 A/Hong Kong/4801/2014": 0.129456028342247,
      "H3N2 A/Philippines/2/1982": 0.28990471363067627,
      "H3N2 A/Texas/50/2012": 1.0
    }
  },
  "H3N2 A/Texas/50/2012": {
    "H3N2 A/Perth/16/2009": {
      "H3N2 A/Hong Kong/4801/2014": 1.0,
      "H3N2 A/Brisbane/10/2007": 0.6156724095344543
    },
    "H3N2 A/Hong Kong/4801/2014": {
      "H3N2 A/Perth/16/2009": 1.0
    },
    "H3N2 A/Philippines/2/1982": {
      "H3N2 A/Perth/16/2009": 0.4593222737312317,
      "H3N2 A/Hong Kong/4801/2014": 0.6668514609336853,
      "H3N2 A/Brisbane/10/2007": 0.4642191529273987,
      "H3N2 A/Fujian/411/2002": 1.0
    },
    "H3N2 A/Brisbane/10/2007": {
      "H3N2 A/Perth/16/2009": 1.0,
      "H3N2 A/Fujian/411/2002": 0.2975118160247803
    },
    "H3N2 A/Fujian/411/2002": {
      "H3N2 A/Brisbane/10/2007": 1.0
    }
  },
  "H3N2 A/Fujian/411/2002": {
    "H3N2 A/Perth/16/2009": {
      "H3N2 A/Hong Kong/4801/2014": 0.37433046102523804,
      "H3N2 A/Brisbane/10/2007": 0.13992848992347717,
      "H3N2 A/Texas/50/2012": 1.0
    },
    "H3N2 A/Hong Kong/4801/2014": {
      "H3N2 A/Perth/16/2009": 1.0,
      "H3N2 A/Texas/50/2012": 0.319164901971817
    },
    "H3N2 A/Philippines/2/1982": {
      "H3N2 A/Perth/16/2009": 0.20232698321342468,
      "H3N2 A/Hong Kong/4801/2014": 0.5748182535171509,
      "H3N2 A/Brisbane/10/2007": 1.0,
      "H3N2 A/Texas/50/2012": 0.5993373394012451
    },
    "H3N2 A/Brisbane/10/2007": {
      "H3N2 A/Perth/16/2009": 0.5301975011825562,
      "H3N2 A/Texas/50/2012": 1.0
    },
    "H3N2 A/Texas/50/2012": {
      "H3N2 A/Perth/16/2009": 1.0,
      "H3N2 A/Hong Kong/4801/2014": 0.1522739976644516,
      "H3N2 A/Brisbane/10/2007": 0.19416256248950958
    }
  }
}