{
  "H3N2 A/Brisbane/10/2007": {
    "H3N2 A/Fujian/411/2002": {
      "H3N2 A/Fujian/140/2000": 1.0
    },
    "H3N2 A/Fujian/140/2000": {
      "H3N2 A/Fujian/411/2002": 1.0
    },
    "H3N2 A/Victoria/500/2009": {
      "H3N2 A/Perth/16/2009": 1.0
    },
    "H3N2 A/Perth/16/2009": {
      "H3N2 A/Victoria/500/2009": 1.0
    }
  },
  "H3N2 A/Fujian/411/2002": {
    "H3N2 A/Brisbane/10/2007": {
      "H3N2 A/Fujian/140/2000": 0.15266363322734833,
      "H3N2 A/Victoria/500/2009": 0.42675134539604187,
      "H3N2 A/Perth/16/2009": 1.0
    },
    "H3N2 A/Fujian/140/2000": {
      "H3N2 A/Brisbane/10/2007": 1.0,
      "H3N2 A/Victoria/500/2009": 0.11766861379146576,
      "H3N2 A/Perth/16/2009": 0.12945720553398132
    },
    "H3N2 A/Victoria/500/2009": {
      "H3N2 A/Perth/16/2009": 1.0
    },
    "H3N2 A/Perth/16/2009": {
      "H3N2 A/Brisbane/10/2007": 0.32511040568351746,
      "H3N2 A/Victoria/500/2009": 1.0
    }
  },
  "H3N2 A/Fujian/140/2000": {
    "H3N2 A/Brisbane/10/2007": {
      "H3N2 A/Fujian/411/2002": 0.4278154969215393,
      "H3N2 A/Victoria/500/2009": 0.3731822669506073,
      "H3N2 A/Perth/16/2009": 1.0
    },
    "H3N2 A/Fujian/411/2002": {
      "H3N2 A/Brisbane/10/2007": 1.0
    },
    "H3N2 A/Victoria/500/2009": {
      "H3N2 A/Perth/16/2009": 1.0
    },
    "H3N2 A/Perth/16/2009": {
      "H3N2 A/Brisbane/10/2007": 0.3493483364582062,
      "H3N2 A/Victoria/500/2009": 1.0
    }
  },
  "H3N2 A/Victoria/500/2009": {
    "H3N2 A/Brisbane/10/2007": {
      "H3N2 A/Fujian/411/2002": 0.35674235224723816,
      "H3N2 A/Perth/16/2009": 1.0
    },
    "H3N2 A/Fujian/411/2002": {
      "H3N2 A/Brisbane/10/2007": 0.24653159081935883,
      "H3N2 A/Fujian/140/2000": 1.0
    },
    "H3N2 A/Fujian/140/2000": {
      "H3N2 A/Fujian/411/2002": 1.0
    },
    "H3N2 A/Perth/16/2009": {
      "H3N2 A/Brisbane/10/2007": 1.0
    }
  },
  "H3N2 A/Perth/16/2009": {
    "H3N2 A/Brisbane/10/2007": {
      "H3N2 A/Fujian/411/2002": 0.5009583234786987,
      "H3N2 A/Victoria/500/2009": 1.0
    },
    "H3N2 A/Fujian/411/2002": {
      "H3N2 A/Brisbane/10/2007": 0.24471145868301392,
      "H3N2 A/Fujian/140/2000": 1.0
    },
    "H3N2 A/Fujian/140/2000": {
      "H3N2 A/Fujian/411/2002": 1.0
    },
    "H3N2 A/Victoria/500/2009": {
      "H3N2 A/Brisbane/10/2007": 1.0
    }
  }
}