{
  "H3N2 A/Bilthoven/1761/1976": {
    "H3N2 A/Netherlands/620/1989": {
      "H3N2 A/Netherlands/233/1982": 1.0,
      "H3N2 A/Netherlands/823/1992": 0.5481840372085571,
      "H3N2 A/Bilthoven/2271/1976": 0.10518679022789001
    },
    "H3N2 A/Bilthoven/16190/1968": {
      "H3N2 A/Netherlands/620/1989": 0.14391975104808807,
      "H3N2 A/Tasmania/1/1997": 0.18581849336624146,
      "H3N2 A/Bilthoven/2271/1976": 1.0
    },
    "H3N2 A/Perth/16/2009": {
      "H3N2 A/New York/55/2004": 1.0
    },
    "H3N2 A/Netherlands/233/1982": {
      "H3N2 A/Netherlands/620/1989": 0.6738516092300415,
      "H3N2 A/Bilthoven/2271/1976": 1.0
    },
    "H3N2 A/New York/55/2004": {
      "H3N2 A/Perth/16/2009": 1.0
    },
    "H3N2 A/Tasmania/1/1997": {
      "H3N2 A/Bilthoven/16190/1968": 0.15069980919361115,
      "H3N2 A/New York/55/2004": 0.1650318056344986,
      "H3N2 A/Netherlands/823/1992": 1.0
    },
    "H3N2 A/Netherlands/823/1992": {
      "H3N2 A/Netherlands/620/1989": 1.0,
      "H3N2 A/Netherlands/233/1982": 0.15591640770435333,
      "H3N2 A/Tasmania/1/1997": 0.5408258438110352
    },
    "H3N2 A/Bilthoven/2271/1976": {
      "H3N2 A/Bilthoven/16190/1968": 0.19214589893817902,
      "H3N2 A/Netherlands/233/1982": 1.0
    }
  },
  "H3N2 A/Netherlands/620/1989": {
    "H3N2 A/Bilthoven/1761/1976": {
      "H3N2 A/Bilthoven/16190/1968": 0.20366933941841125,
      "H3N2 A/Bilthoven/2271/1976": 1.0
    },
    "H3N2 A/Bilthoven/16190/1968": {
      "H3N2 A/Bilthoven/1761/1976": 1.0,
      "H3N2 A/Netherlands/233/1982": 0.21601396799087524,
      "H3N2 A/Tasmania/1/1997": 0.22534532845020294,
      "H3N2 A/Bilthoven/2271/1976": 0.40617653727531433
    },
    "H3N2 A/Perth/16/2009": {
      "H3N2 A/New York/55/2004": 1.0
    },
    "H3N2 A/Netherlands/233/1982": {
      "H3N2 A/Netherlands/823/1992": 0.23777642846107483,
      "H3N2 A/Bilthoven/2271/1976": 1.0
    },
    "H3N2 A/New York/55/2004": {
      "H3N2 A/Perth/16/2009": 1.0
    },
    "H3N2 A/Tasmania/1/1997": {
      "H3N2 A/Bilthoven/16190/1968": 0.12804193794727325,
      "H3N2 A/New York/55/2004": 0.1698012351989746,
      "H3N2 A/Netherlands/823/1992": 1.0
    },
    "H3N2 A/Netherlands/823/1992": {
      "H3N2 A/Perth/16/2009": 0.10587776452302933,
      "H3N2 A/Netherlands/233/1982": 0.9294145703315735,
      "H3N2 A/Tasmania/1/1997": 1.0,
      "H3N2 A/Bilthoven/2271/1976": 0.11345867812633514
    },
    "H3N2 A/Bilthoven/2271/1976": {
      "H3N2 A/Bilthoven/1761/1976": 0.6664136052131653,
      "H3N2 A/Netherlands/233/1982": 1.0
    }
  },
  "H3N2 A/Bilthoven/16190/1968": {
    "H3N2 A/Bilthoven/1761/1976": {
      "H3N2 A/Bilthoven/2271/1976": 1.0
    },
    "H3N2 A/Netherlands/620/1989": {
      "H3N2 A/Netherlands/233/1982": 1.0,
      "H3N2 A/Netherlands/823/1992": 0.572841227054596
    },
    "H3N2 A/Perth/16/2009": {
      "H3N2 A/New York/55/2004": 1.0
    },
    "H3N2 A/Netherlands/233/1982": {
      "H3N2 A/Netherlands/620/1989": 0.796718955039978,
      "H3N2 A/Bilthoven/2271/1976": 1.0
    },
    "H3N2 A/New York/55/2004": {
      "H3N2 A/Perth/16/2009": 1.0
    },
    "H3N2 A/Tasmania/1/1997": {
      "H3N2 A/New York/55/2004": 0.18827180564403534,
      "H3N2 A/Netherlands/823/1992": 1.0
    },
    "H3N2 A/Netherlands/823/1992": {
      "H3N2 A/Netherlands/620/1989": 1.0,
      "H3N2 A/Netherlands/233/1982": 0.15005257725715637,
      "H3N2 A/Tasmania/1/1997": 0.5022086501121521
    },
    "H3N2 A/Bilthoven/2271/1976": {
      "H3N2 A/Bilthoven/1761/1976": 1.0,
      "H3N2 A/Netherlands/233/1982": 0.9171003699302673
    }
  },
  "H3N2 A/Perth/16/2009": {
    "H3N2 A/Bilthoven/1761/1976": {
      "H3N2 A/Bilthoven/16190/1968": 0.23191070556640625,
      "H3N2 A/Bilthoven/2271/1976": 1.0
    },
    "H3N2 A/Netherlands/620/1989": {
      "H3N2 A/Netherlands/233/1982": 1.0,
      "H3N2 A/Netherlands/823/1992": 0.5858294367790222
    },
    "H3N2 A/Bilthoven/16190/1968": {
      "H3N2 A/Bilthoven/1761/1976": 1.0,
      "H3N2 A/Netherlands/620/1989": 0.12948036193847656,
      "H3N2 A/Tasmania/1/1997": 0.20119601488113403,
      "H3N2 A/Bilthoven/2271/1976": 0.43089035153388977
    },
    "H3N2 A/Netherlands/233/1982": {
      "H3N2 A/Netherlands/620/1989": 0.7844021320343018,
      "H3N2 A/Bilthoven/2271/1976": 1.0
    },
    "H3N2 A/New York/55/2004": {
      "H3N2 A/Bilthoven/1761/1976": 0.12891198694705963,
      "H3N2 A/Netherlands/620/1989": 0.551261842250824,
      "H3N2 A/Tasmania/1/1997": 0.7216215133666992,
      "H3N2 A/Netherlands/823/1992": 1.0,
      "H3N2 A/Bilthoven/2271/1976": 0.18308120965957642
    },
    "H3N2 A/Tasmania/1/1997": {
      "H3N2 A/Bilthoven/16190/1968": 0.1726616472005844,
      "H3N2 A/New York/55/2004": 0.17524713277816772,
      "H3N2 A/Netherlands/823/1992": 1.0
    },
    "H3N2 A/Netherlands/823/1992": {
      "H3N2 A/Netherlands/620/1989": 1.0,
      "H3N2 A/Netherlands/233/1982": 0.1477835774421692,
      "H3N2 A/Tasmania/1/1997": 0.4771789312362671
    },
    "H3N2 A/Bilthoven/2271/1976": {
      "H3N2 A/Bilthoven/1761/1976": 0.8814982771873474,
      "H3N2 A/Netherlands/233/1982": 1.0
    }
  },
  "H3N2 A/Netherlands/233/1982": {
    "H3N2 A/Bilthoven/1761/1976": {
      "H3N2 A/Bilthoven/16190/1968": 0.16744427382946014,
      "H3N2 A/Bilthoven/2271/1976": 1.0
    },
    "H3N2 A/Netherlands/620/1989": {
      "H3N2 A/Netherlands/823/1992": 1.0,
      "H3N2 A/Bilthoven/2271/1976": 0.7092087864875793
    },
    "H3N2 A/Bilthoven/16190/1968": {
      "H3N2 A/Bilthoven/1761/1976": 1.0,
      "H3N2 A/Netherlands/620/1989": 0.2648290693759918,
      "H3N2 A/Tasmania/1/1997": 0.24905303120613098,
      "H3N2 A/Bilthoven/2271/1976": 0.30778440833091736
    },
    "H3N2 A/Perth/16/2009": {
      "H3N2 A/New York/55/2004": 1.0
    },
    "H3N2 A/New York/55/2004": {
      "H3N2 A/Perth/16/2009": 1.0
    },
    "H3N2 A/Tasmania/1/1997": {
      "H3N2 A/Bilthoven/16190/1968": 0.19802811741828918,
      "H3N2 A/New York/55/2004": 0.1954697072505951,
      "H3N2 A/Netherlands/823/1992": 1.0
    },
    "H3N2 A/Netherlands/823/1992": {
      "H3N2 A/Netherlands/620/1989": 1.0,
      "H3N2 A/Tasmania/1/1997": 0.38055574893951416
    },
    "H3N2 A/Bilthoven/2271/1976": {
      "H3N2 A/Bilthoven/1761/1976": 1.0,
      "H3N2 A/Netherlands/620/1989": 0.44051963090896606
    }
  },
  "H3N2 A/New York/55/2004": {
    "H3N2 A/Bilthoven/1761/1976": {
      "H3N2 A/Bilthoven/16190/1968": 0.22531653940677643,
      "H3N2 A/Bilthoven/2271/1976": 1.0
    },
    "H3N2 A/Netherlands/620/1989": {
      "H3N2 A/Netherlands/233/1982": 1.0,
      "H3N2 A/Netherlands/823/1992": 0.6109890341758728,
      "H3N2 A/Bilthoven/2271/1976": 0.10973716527223587
    },
    "H3N2 A/Bilthoven/16190/1968": {
      "H3N2 A/Bilthoven/1761/1976": 1.0,
      "H3N2 A/Netherlands/620/1989": 0.12075695395469666,
      "H3N2 A/Tasmania/1/1997": 0.19371385872364044,
      "H3N2 A/Bilthoven/2271/1976": 0.3780202269554138
    },
    "H3N2 A/Perth/16/2009": {
      "H3N2 A/Netherlands/620/1989": 0.15695570409297943,
      "H3N2 A/Netherlands/823/1992": 1.0
    },
    "H3N2 A/Netherlands/233/1982": {
      "H3N2 A/Netherlands/620/1989": 0.7690762281417847,
      "H3N2 A/Bilthoven/2271/1976": 1.0
    },
    "H3N2 A/Tasmania/1/1997": {
      "H3N2 A/Bilthoven/16190/1968": 0.18043038249015808,
      "H3N2 A/Netherlands/823/1992": 1.0
    },
    "H3N2 A/Netherlands/823/1992": {
      "H3N2 A/Netherlands/620/1989": 1.0,
      "H3N2 A/Perth/16/2009": 0.15815718472003937,
      "H3N2 A/Netherlands/233/1982": 0.14159932732582092,
      "H3N2 A/Tasmania/1/1997": 0.4980846643447876
    },
    "H3N2 A/Bilthoven/2271/1976": {
      "H3N2 A/Bilthoven/1761/1976": 0.9089697003364563,
      "H3N2 A/Netherlands/233/1982": 1.0
    }
  },
  "H3N2 A/Tasmania/1/1997": {
    "H3N2 A/Bilthoven/1761/1976": {
      "H3N2 A/Bilthoven/16190/1968": 0.19627849757671356,
      "H3N2 A/Bilthoven/2271/1976": 1.0
    },
    "H3N2 A/Netherlands/620/1989": {
      "H3N2 A/Netherlands/233/1982": 1.0,