{
  "H3N2 A/Perth/16/2009": {
    "H3N2 A/Beijing/32/1992": {
      "H3N2 A/Wuhan/359/1995": 1.0
    },
    "H3N2 A/Victoria/500/2009": {
      "H3N2 A/Brisbane/10/2007": 1.0
    },
    "H3N2 A/California/7/2004": {
      "H3N2 A/Brisbane/10/2007": 1.0,
      "H3N2 A/Fujian/411/2002": 0.652075469493866
    },
    "H3N2 A/Fujian/140/2000": {
      "H3N2 A/Fujian/411/2002": 0.5820181369781494,
      "H3N2 A/Victoria/507/1998": 1.0,
      "H3N2 A/Wuhan/359/1995": 0.7440626621246338
    },
    "H3N2 A/Brisbane/10/2007": {
      "H3N2 A/Victoria/500/2009": 0.5941882729530334,
      "H3N2 A/California/7/2004": 1.0
    },
    "H3N2 A/Fujian/411/2002": {
      "H3N2 A/California/7/2004": 1.0,
      "H3N2 A/Fujian/140/2000": 0.9036931395530701,
      "H3N2 A/Victoria/507/1998": 0.7087100148200989
    },
    "H3N2 A/Victoria/507/1998": {
      "H3N2 A/California/7/2004": 0.10621995478868484,
      "H3N2 A/Fujian/140/2000": 1.0,
      "H3N2 A/Fujian/411/2002": 0.5782198905944824,
      "H3N2 A/Wuhan/359/1995": 0.13335825502872467
    },
    "H3N2 A/Wuhan/359/1995": {
      "H3N2 A/Beijing/32/1992": 1.0,
      "H3N2 A/Fujian/140/2000": 0.8392157554626465,
      "H3N2 A/Victoria/507/1998": 0.156901016831398
    }
  },
  "H3N2 A/Beijing/32/1992": {
    "H3N2 A/Perth/16/2009": {
      "H3N2 A/Victoria/500/2009": 1.0,
      "H3N2 A/Brisbane/10/2007": 0.30034467577934265
    },
    "H3N2 A/Victoria/500/2009": {
      "H3N2 A/Perth/16/2009": 1.0,
      "H3N2 A/Brisbane/10/2007": 0.10910268127918243
    },
    "H3N2 A/California/7/2004": {
      "H3N2 A/Brisbane/10/2007": 1.0,
      "H3N2 A/Fujian/411/2002": 0.7448101043701172,
      "H3N2 A/Victoria/507/1998": 0.1636362373828888
    },
    "H3N2 A/Fujian/140/2000": {
      "H3N2 A/Fujian/411/2002": 0.5295966863632202,
      "H3N2 A/Victoria/507/1998": 1.0,
      "H3N2 A/Wuhan/359/1995": 0.7270660996437073
    },
    "H3N2 A/Brisbane/10/2007": {
      "H3N2 A/Perth/16/2009": 0.5522750616073608,
      "H3N2 A/Victoria/500/2009": 0.2478405088186264,
      "H3N2 A/California/7/2004": 1.0
    },
    "H3N2 A/Fujian/411/2002": {
      "H3N2 A/California/7/2004": 1.0,
      "H3N2 A/Fujian/140/2000": 0.8810349702835083,
      "H3N2 A/Brisbane/10/2007": 0.11814101785421371,
      "H3N2 A/Victoria/507/1998": 0.6843597888946533
    },
    "H3N2 A/Victoria/507/1998": {
      "H3N2 A/Perth/16/2009": 0.12551692128181458,
      "H3N2 A/California/7/2004": 0.13817042112350464,
      "H3N2 A/Fujian/140/2000": 1.0,
      "H3N2 A/Fujian/411/2002": 0.5096028447151184,
      "H3N2 A/Wuhan/359/1995": 0.20035117864608765
    },
    "H3N2 A/Wuhan/359/1995": {
      "H3N2 A/Fujian/140/2000": 1.0,
      "H3N2 A/Victoria/507/1998": 0.21199452877044678
    }
  },
  "H3N2 A/Victoria/500/2009": {
    "H3N2 A/Perth/16/2009": {
      "H3N2 A/California/7/2004": 0.10037737339735031,
      "H3N2 A/Brisbane/10/2007": 1.0
    },
    "H3N2 A/Beijing/32/1992": {
      "H3N2 A/Wuhan/359/1995": 1.0
    },
    "H3N2 A/California/7/2004": {
      "H3N2 A/Perth/16/2009": 0.11744710057973862,
      "H3N2 A/Brisbane/10/2007": 1.0,
      "H3N2 A/Fujian/411/2002": 0.720298171043396,
      "H3N2 A/Victoria/507/1998": 0.1321062296628952
    },
    "H3N2 A/Fujian/140/2000": {
      "H3N2 A/Fujian/411/2002": 0.5778973698616028,
      "H3N2 A/Victoria/507/1998": 1.0,
      "H3N2 A/Wuhan/359/1995": 0.7437191009521484
    },
    "H3N2 A/Brisbane/10/2007": {
      "H3N2 A/Perth/16/2009": 1.0,
      "H3N2 A/California/7/2004": 0.9563461542129517
    },
    "H3N2 A/Fujian/411/2002": {
      "H3N2 A/California/7/2004": 1.0,
      "H3N2 A/Fujian/140/2000": 0.8992393612861633,
      "H3N2 A/Victoria/507/1998": 0.7222028374671936
    },
    "H3N2 A/Victoria/507/1998": {
      "H3N2 A/California/7/2004": 0.14241178333759308,
      "H3N2 A/Fujian/140/2000": 1.0,
      "H3N2 A/Fujian/411/2002": 0.5884300470352173,
      "H3N2 A/Wuhan/359/1995": 0.1447090357542038
    },
    "H3N2 A/Wuhan/359/1995": {
      "H3N2 A/Beijing/32/1992": 1.0,
      "H3N2 A/Fujian/140/2000": 0.8335290551185608,
      "H3N2 A/Victoria/507/1998": 0.17061291635036469
    }
  },
  "H3N2 A/California/7/2004": {
    "H3N2 A/Perth/16/2009": {
      "H3N2 A/Victoria/500/2009": 1.0,
      "H3N2 A/Brisbane/10/2007": 0.4123154282569885
    },
    "H3N2 A/Beijing/32/1992": {
      "H3N2 A/Wuhan/359/1995": 1.0
    },
    "H3N2 A/Victoria/500/2009": {
      "H3N2 A/Perth/16/2009": 1.0,
      "H3N2 A/Brisbane/10/2007": 0.13019947707653046
    },
    "H3N2 A/Fujian/140/2000": {
      "H3N2 A/Fujian/411/2002": 0.6166664361953735,
      "H3N2 A/Victoria/507/1998": 1.0,
      "H3N2 A/Wuhan/359/1995": 0.7263637781143188
    },
    "H3N2 A/Brisbane/10/2007": {
      "H3N2 A/Perth/16/2009": 1.0,
      "H3N2 A/Victoria/500/2009": 0.35757187008857727,
      "H3N2 A/Fujian/411/2002": 0.468226820230484
    },
    "H3N2 A/Fujian/411/2002": {
      "H3N2 A/Fujian/140/2000": 1.0,
      "H3N2 A/Brisbane/10/2007": 0.4857170581817627,
      "H3N2 A/Victoria/507/1998": 0.9643972516059875
    },
    "H3N2 A/Victoria/507/1998": {
      "H3N2 A/Fujian/140/2000": 1.0,
      "H3N2 A/Fujian/411/2002": 0.7361037135124207,
      "H3N2 A/Wuhan/359/1995": 0.13428859412670135
    },
    "H3N2 A/Wuhan/359/1995": {
      "H3N2 A/Beijing/32/1992": 1.0,
      "H3N2 A/Fujian/140/2000": 0.8151373863220215,
      "H3N2 A/Victoria/507/1998": 0.1638757884502411
    }
  },
  "H3N2 A/Fujian/140/2000": {
    "H3N2 A/Perth/16/2009": {
      "H3N2 A/Victoria/500/2009": 1.0,
      "H3N2 A/Brisbane/10/2007": 0.28867432475090027
    },
    "H3N2 A/Beijing/32/1992": {
      "H3N2 A/Wuhan/359/1995": 1.0
    },
    "H3N2 A/Victoria/500/2009": {
      "H3N2 A/Perth/16/2009": 1.0,
      "H3N2 A/Brisbane/10/2007": 0.11831976473331451
    },
    "H3N2 A/California/7/2004": {
      "H3N2 A/Brisbane/10/2007": 1.0,
      "H3N2 A/Fujian/411/2002": 0.8297514915466309,
      "H3N2 A/Victoria/507/1998": 0.17053301632404327
    },
    "H3N2 A/Brisbane/10/2007": {
      "H3N2 A/Perth/16/2009": 0.5277666449546814,
      "H3N2 A/Victoria/500/2009": 0.2611824870109558,
      "H3N2 A/California/7/2004": 1.0
    },
    "H3N2 A/Fujian/411/2002": {
      "H3N2 A/California/7/2004": 0.7143072485923767,
      "H3N2 A/Victoria/507/1998": 1.0,
      "H3N2 A/Wuhan/359/1995": 0.17274463176727295
    },
    "H3N2 A/Victoria/507/1998": {
      "H3N2 A/California/7/2004": 0.14011621475219727,
      "H3N2 A/Fujian/411/2002": 1.0,
      "H3N2 A/Wuhan/359/1995": 0.445416122674942
    },
    "H3N2 A/Wuhan/359/1995": {
      "H3N2 A/Beijing/32/1992": 1.0,
      "H3N2 A/Fujian/411/2002": 0.2360585629940033,
      "H3N2 A/Victoria/507/1998": 0.5919690132141113
    }
  },
  "H3N2 A/Brisbane/10/2007": {
    "H3N2 A/Perth/16/2009": {
      "H3N2 A/Victoria/500/2009": 1.0,
      "H3N2 A/California/7/2004": 0.21180158853530884
    },
    "H3N2 A/Beijing/32/1992": {
      "H3N2 A/Wuhan/359/1995": 1.0
    },
    "H3N2 A/Victoria/500/2009": {
      "H3N2 A/Perth/16/2009": 1.0
    },
    "H3N2 A/California/7/2004": {
      "H3N2 A/Perth/16/2009": 0.41445493698120117,
      "H3N2 A/Victoria/500/2009": 0.10150066018104553,
      "H3N2 A/Fujian/411/2002": 1.0,
      "H3N2 A/Victoria/507/1998": 0.18031296133995056
    },
    "H3N2 A/Fujian/140/2000": {
      "H3N2 A/Fujian/411/2002": 0.5634436011314392,
      "H3N2 A/Victoria/507/1998": 1.0,
      "H3N2 A/Wuhan/359/1995": 0.7993355393409729
    },
    "H3N2 A/Fujian/411/2002": {
      "H3N2 A/California/7/2004": 1.0,
      "H3N2 A/Fujian/140/2000": 0.6740353107452393,
      "H3N2 A/Victoria/507/1998": 0.5751937627792358
    },
    "H3N2 A/Victoria/507/1998": {
      "H3N2 A/Perth/16/2009": 0.11426997929811478,
      "H3N2 A/California/7/2004": 0.15011566877365112,
      "H3N2 A/Fujian/140/2000": 1.0,
      "H3N2 A/Fujian/411/2002": 0.5985264182090759,
      "H3N2 A/Wuhan/359/1995": 0.13329225778579712
    },
    "H3N2 A/Wuhan/359/1995": {
      "H3N2 A/Beijing/32/1992": 1.0,
      "H3N2 A/Fujian/140/2000": 0.8547608256340027,