{
  "H3N2 A/Bilthoven/1761/1976": {
    "H3N2 A/Netherlands/620/1989": {
      "H3N2 A/Netherlands/233/1982": 1.0,
      "H3N2 A/Netherlands/823/1992": 0.5481594800949097,
      "H3N2 A/Bilthoven/2271/1976": 0.10518629848957062
    },
    "H3N2 A/Bilthoven/16190/1968": {
      "H3N2 A/Netherlands/620/1989": 0.1439211070537567,
      "H3N2 A/Tasmania/1/1997": 0.18581487238407135,
      "H3N2 A/Bilthoven/2271/1976": 1.0
    },
    "H3N2 A/Perth/16/2009": {
      "H3N2 A/New York/55/2004": 1.0
    },
    "H3N2 A/Netherlands/233/1982": {
      "H3N2 A/Netherlands/620/1989": 0.6738520264625549,
      "H3N2 A/Bilthoven/2271/1976": 1.0
    },
    "H3N2 A/New York/55/2004": {
      "H3N2 A/Perth/16/2009": 1.0
    },
    "H3N2 A/Tasmania/1/1997": {
      "H3N2 A/Bilthoven/16190/1968": 0.1506904661655426,
      "H3N2 A/New York/55/2004": 0.1650308072566986,
      "H3N2 A/Netherlands/823/1992": 1.0
    },
    "H3N2 A/Netherlands/823/1992": {
      "H3N2 A/Netherlands/620/1989": 1.0,
      "H3N2 A/Netherlands/233/1982": 0.15590670704841614,
      "H3N2 A/Tasmania/1/1997": 0.5408109426498413
    },
    "H3N2 A/Bilthoven/2271/1976": {
      "H3N2 A/Bilthoven/16190/1968": 0.1921425610780716,
      "H3N2 A/Netherlands/233/1982": 1.0
    }
  },
  "H3N2 A/Netherlands/620/1989": {
    "H3N2 A/Bilthoven/1761/1976": {
      "H3N2 A/Bilthoven/16190/1968": 0.20366288721561432,
      "H3N2 A/Bilthoven/2271/1976": 1.0
    },
    "H3N2 A/Bilthoven/16190/1968": {
      "H3N2 A/Bilthoven/1761/1976": 1.0,
      "H3N2 A/Netherlands/233/1982": 0.2160119116306305,
      "H3N2 A/Tasmania/1/1997": 0.2253376543521881,
      "H3N2 A/Bilthoven/2271/1976": 0.40617668628692627
    },
    "H3N2 A/Perth/16/2009": {
      "H3N2 A/New York/55/2004": 1.0
    },
    "H3N2 A/Netherlands/233/1982": {
      "H3N2 A/Netherlands/823/1992": 0.23777498304843903,
      "H3N2 A/Bilthoven/2271/1976": 1.0
    },
    "H3N2 A/New York/55/2004": {
      "H3N2 A/Perth/16/2009": 1.0
    },
    "H3N2 A/Tasmania/1/1997": {
      "H3N2 A/Bilthoven/16190/1968": 0.12804614007472992,
      "H3N2 A/New York/55/2004": 0.16979844868183136,
      "H3N2 A/Netherlands/823/1992": 1.0
    },
    "H3N2 A/Netherlands/823/1992": {
      "H3N2 A/Perth/16/2009": 0.10587893426418304,
      "H3N2 A/Netherlands/233/1982": 0.9293988347053528,
      "H3N2 A/Tasmania/1/1997": 1.0,
      "H3N2 A/Bilthoven/2271/1976": 0.11345932632684708
    },
    "H3N2 A/Bilthoven/2271/1976": {
      "H3N2 A/Bilthoven/1761/1976": 0.6664274334907532,
      "H3N2 A/Netherlands/233/1982": 1.0
    }
  },
  "H3N2 A/Bilthoven/16190/1968": {
    "H3N2 A/Bilthoven/1761/1976": {
      "H3N2 A/Bilthoven/2271/1976": 1.0
    },
    "H3N2 A/Netherlands/620/1989": {
      "H3N2 A/Netherlands/233/1982": 1.0,
      "H3N2 A/Netherlands/823/1992": 0.5728477239608765
    },
    "H3N2 A/Perth/16/2009": {
      "H3N2 A/New York/55/2004": 1.0
    },
    "H3N2 A/Netherlands/233/1982": {
      "H3N2 A/Netherlands/620/1989": 0.7966933250427246,
      "H3N2 A/Bilthoven/2271/1976": 1.0
    },
    "H3N2 A/New York/55/2004": {
      "H3N2 A/Perth/16/2009": 1.0
    },
    "H3N2 A/Tasmania/1/1997": {
      "H3N2 A/New York/55/2004": 0.1882743239402771,
      "H3N2 A/Netherlands/823/1992": 1.0
    },
    "H3N2 A/Netherlands/823/1992": {
      "H3N2 A/Netherlands/620/1989": 1.0,
      "H3N2 A/Netherlands/233/1982": 0.15004663169384003,
      "H3N2 A/Tasmania/1/1997": 0.5022066831588745
    },
    "H3N2 A/Bilthoven/2271/1976": {
      "H3N2 A/Bilthoven/1761/1976": 1.0,
      "H3N2 A/Netherlands/233/1982": 0.917100727558136
    }
  },
  "H3N2 A/Perth/16/2009": {
    "H3N2 A/Bilthoven/1761/1976": {
      "H3N2 A/Bilthoven/16190/1968": 0.2319120168685913,
      "H3N2 A/Bilthoven/2271/1976": 1.0
    },
    "H3N2 A/Netherlands/620/1989": {
      "H3N2 A/Netherlands/233/1982": 1.0,
      "H3N2 A/Netherlands/823/1992": 0.585843563079834
    },
    "H3N2 A/Bilthoven/16190/1968": {
      "H3N2 A/Bilthoven/1761/1976": 1.0,
      "H3N2 A/Netherlands/620/1989": 0.12947674095630646,
      "H3N2 A/Tasmania/1/1997": 0.20119242370128632,
      "H3N2 A/Bilthoven/2271/1976": 0.43088123202323914
    },
    "H3N2 A/Netherlands/233/1982": {
      "H3N2 A/Netherlands/620/1989": 0.7844141125679016,
      "H3N2 A/Bilthoven/2271/1976": 1.0
    },
    "H3N2 A/New York/55/2004": {
      "H3N2 A/Bilthoven/1761/1976": 0.12890830636024475,
      "H3N2 A/Netherlands/620/1989": 0.5512493848800659,
      "H3N2 A/Tasmania/1/1997": 0.7216238379478455,
      "H3N2 A/Netherlands/823/1992": 1.0,
      "H3N2 A/Bilthoven/2271/1976": 0.18308450281620026
    },
    "H3N2 A/Tasmania/1/1997": {
      "H3N2 A/Bilthoven/16190/1968": 0.17266066372394562,
      "H3N2 A/New York/55/2004": 0.17526143789291382,
      "H3N2 A/Netherlands/823/1992": 1.0
    },
    "H3N2 A/Netherlands/823/1992": {
      "H3N2 A/Netherlands/620/1989": 1.0,
      "H3N2 A/Netherlands/233/1982": 0.1477871984243393,
      "H3N2 A/Tasmania/1/1997": 0.4771844148635864
    },
    "H3N2 A/Bilthoven/2271/1976": {
      "H3N2 A/Bilthoven/1761/1976": 0.8814814686775208,
      "H3N2 A/Netherlands/233/1982": 1.0
    }
  },
  "H3N2 A/Netherlands/233/1982": {
    "H3N2 A/Bilthoven/1761/1976": {
      "H3N2 A/Bilthoven/16190/1968": 0.16744445264339447,
      "H3N2 A/Bilthoven/2271/1976": 1.0
    },
    "H3N2 A/Netherlands/620/1989": {
      "H3N2 A/Netherlands/823/1992": 1.0,
      "H3N2 A/Bilthoven/2271/1976": 0.7092172503471375
    },
    "H3N2 A/Bilthoven/16190/1968": {
      "H3N2 A/Bilthoven/1761/1976": 1.0,
      "H3N2 A/Netherlands/620/1989": 0.2648322582244873,
      "H3N2 A/Tasmania/1/1997": 0.2490529716014862,
      "H3N2 A/Bilthoven/2271/1976": 0.3077860474586487
    },
    "H3N2 A/Perth/16/2009": {
      "H3N2 A/New York/55/2004": 1.0
    },
    "H3N2 A/New York/55/2004": {
      "H3N2 A/Perth/16/2009": 1.0
    },
    "H3N2 A/Tasmania/1/1997": {
      "H3N2 A/Bilthoven/16190/1968": 0.1980188637971878,
      "H3N2 A/New York/55/2004": 0.19546838104724884,
      "H3N2 A/Netherlands/823/1992": 1.0
    },
    "H3N2 A/Netherlands/823/1992": {
      "H3N2 A/Netherlands/620/1989": 1.0,
      "H3N2 A/Tasmania/1/1997": 0.3805502951145172
    },
    "H3N2 A/Bilthoven/2271/1976": {
      "H3N2 A/Bilthoven/1761/1976": 1.0,
      "H3N2 A/Netherlands/620/1989": 0.4405251741409302
    }
  },
  "H3N2 A/New York/55/2004": {
    "H3N2 A/Bilthoven/1761/1976": {
      "H3N2 A/Bilthoven/16190/1968": 0.22531378269195557,
      "H3N2 A/Bilthoven/2271/1976": 1.0
    },
    "H3N2 A/Netherlands/620/1989": {
      "H3N2 A/Netherlands/233/1982": 1.0,
      "H3N2 A/Netherlands/823/1992": 0.6109892129898071,
      "H3N2 A/Bilthoven/2271/1976": 0.10973738133907318
    },
    "H3N2 A/Bilthoven/16190/1968": {
      "H3N2 A/Bilthoven/1761/1976": 1.0,
      "H3N2 A/Netherlands/620/1989": 0.12075604498386383,
      "H3N2 A/Tasmania/1/1997": 0.1937180459499359,
      "H3N2 A/Bilthoven/2271/1976": 0.3780204951763153
    },
    "H3N2 A/Perth/16/2009": {
      "H3N2 A/Netherlands/620/1989": 0.15695147216320038,
      "H3N2 A/Netherlands/823/1992": 1.0
    },
    "H3N2 A/Netherlands/233/1982": {
      "H3N2 A/Netherlands/620/1989": 0.7690812349319458,
      "H3N2 A/Bilthoven/2271/1976": 1.0
    },
    "H3N2 A/Tasmania/1/1997": {
      "H3N2 A/Bilthoven/16190/1968": 0.1804400235414505,
      "H3N2 A/Netherlands/823/1992": 1.0
    },
    "H3N2 A/Netherlands/823/1992": {
      "H3N2 A/Netherlands/620/1989": 1.0,
      "H3N2 A/Perth/16/2009": 0.15815657377243042,
      "H3N2 A/Netherlands/233/1982": 0.14160072803497314,
      "H3N2 A/Tasmania/1/1997": 0.49807068705558777
    },
    "H3N2 A/Bilthoven/2271/1976": {
      "H3N2 A/Bilthoven/1761/1976": 0.9089798927307129,
      "H3N2 A/Netherlands/233/1982": 1.0
    }
  },
  "H3N2 A/Tasmania/1/1997": {
    "H3N2 A/Bilthoven/1761/1976": {
      "H3N2 A/Bilthoven/16190/1968": 0.1962800920009613,
      "H3N2 A/Bilthoven/2271/1976": 1.0
    },
    "H3N2 A/Netherlands/620/1989": {
      "H3N2 A/Netherlands/233/1982": 1.0,