{
  "H3N2 A/Beijing/353/1989": {
    "H3N2 A/Perth/16/2009": {
      "H3N2 A/Brisbane/10/2007": 0.1266515702009201,
      "H3N2 A/Texas/50/2012": 1.0
    },
    "H3N2 A/Beijing/32/1992": {
      "H3N2 A/Wuhan/359/1995": 1.0
    },
    "H3N2 A/Victoria/3/1975": {
      "H3N2 A/Bangkok/1/1979": 1.0
    },
    "H3N2 A/California/7/2004": {
      "H3N2 A/Brisbane/10/2007": 0.7870413064956665,
      "H3N2 A/Fujian/411/2002": 1.0
    },
    "H3N2 A/Bangkok/1/1979": {
      "H3N2 A/Beijing/32/1992": 0.1026618555188179,
      "H3N2 A/Victoria/3/1975": 1.0
    },
    "H3N2 A/Brisbane/10/2007": {
      "H3N2 A/Perth/16/2009": 0.36457836627960205,
      "H3N2 A/California/7/2004": 1.0,
      "H3N2 A/Texas/50/2012": 0.5800034403800964,
      "H3N2 A/Fujian/411/2002": 0.11074653267860413,
      "H3N2 A/Wuhan/359/1995": 0.10712676495313644
    },
    "H3N2 A/Texas/50/2012": {
      "H3N2 A/Perth/16/2009": 1.0,
      "H3N2 A/Brisbane/10/2007": 0.18869121372699738
    },
    "H3N2 A/Fujian/411/2002": {
      "H3N2 A/California/7/2004": 1.0,
      "H3N2 A/Wuhan/359/1995": 0.5693544149398804
    },
    "H3N2 A/Wuhan/359/1995": {
      "H3N2 A/Beijing/32/1992": 1.0,
      "H3N2 A/Fujian/411/2002": 0.7153833508491516
    }
  },
  "H3N2 A/Perth/16/2009": {
    "H3N2 A/Beijing/353/1989": {
      "H3N2 A/Beijing/32/1992": 0.25699034333229065,
      "H3N2 A/Bangkok/1/1979": 1.0,
      "H3N2 A/Wuhan/359/1995": 0.29352131485939026
    },
    "H3N2 A/Beijing/32/1992": {
      "H3N2 A/Beijing/353/1989": 0.21986176073551178,
      "H3N2 A/Wuhan/359/1995": 1.0
    },
    "H3N2 A/Victoria/3/1975": {
      "H3N2 A/Bangkok/1/1979": 1.0
    },
    "H3N2 A/California/7/2004": {
      "H3N2 A/Brisbane/10/2007": 0.8539206981658936,
      "H3N2 A/Fujian/411/2002": 1.0
    },
    "H3N2 A/Bangkok/1/1979": {
      "H3N2 A/Beijing/353/1989": 0.9991776347160339,
      "H3N2 A/Victoria/3/1975": 1.0
    },
    "H3N2 A/Brisbane/10/2007": {
      "H3N2 A/California/7/2004": 0.9084950685501099,
      "H3N2 A/Texas/50/2012": 1.0,
      "H3N2 A/Wuhan/359/1995": 0.11458912491798401
    },
    "H3N2 A/Texas/50/2012": {
      "H3N2 A/California/7/2004": 0.11515562981367111,
      "H3N2 A/Brisbane/10/2007": 1.0
    },
    "H3N2 A/Fujian/411/2002": {
      "H3N2 A/California/7/2004": 1.0,
      "H3N2 A/Wuhan/359/1995": 0.5835058093070984
    },
    "H3N2 A/Wuhan/359/1995": {
      "H3N2 A/Beijing/353/1989": 0.2333040088415146,
      "H3N2 A/Beijing/32/1992": 1.0,
      "H3N2 A/Brisbane/10/2007": 0.1267612874507904,
      "H3N2 A/Fujian/411/2002": 0.8618981838226318
    }
  },
  "H3N2 A/Beijing/32/1992": {
    "H3N2 A/Beijing/353/1989": {
      "H3N2 A/Bangkok/1/1979": 1.0,
      "H3N2 A/Wuhan/359/1995": 0.7890339493751526
    },
    "H3N2 A/Perth/16/2009": {
      "H3N2 A/Brisbane/10/2007": 0.1273273378610611,
      "H3N2 A/Texas/50/2012": 1.0
    },
    "H3N2 A/Victoria/3/1975": {
      "H3N2 A/Bangkok/1/1979": 1.0
    },
    "H3N2 A/California/7/2004": {
      "H3N2 A/Brisbane/10/2007": 0.794792890548706,
      "H3N2 A/Fujian/411/2002": 1.0
    },
    "H3N2 A/Bangkok/1/1979": {
      "H3N2 A/Beijing/353/1989": 1.0,
      "H3N2 A/Victoria/3/1975": 0.9647738933563232
    },
    "H3N2 A/Brisbane/10/2007": {
      "H3N2 A/Perth/16/2009": 0.36866673827171326,
      "H3N2 A/California/7/2004": 1.0,
      "H3N2 A/Texas/50/2012": 0.5825983881950378,
      "H3N2 A/Fujian/411/2002": 0.11909256130456924,
      "H3N2 A/Wuhan/359/1995": 0.1759142130613327
    },
    "H3N2 A/Texas/50/2012": {
      "H3N2 A/Perth/16/2009": 1.0,
      "H3N2 A/Brisbane/10/2007": 0.18449583649635315
    },
    "H3N2 A/Fujian/411/2002": {
      "H3N2 A/California/7/2004": 1.0,
      "H3N2 A/Wuhan/359/1995": 0.5122829675674438
    },
    "H3N2 A/Wuhan/359/1995": {
      "H3N2 A/Beijing/353/1989": 0.849396288394928,
      "H3N2 A/California/7/2004": 0.12540625035762787,
      "H3N2 A/Brisbane/10/2007": 0.2438654899597168,
      "H3N2 A/Fujian/411/2002": 1.0
    }
  },
  "H3N2 A/Victoria/3/1975": {
    "H3N2 A/Beijing/353/1989": {
      "H3N2 A/Beijing/32/1992": 0.3831119239330292,
      "H3N2 A/Bangkok/1/1979": 1.0,
      "H3N2 A/Wuhan/359/1995": 0.39893269538879395
    },
    "H3N2 A/Perth/16/2009": {
      "H3N2 A/Brisbane/10/2007": 0.12568774819374084,
      "H3N2 A/Texas/50/2012": 1.0
    },
    "H3N2 A/Beijing/32/1992": {
      "H3N2 A/Beijing/353/1989": 0.20153406262397766,
      "H3N2 A/Wuhan/359/1995": 1.0
    },
    "H3N2 A/California/7/2004": {
      "H3N2 A/Brisbane/10/2007": 0.7697544097900391,
      "H3N2 A/Fujian/411/2002": 1.0
    },
    "H3N2 A/Bangkok/1/1979": {
      "H3N2 A/Beijing/353/1989": 1.0
    },
    "H3N2 A/Brisbane/10/2007": {
      "H3N2 A/Perth/16/2009": 0.35569998621940613,
      "H3N2 A/California/7/2004": 1.0,
      "H3N2 A/Texas/50/2012": 0.5559583902359009,
      "H3N2 A/Wuhan/359/1995": 0.10745678097009659
    },
    "H3N2 A/Texas/50/2012": {
      "H3N2 A/Perth/16/2009": 1.0,
      "H3N2 A/Brisbane/10/2007": 0.18535670638084412
    },
    "H3N2 A/Fujian/411/2002": {
      "H3N2 A/California/7/2004": 1.0,
      "H3N2 A/Wuhan/359/1995": 0.5541528463363647
    },
    "H3N2 A/Wuhan/359/1995": {
      "H3N2 A/Beijing/353/1989": 0.22309032082557678,
      "H3N2 A/Beijing/32/1992": 1.0,
      "H3N2 A/Brisbane/10/2007": 0.10232587158679962,
      "H3N2 A/Fujian/411/2002": 0.8367504477500916
    }
  },
  "H3N2 A/California/7/2004": {
    "H3N2 A/Beijing/353/1989": {
      "H3N2 A/Beijing/32/1992": 0.2616420090198517,
      "H3N2 A/Bangkok/1/1979": 1.0,
      "H3N2 A/Wuhan/359/1995": 0.29229602217674255
    },
    "H3N2 A/Perth/16/2009": {
      "H3N2 A/Brisbane/10/2007": 0.14917857944965363,
      "H3N2 A/Texas/50/2012": 1.0
    },
    "H3N2 A/Beijing/32/1992": {
      "H3N2 A/Beijing/353/1989": 0.21840700507164001,
      "H3N2 A/Wuhan/359/1995": 1.0
    },
    "H3N2 A/Victoria/3/1975": {
      "H3N2 A/Bangkok/1/1979": 1.0
    },
    "H3N2 A/Bangkok/1/1979": {
      "H3N2 A/Beijing/353/1989": 1.0,
      "H3N2 A/Victoria/3/1975": 0.9787158370018005
    },
    "H3N2 A/Brisbane/10/2007": {
      "H3N2 A/Perth/16/2009": 0.5771849155426025,
      "H3N2 A/Texas/50/2012": 1.0,
      "H3N2 A/Fujian/411/2002": 0.7414693832397461,
      "H3N2 A/Wuhan/359/1995": 0.11960086226463318
    },
    "H3N2 A/Texas/50/2012": {
      "H3N2 A/Perth/16/2009": 1.0,
      "H3N2 A/Brisbane/10/2007": 0.2416771948337555
    },
    "H3N2 A/Fujian/411/2002": {
      "H3N2 A/Brisbane/10/2007": 0.6296769380569458,
      "H3N2 A/Wuhan/359/1995": 1.0
    },
    "H3N2 A/Wuhan/359/1995": {
      "H3N2 A/Beijing/353/1989": 0.22792544960975647,
      "H3N2 A/Beijing/32/1992": 1.0,
      "H3N2 A/Fujian/411/2002": 0.974887490272522
    }
  },
  "H3N2 A/Bangkok/1/1979": {
    "H3N2 A/Beijing/353/1989": {
      "H3N2 A/Perth/16/2009": 0.16248267889022827,
      "H3N2 A/Beijing/32/1992": 1.0,
      "H3N2 A/Wuhan/359/1995": 0.7026113271713257
    },
    "H3N2 A/Perth/16/2009": {
      "H3N2 A/Brisbane/10/2007": 0.1243310198187828,
      "H3N2 A/Texas/50/2012": 1.0
    },
    "H3N2 A/Beijing/32/1992": {
      "H3N2 A/Beijing/353/1989": 0.2685227692127228,
      "H3N2 A/Wuhan/359/1995": 1.0
    },
    "H3N2 A/Victoria/3/1975": {
      "H3N2 A/Beijing/353/1989": 0.7088272571563721,
      "H3N2 A/Beijing/32/1992": 1.0,
      "H3N2 A/California/7/2004": 0.19617100059986115,
      "H3N2 A/Brisbane/10/2007": 0.43695342540740967,
      "H3N2 A/Fujian/411/2002": 0.7398384809494019
    },
    "H3N2 A/California/7/2004": {
      "H3N2 A/Brisbane/10/2007": 0.8131855726242065,
      "H3N2 A/Fujian/411/2002": 1.0
    },
    "H3N2 A/Brisbane/10/2007": {
      "H3N2 A/Perth/16/2009": 0.35236960649490356,
      "H3N2 A/California/7/2004": 1.0,
      "H3N2 A/Texas/50/2012": 0.5587884187698364,
      "H3N2 A/Fujian/411/2002": 0.10435384511947632,
      "H3N2 A/Wuhan/359/1995": 0.11510126292705536
    },
    "H3N2 A/Texas/50/2012": {
      "H3N2 A/Perth/16/2009": 1.0,
      "H3N2 A/Brisbane/10/2007": 0.18586070835590363
    },