{
  "H3N2 A/Perth/16/2009": {
    "H3N2 A/Hong Kong/4801/2014": {
      "H3N2 A/Texas/50/2012": 1.0
    },
    "H3N2 A/Philippines/2/1982": {
      "H3N2 A/Hong Kong/4801/2014": 0.510993480682373,
      "H3N2 A/Brisbane/10/2007": 0.23796290159225464,
      "H3N2 A/Texas/50/2012": 0.9617528915405273,
      "H3N2 A/Fujian/411/2002": 1.0
    },
    "H3N2 A/Brisbane/10/2007": {
      "H3N2 A/Texas/50/2012": 1.0,
      "H3N2 A/Fujian/411/2002": 0.28974437713623047
    },
    "H3N2 A/Texas/50/2012": {
      "H3N2 A/Hong Kong/4801/2014": 1.0,
      "H3N2 A/Brisbane/10/2007": 0.7699095010757446
    },
    "H3N2 A/Fujian/411/2002": {
      "H3N2 A/Brisbane/10/2007": 1.0
    }
  },
  "H3N2 A/Hong Kong/4801/2014": {
    "H3N2 A/Perth/16/2009": {
      "H3N2 A/Brisbane/10/2007": 0.164012610912323,
      "H3N2 A/Texas/50/2012": 1.0
    },
    "H3N2 A/Philippines/2/1982": {
      "H3N2 A/Perth/16/2009": 0.23019179701805115,
      "H3N2 A/Brisbane/10/2007": 0.19288481771945953,
      "H3N2 A/Texas/50/2012": 1.0,
      "H3N2 A/Fujian/411/2002": 0.9484854340553284
    },
    "H3N2 A/Brisbane/10/2007": {
      "H3N2 A/Perth/16/2009": 0.7352647185325623,
      "H3N2 A/Texas/50/2012": 1.0,
      "H3N2 A/Fujian/411/2002": 0.511681318283081
    },
    "H3N2 A/Texas/50/2012": {
      "H3N2 A/Perth/16/2009": 1.0,
      "H3N2 A/Brisbane/10/2007": 0.16954956948757172
    },
    "H3N2 A/Fujian/411/2002": {
      "H3N2 A/Brisbane/10/2007": 1.0
    }
  },
  "H3N2 A/Philippines/2/1982": {
    "H3N2 A/Perth/16/2009": {
      "H3N2 A/Hong Kong/4801/2014": 0.39326542615890503,
      "H3N2 A/Brisbane/10/2007": 0.19795195758342743,
      "H3N2 A/Texas/50/2012": 1.0
    },
    "H3N2 A/Hong Kong/4801/2014": {
      "H3N2 A/Perth/16/2009": 1.0,
      "H3N2 A/Texas/50/2012": 0.32157281041145325
    },
    "H3N2 A/Brisbane/10/2007": {
      "H3N2 A/Perth/16/2009": 0.7144677639007568,
      "H3N2 A/Texas/50/2012": 1.0,
      "H3N2 A/Fujian/411/2002": 0.5739786028862
    },
    "H3N2 A/Texas/50/2012": {
      "H3N2 A/Perth/16/2009": 1.0,
      "H3N2 A/Hong Kong/4801/2014": 0.1621011644601822,
      "H3N2 A/Brisbane/10/2007": 0.17427830398082733
    },
    "H3N2 A/Fujian/411/2002": {
      "H3N2 A/Brisbane/10/2007": 1.0
    }
  },
  "H3N2 A/Brisbane/10/2007": {
    "H3N2 A/Perth/16/2009": {
      "H3N2 A/Hong Kong/4801/2014": 0.3245622217655182,
      "H3N2 A/Texas/50/2012": 1.0
    },
    "H3N2 A/Hong Kong/4801/2014": {
      "H3N2 A/Perth/16/2009": 1.0,
      "H3N2 A/Texas/50/2012": 0.3619750142097473
    },
    "H3N2 A/Philippines/2/1982": {
      "H3N2 A/Hong Kong/4801/2014": 0.4134930670261383,
      "H3N2 A/Texas/50/2012": 1.0,
      "H3N2 A/Fujian/411/2002": 0.9648046493530273
    },
    "H3N2 A/Texas/50/2012": {
      "H3N2 A/Perth/16/2009": 1.0,
      "H3N2 A/Hong Kong/4801/2014": 0.15156255662441254
    },
    "H3N2 A/Fujian/411/2002": {
      "H3N2 A/Hong Kong/4801/2014": 0.1294519156217575,
      "H3N2 A/Philippines/2/1982": 0.2899012565612793,
      "H3N2 A/Texas/50/2012": 1.0
    }
  },
  "H3N2 A/Texas/50/2012": {
    "H3N2 A/Perth/16/2009": {
      "H3N2 A/Hong Kong/4801/2014": 1.0,
      "H3N2 A/Brisbane/10/2007": 0.6156696081161499
    },
    "H3N2 A/Hong Kong/4801/2014": {
      "H3N2 A/Perth/16/2009": 1.0
    },
    "H3N2 A/Philippines/2/1982": {
      "H3N2 A/Perth/16/2009": 0.4593615233898163,
      "H3N2 A/Hong Kong/4801/2014": 0.6668033003807068,
      "H3N2 A/Brisbane/10/2007": 0.4642740786075592,
      "H3N2 A/Fujian/411/2002": 1.0
    },
    "H3N2 A/Brisbane/10/2007": {
      "H3N2 A/Perth/16/2009": 1.0,
      "H3N2 A/Fujian/411/2002": 0.2975187599658966
    },
    "H3N2 A/Fujian/411/2002": {
      "H3N2 A/Brisbane/10/2007": 1.0
    }
  },
  "H3N2 A/Fujian/411/2002": {
    "H3N2 A/Perth/16/2009": {
      "H3N2 A/Hong Kong/4801/2014": 0.37432798743247986,
      "H3N2 A/Brisbane/10/2007": 0.1399267017841339,
      "H3N2 A/Texas/50/2012": 1.0
    },
    "H3N2 A/Hong Kong/4801/2014": {
      "H3N2 A/Perth/16/2009": 1.0,
      "H3N2 A/Texas/50/2012": 0.3191729187965393
    },
    "H3N2 A/Philippines/2/1982": {
      "H3N2 A/Perth/16/2009": 0.20233382284641266,
      "H3N2 A/Hong Kong/4801/2014": 0.5747846364974976,
      "H3N2 A/Brisbane/10/2007": 1.0,
      "H3N2 A/Texas/50/2012": 0.5993173122406006
    },
    "H3N2 A/Brisbane/10/2007": {
      "H3N2 A/Perth/16/2009": 0.5301927924156189,
      "H3N2 A/Texas/50/2012": 1.0
    },
    "H3N2 A/Texas/50/2012": {
      "H3N2 A/Perth/16/2009": 1.0,
      "H3N2 A/Hong Kong/4801/2014": 0.15227408707141876,
      "H3N2 A/Brisbane/10/2007": 0.1941612958908081
    }
  }
}