{
  "H3N2 A/Hanam/135/2008": {
    "H3N2 A/Tasmania/1/1997": {
      "H3N2 A/Panama/2007/1999": 0.3741784393787384,
      "H3N2 A/Christchurch/1/1996": 1.0
    },
    "H3N2 A/Hanam/53/2010": {
      "H3N2 A/New York/55/2004": 0.21381434798240662,
      "H3N2 A/Panama/2007/1999": 0.40897753834724426,
      "H3N2 A/Perth/16/2009": 1.0
    },
    "H3N2 A/New York/55/2004": {
      "H3N2 A/Hanam/53/2010": 0.14814412593841553,
      "H3N2 A/Panama/2007/1999": 0.7311041951179504,
      "H3N2 A/Christchurch/1/1996": 0.10469092428684235,
      "H3N2 A/Perth/16/2009": 1.0
    },
    "H3N2 A/Panama/2007/1999": {
      "H3N2 A/Tasmania/1/1997": 1.0,
      "H3N2 A/Hanam/53/2010": 0.32147663831710815,
      "H3N2 A/New York/55/2004": 0.9023579359054565,
      "H3N2 A/Christchurch/1/1996": 0.1709394007921219
    },
    "H3N2 A/Christchurch/1/1996": {
      "H3N2 A/Tasmania/1/1997": 1.0
    },
    "H3N2 A/Perth/16/2009": {
      "H3N2 A/Hanam/53/2010": 0.4971948266029358,
      "H3N2 A/New York/55/2004": 1.0
    }
  },
  "H3N2 A/Tasmania/1/1997": {
    "H3N2 A/Hanam/135/2008": {
      "H3N2 A/Hanam/53/2010": 1.0,
      "H3N2 A/New York/55/2004": 0.13133125007152557
    },
    "H3N2 A/Hanam/53/2010": {
      "H3N2 A/Hanam/135/2008": 1.0,
      "H3N2 A/Panama/2007/1999": 0.17020058631896973,
      "H3N2 A/Perth/16/2009": 0.16710488498210907
    },
    "H3N2 A/New York/55/2004": {
      "H3N2 A/Hanam/135/2008": 0.3564033806324005,
      "H3N2 A/Panama/2007/1999": 0.7033873796463013,
      "H3N2 A/Perth/16/2009": 1.0
    },
    "H3N2 A/Panama/2007/1999": {
      "H3N2 A/Hanam/53/2010": 0.42664894461631775,
      "H3N2 A/New York/55/2004": 0.5525602698326111,
      "H3N2 A/Christchurch/1/1996": 1.0
    },
    "H3N2 A/Christchurch/1/1996": {
      "H3N2 A/Hanam/53/2010": 0.11449889093637466,
      "H3N2 A/Panama/2007/1999": 1.0
    },
    "H3N2 A/Perth/16/2009": {
      "H3N2 A/Hanam/135/2008": 0.15295937657356262,
      "H3N2 A/Hanam/53/2010": 0.3495607376098633,
      "H3N2 A/New York/55/2004": 1.0
    }
  },
  "H3N2 A/Hanam/53/2010": {
    "H3N2 A/Hanam/135/2008": {
      "H3N2 A/New York/55/2004": 0.7133589386940002,
      "H3N2 A/Perth/16/2009": 1.0
    },
    "H3N2 A/Tasmania/1/1997": {
      "H3N2 A/Panama/2007/1999": 0.3697423040866852,
      "H3N2 A/Christchurch/1/1996": 1.0
    },
    "H3N2 A/New York/55/2004": {
      "H3N2 A/Hanam/135/2008": 0.4193572700023651,
      "H3N2 A/Panama/2007/1999": 0.6705463528633118,
      "H3N2 A/Christchurch/1/1996": 0.12712138891220093,
      "H3N2 A/Perth/16/2009": 1.0
    },
    "H3N2 A/Panama/2007/1999": {
      "H3N2 A/Tasmania/1/1997": 1.0,
      "H3N2 A/New York/55/2004": 0.8181354999542236,
      "H3N2 A/Christchurch/1/1996": 0.14147183299064636
    },
    "H3N2 A/Christchurch/1/1996": {
      "H3N2 A/Tasmania/1/1997": 1.0
    },
    "H3N2 A/Perth/16/2009": {
      "H3N2 A/Hanam/135/2008": 0.4479742646217346,
      "H3N2 A/New York/55/2004": 1.0
    }
  },
  "H3N2 A/New York/55/2004": {
    "H3N2 A/Hanam/135/2008": {
      "H3N2 A/Hanam/53/2010": 1.0,
      "H3N2 A/Perth/16/2009": 0.15554513037204742
    },
    "H3N2 A/Tasmania/1/1997": {
      "H3N2 A/Panama/2007/1999": 0.34615522623062134,
      "H3N2 A/Christchurch/1/1996": 1.0
    },
    "H3N2 A/Hanam/53/2010": {
      "H3N2 A/Hanam/135/2008": 1.0,
      "H3N2 A/Panama/2007/1999": 0.14068275690078735,
      "H3N2 A/Perth/16/2009": 0.18034540116786957
    },
    "H3N2 A/Panama/2007/1999": {
      "H3N2 A/Hanam/135/2008": 0.28377804160118103,
      "H3N2 A/Tasmania/1/1997": 1.0,
      "H3N2 A/Hanam/53/2010": 0.4835832715034485,
      "H3N2 A/Christchurch/1/1996": 0.3294283449649811,
      "H3N2 A/Perth/16/2009": 0.4292021095752716
    },
    "H3N2 A/Christchurch/1/1996": {
      "H3N2 A/Tasmania/1/1997": 1.0,
      "H3N2 A/Panama/2007/1999": 0.13186660408973694
    },
    "H3N2 A/Perth/16/2009": {
      "H3N2 A/Hanam/135/2008": 0.8692286014556885,
      "H3N2 A/Hanam/53/2010": 1.0,
      "H3N2 A/Panama/2007/1999": 0.7580161690711975
    }
  },
  "H3N2 A/Panama/2007/1999": {
    "H3N2 A/Hanam/135/2008": {
      "H3N2 A/Hanam/53/2010": 1.0,
      "H3N2 A/New York/55/2004": 0.18088404834270477
    },
    "H3N2 A/Tasmania/1/1997": {
      "H3N2 A/Christchurch/1/1996": 1.0
    },
    "H3N2 A/Hanam/53/2010": {
      "H3N2 A/Hanam/135/2008": 1.0,
      "H3N2 A/Perth/16/2009": 0.15167772769927979
    },
    "H3N2 A/New York/55/2004": {
      "H3N2 A/Hanam/135/2008": 0.4506945312023163,
      "H3N2 A/Christchurch/1/1996": 0.2479162961244583,
      "H3N2 A/Perth/16/2009": 1.0
    },
    "H3N2 A/Christchurch/1/1996": {
      "H3N2 A/Tasmania/1/1997": 1.0,
      "H3N2 A/New York/55/2004": 0.10064247250556946
    },
    "H3N2 A/Perth/16/2009": {
      "H3N2 A/Hanam/135/2008": 0.14794249832630157,
      "H3N2 A/Hanam/53/2010": 0.2593427300453186,
      "H3N2 A/New York/55/2004": 1.0
    }
  },
  "H3N2 A/Christchurch/1/1996": {
    "H3N2 A/Hanam/135/2008": {
      "H3N2 A/Hanam/53/2010": 1.0,
      "H3N2 A/New York/55/2004": 0.12263894081115723
    },
    "H3N2 A/Tasmania/1/1997": {
      "H3N2 A/Panama/2007/1999": 1.0
    },
    "H3N2 A/Hanam/53/2010": {
      "H3N2 A/Hanam/135/2008": 1.0,
      "H3N2 A/Panama/2007/1999": 0.14468693733215332,
      "H3N2 A/Perth/16/2009": 0.16079626977443695
    },
    "H3N2 A/New York/55/2004": {
      "H3N2 A/Hanam/135/2008": 0.33484408259391785,
      "H3N2 A/Panama/2007/1999": 0.9014323353767395,
      "H3N2 A/Perth/16/2009": 1.0
    },
    "H3N2 A/Panama/2007/1999": {
      "H3N2 A/Tasmania/1/1997": 1.0,
      "H3N2 A/Hanam/53/2010": 0.2987730801105499,
      "H3N2 A/New York/55/2004": 0.6555920243263245
    },
    "H3N2 A/Perth/16/2009": {
      "H3N2 A/Hanam/135/2008": 0.1651345044374466,
      "H3N2 A/Hanam/53/2010": 0.35393989086151123,
      "H3N2 A/New York/55/2004": 1.0
    }
  },
  "H3N2 A/Perth/16/2009": {
    "H3N2 A/Hanam/135/2008": {
      "H3N2 A/Hanam/53/2010": 1.0,
      "H3N2 A/New York/55/2004": 0.187199667096138
    },
    "H3N2 A/Tasmania/1/1997": {
      "H3N2 A/Panama/2007/1999": 0.3428680896759033,
      "H3N2 A/Christchurch/1/1996": 1.0
    },
    "H3N2 A/Hanam/53/2010": {
      "H3N2 A/Hanam/135/2008": 1.0,
      "H3N2 A/Panama/2007/1999": 0.11965728551149368
    },
    "H3N2 A/New York/55/2004": {
      "H3N2 A/Hanam/135/2008": 0.6825056672096252,
      "H3N2 A/Hanam/53/2010": 0.20353953540325165,
      "H3N2 A/Panama/2007/1999": 1.0,
      "H3N2 A/Christchurch/1/1996": 0.10252654552459717
    },
    "H3N2 A/Panama/2007/1999": {
      "H3N2 A/Tasmania/1/1997": 0.9656740427017212,
      "H3N2 A/Hanam/53/2010": 0.36712518334388733,
      "H3N2 A/New York/55/2004": 1.0,
      "H3N2 A/Christchurch/1/1996": 0.17994920909404755
    },
    "H3N2 A/Christchurch/1/1996": {
      "H3N2 A/Tasmania/1/1997": 1.0
    }
  }
}