{
  "H3N2 A/Beijing/353/1989": {
    "H3N2 A/Beijing/32/1992": {
      "H3N2 A/Sydney/5/1997": 1.0,
      "H3N2 A/Bangkok/1/1979": 0.2928645610809326,
      "H3N2 A/Texas/50/2012": 0.877051830291748
    },
    "H3N2 A/Sydney/5/1997": {
      "H3N2 A/Beijing/32/1992": 1.0,
      "H3N2 A/Wuhan/359/1995": 0.41564708948135376
    },
    "H3N2 A/Bangkok/1/1979": {
      "H3N2 A/Beijing/32/1992": 0.8183726668357849,
      "H3N2 A/Sydney/5/1997": 0.3060152232646942,
      "H3N2 A/Texas/50/2012": 1.0,
      "H3N2 A/Wuhan/359/1995": 0.1742803454399109
    },
    "H3N2 A/Texas/50/2012": {
      "H3N2 A/Beijing/32/1992": 1.0,
      "H3N2 A/Sydney/5/1997": 0.1793806105852127,
      "H3N2 A/Bangkok/1/1979": 0.6137077808380127
    },
    "H3N2 A/Wuhan/359/1995": {
      "H3N2 A/Sydney/5/1997": 1.0,
      "H3N2 A/Bangkok/1/1979": 0.23119038343429565
    }
  },
  "H3N2 A/Beijing/32/1992": {
    "H3N2 A/Beijing/353/1989": {
      "H3N2 A/Sydney/5/1997": 1.0,
      "H3N2 A/Texas/50/2012": 0.4257635772228241
    },
    "H3N2 A/Sydney/5/1997": {
      "H3N2 A/Beijing/353/1989": 1.0,
      "H3N2 A/Bangkok/1/1979": 0.29167211055755615,
      "H3N2 A/Texas/50/2012": 0.31804630160331726,
      "H3N2 A/Wuhan/359/1995": 0.6020699143409729
    },
    "H3N2 A/Bangkok/1/1979": {
      "H3N2 A/Sydney/5/1997": 0.41311925649642944,
      "H3N2 A/Texas/50/2012": 1.0,
      "H3N2 A/Wuhan/359/1995": 0.17024296522140503
    },
    "H3N2 A/Texas/50/2012": {
      "H3N2 A/Beijing/353/1989": 0.463066965341568,
      "H3N2 A/Sydney/5/1997": 0.33806389570236206,
      "H3N2 A/Bangkok/1/1979": 1.0
    },
    "H3N2 A/Wuhan/359/1995": {
      "H3N2 A/Sydney/5/1997": 1.0,
      "H3N2 A/Bangkok/1/1979": 0.24565745890140533
    }
  },
  "H3N2 A/Sydney/5/1997": {
    "H3N2 A/Beijing/353/1989": {
      "H3N2 A/Beijing/32/1992": 1.0
    },
    "H3N2 A/Beijing/32/1992": {
      "H3N2 A/Beijing/353/1989": 1.0,
      "H3N2 A/Bangkok/1/1979": 0.36569130420684814,
      "H3N2 A/Texas/50/2012": 0.547859251499176
    },
    "H3N2 A/Bangkok/1/1979": {
      "H3N2 A/Beijing/32/1992": 1.0,
      "H3N2 A/Texas/50/2012": 0.6843260526657104,
      "H3N2 A/Wuhan/359/1995": 0.10273415595293045
    },
    "H3N2 A/Texas/50/2012": {
      "H3N2 A/Beijing/353/1989": 0.17393283545970917,
      "H3N2 A/Beijing/32/1992": 1.0,
      "H3N2 A/Bangkok/1/1979": 0.581145703792572
    },
    "H3N2 A/Wuhan/359/1995": {
      "H3N2 A/Beijing/353/1989": 0.7197949290275574,
      "H3N2 A/Beijing/32/1992": 1.0,
      "H3N2 A/Bangkok/1/1979": 0.8576372265815735,
      "H3N2 A/Texas/50/2012": 0.34568408131599426
    }
  },
  "H3N2 A/Bangkok/1/1979": {
    "H3N2 A/Beijing/353/1989": {
      "H3N2 A/Beijing/32/1992": 1.0,
      "H3N2 A/Sydney/5/1997": 0.43827584385871887
    },
    "H3N2 A/Beijing/32/1992": {
      "H3N2 A/Beijing/353/1989": 0.9121118187904358,
      "H3N2 A/Sydney/5/1997": 0.8470059037208557,
      "H3N2 A/Texas/50/2012": 1.0
    },
    "H3N2 A/Sydney/5/1997": {
      "H3N2 A/Beijing/353/1989": 0.4298224449157715,
      "H3N2 A/Beijing/32/1992": 1.0,
      "H3N2 A/Wuhan/359/1995": 0.4310089647769928
    },
    "H3N2 A/Texas/50/2012": {
      "H3N2 A/Beijing/32/1992": 1.0
    },
    "H3N2 A/Wuhan/359/1995": {
      "H3N2 A/Sydney/5/1997": 1.0,
      "H3N2 A/Texas/50/2012": 0.22651375830173492
    }
  },
  "H3N2 A/Texas/50/2012": {
    "H3N2 A/Beijing/353/1989": {
      "H3N2 A/Beijing/32/1992": 1.0,
      "H3N2 A/Sydney/5/1997": 0.38657134771347046
    },
    "H3N2 A/Beijing/32/1992": {
      "H3N2 A/Beijing/353/1989": 1.0,
      "H3N2 A/Sydney/5/1997": 0.6826671361923218,
      "H3N2 A/Bangkok/1/1979": 0.5351300239562988
    },
    "H3N2 A/Sydney/5/1997": {
      "H3N2 A/Beijing/353/1989": 0.4425562918186188,
      "H3N2 A/Beijing/32/1992": 1.0,
      "H3N2 A/Wuhan/359/1995": 0.4891565442085266
    },
    "H3N2 A/Bangkok/1/1979": {
      "H3N2 A/Beijing/32/1992": 1.0,
      "H3N2 A/Sydney/5/1997": 0.1642470508813858
    },
    "H3N2 A/Wuhan/359/1995": {
      "H3N2 A/Sydney/5/1997": 1.0,
      "H3N2 A/Bangkok/1/1979": 0.3174310028553009
    }
  },
  "H3N2 A/Wuhan/359/1995": {
    "H3N2 A/Beijing/353/1989": {
      "H3N2 A/Beijing/32/1992": 1.0,
      "H3N2 A/Sydney/5/1997": 0.3740689754486084
    },
    "H3N2 A/Beijing/32/1992": {
      "H3N2 A/Beijing/353/1989": 1.0,
      "H3N2 A/Sydney/5/1997": 0.7534154653549194,
      "H3N2 A/Bangkok/1/1979": 0.35681620240211487,
      "H3N2 A/Texas/50/2012": 0.6993730664253235
    },
    "H3N2 A/Sydney/5/1997": {
      "H3N2 A/Beijing/353/1989": 0.4885777235031128,
      "H3N2 A/Beijing/32/1992": 1.0
    },
    "H3N2 A/Bangkok/1/1979": {
      "H3N2 A/Beijing/32/1992": 0.8378627300262451,
      "H3N2 A/Sydney/5/1997": 0.29038435220718384,
      "H3N2 A/Texas/50/2012": 1.0
    },
    "H3N2 A/Texas/50/2012": {
      "H3N2 A/Beijing/353/1989": 0.17488993704319,
      "H3N2 A/Beijing/32/1992": 1.0,
      "H3N2 A/Bangkok/1/1979": 0.7786260843276978
    }
  }
}