{
  "H3N2 A/Beijing/353/1989": {
    "H3N2 A/Beijing/32/1992": {
      "H3N2 A/Hong Kong/4801/2014": 0.14811569452285767,
      "H3N2 A/Bangkok/1/1979": 0.18789078295230865,
      "H3N2 A/Texas/50/2012": 0.3218972682952881,
      "H3N2 A/Sichuan/2/1987": 1.0
    },
    "H3N2 A/Hong Kong/4801/2014": {
      "H3N2 A/Texas/50/2012": 1.0
    },
    "H3N2 A/Hong Kong/1/1968": {
      "H3N2 A/Texas/1/1977": 1.0
    },
    "H3N2 A/Bangkok/1/1979": {
      "H3N2 A/Texas/1/1977": 1.0,
      "H3N2 A/Sichuan/2/1987": 0.20155993103981018
    },
    "H3N2 A/Texas/50/2012": {
      "H3N2 A/Beijing/32/1992": 0.1630060374736786,
      "H3N2 A/Hong Kong/4801/2014": 1.0,
      "H3N2 A/Sichuan/2/1987": 0.2597442865371704
    },
    "H3N2 A/Texas/1/1977": {
      "H3N2 A/Hong Kong/4801/2014": 0.1007564589381218,
      "H3N2 A/Hong Kong/1/1968": 0.36982080340385437,
      "H3N2 A/Bangkok/1/1979": 1.0,
      "H3N2 A/Sichuan/2/1987": 0.10710049420595169
    },
    "H3N2 A/Sichuan/2/1987": {
      "H3N2 A/Beijing/32/1992": 1.0,
      "H3N2 A/Hong Kong/4801/2014": 0.1434413343667984,
      "H3N2 A/Bangkok/1/1979": 0.3820233941078186,
      "H3N2 A/Texas/50/2012": 0.45175060629844666,
      "H3N2 A/Texas/1/1977": 0.21343718469142914,
      "H3N2 A/Wuhan/359/1995": 0.3504190742969513
    },
    "H3N2 A/Wuhan/359/1995": {
      "H3N2 A/Bangkok/1/1979": 0.586982250213623,
      "H3N2 A/Texas/50/2012": 0.11363040655851364,
      "H3N2 A/Texas/1/1977": 0.18025995790958405,
      "H3N2 A/Sichuan/2/1987": 1.0
    }
  },
  "H3N2 A/Beijing/32/1992": {
    "H3N2 A/Beijing/353/1989": {
      "H3N2 A/Hong Kong/4801/2014": 0.6945391297340393,
      "H3N2 A/Hong Kong/1/1968": 1.0,
      "H3N2 A/Bangkok/1/1979": 0.32696065306663513,
      "H3N2 A/Texas/50/2012": 0.16542159020900726,
      "H3N2 A/Sichuan/2/1987": 0.9011669754981995
    },
    "H3N2 A/Hong Kong/4801/2014": {
      "H3N2 A/Beijing/353/1989": 0.17199085652828217,
      "H3N2 A/Texas/50/2012": 1.0
    },
    "H3N2 A/Hong Kong/1/1968": {
      "H3N2 A/Beijing/353/1989": 0.7524242997169495,
      "H3N2 A/Texas/1/1977": 1.0
    },
    "H3N2 A/Bangkok/1/1979": {
      "H3N2 A/Texas/1/1977": 1.0,
      "H3N2 A/Sichuan/2/1987": 0.2666456401348114
    },
    "H3N2 A/Texas/50/2012": {
      "H3N2 A/Hong Kong/4801/2014": 1.0,
      "H3N2 A/Sichuan/2/1987": 0.3445074260234833
    },
    "H3N2 A/Texas/1/1977": {
      "H3N2 A/Hong Kong/1/1968": 0.29770612716674805,
      "H3N2 A/Bangkok/1/1979": 1.0,
      "H3N2 A/Sichuan/2/1987": 0.162803053855896
    },
    "H3N2 A/Sichuan/2/1987": {
      "H3N2 A/Beijing/353/1989": 0.6519320011138916,
      "H3N2 A/Hong Kong/4801/2014": 0.1847543865442276,
      "H3N2 A/Bangkok/1/1979": 1.0,
      "H3N2 A/Texas/50/2012": 0.9928563237190247,
      "H3N2 A/Texas/1/1977": 0.5399581789970398,
      "H3N2 A/Wuhan/359/1995": 0.48848673701286316
    },
    "H3N2 A/Wuhan/359/1995": {
      "H3N2 A/Beijing/353/1989": 0.11289609223604202,
      "H3N2 A/Bangkok/1/1979": 0.6404812335968018,
      "H3N2 A/Texas/50/2012": 0.13697220385074615,
      "H3N2 A/Texas/1/1977": 0.25431159138679504,
      "H3N2 A/Sichuan/2/1987": 1.0
    }
  },
  "H3N2 A/Hong Kong/4801/2014": {
    "H3N2 A/Beijing/353/1989": {
      "H3N2 A/Beijing/32/1992": 1.0,
      "H3N2 A/Hong Kong/1/1968": 0.3791158199310303,
      "H3N2 A/Texas/1/1977": 0.15903764963150024,
      "H3N2 A/Sichuan/2/1987": 0.1666705459356308
    },
    "H3N2 A/Beijing/32/1992": {
      "H3N2 A/Beijing/353/1989": 0.9831733703613281,
      "H3N2 A/Bangkok/1/1979": 0.13758349418640137,
      "H3N2 A/Texas/50/2012": 0.420527845621109,
      "H3N2 A/Sichuan/2/1987": 1.0
    },
    "H3N2 A/Hong Kong/1/1968": {
      "H3N2 A/Beijing/353/1989": 0.7383032441139221,
      "H3N2 A/Texas/1/1977": 1.0
    },
    "H3N2 A/Bangkok/1/1979": {
      "H3N2 A/Texas/1/1977": 1.0,
      "H3N2 A/Sichuan/2/1987": 0.19051408767700195
    },
    "H3N2 A/Texas/50/2012": {
      "H3N2 A/Beijing/353/1989": 0.16308511793613434,
      "H3N2 A/Beijing/32/1992": 0.6107383966445923,
      "H3N2 A/Bangkok/1/1979": 0.2415582835674286,
      "H3N2 A/Sichuan/2/1987": 1.0
    },
    "H3N2 A/Texas/1/1977": {
      "H3N2 A/Hong Kong/1/1968": 0.31691911816596985,
      "H3N2 A/Bangkok/1/1979": 1.0
    },
    "H3N2 A/Sichuan/2/1987": {
      "H3N2 A/Beijing/353/1989": 0.19191555678844452,
      "H3N2 A/Beijing/32/1992": 1.0,
      "H3N2 A/Bangkok/1/1979": 0.48108771443367004,
      "H3N2 A/Texas/50/2012": 0.650439441204071,
      "H3N2 A/Texas/1/1977": 0.25986310839653015,
      "H3N2 A/Wuhan/359/1995": 0.38566574454307556
    },
    "H3N2 A/Wuhan/359/1995": {
      "H3N2 A/Beijing/353/1989": 0.10152105987071991,
      "H3N2 A/Bangkok/1/1979": 0.6624227166175842,
      "H3N2 A/Texas/1/1977": 0.20883207023143768,
      "H3N2 A/Sichuan/2/1987": 1.0
    }
  },
  "H3N2 A/Hong Kong/1/1968": {
    "H3N2 A/Beijing/353/1989": {
      "H3N2 A/Beijing/32/1992": 1.0,
      "H3N2 A/Hong Kong/4801/2014": 0.284352570772171,
      "H3N2 A/Texas/1/1977": 0.24769538640975952
    },
    "H3N2 A/Beijing/32/1992": {
      "H3N2 A/Beijing/353/1989": 1.0,
      "H3N2 A/Hong Kong/4801/2014": 0.12296852469444275,
      "H3N2 A/Bangkok/1/1979": 0.14106255769729614,
      "H3N2 A/Texas/50/2012": 0.3613980710506439,
      "H3N2 A/Texas/1/1977": 0.10439034551382065,
      "H3N2 A/Sichuan/2/1987": 0.9713427424430847
    },
    "H3N2 A/Hong Kong/4801/2014": {
      "H3N2 A/Beijing/353/1989": 0.14629298448562622,
      "H3N2 A/Texas/50/2012": 1.0
    },
    "H3N2 A/Bangkok/1/1979": {
      "H3N2 A/Texas/1/1977": 1.0,
      "H3N2 A/Sichuan/2/1987": 0.19576285779476166
    },
    "H3N2 A/Texas/50/2012": {
      "H3N2 A/Beijing/32/1992": 0.15304140746593475,
      "H3N2 A/Hong Kong/4801/2014": 1.0,
      "H3N2 A/Sichuan/2/1987": 0.25412482023239136
    },
    "H3N2 A/Texas/1/1977": {
      "H3N2 A/Hong Kong/4801/2014": 0.10060641169548035,
      "H3N2 A/Bangkok/1/1979": 1.0,
      "H3N2 A/Sichuan/2/1987": 0.17009977996349335
    },
    "H3N2 A/Sichuan/2/1987": {
      "H3N2 A/Beijing/353/1989": 0.10908026993274689,
      "H3N2 A/Beijing/32/1992": 1.0,
      "H3N2 A/Hong Kong/4801/2014": 0.10775866359472275,
      "H3N2 A/Bangkok/1/1979": 0.5822004675865173,
      "H3N2 A/Texas/50/2012": 0.5085268020629883,
      "H3N2 A/Texas/1/1977": 0.5158426761627197,
      "H3N2 A/Wuhan/359/1995": 0.43451666831970215
    },
    "H3N2 A/Wuhan/359/1995": {
      "H3N2 A/Beijing/353/1989": 0.12895701825618744,
      "H3N2 A/Bangkok/1/1979": 0.6743592619895935,
      "H3N2 A/Texas/50/2012": 0.26716920733451843,
      "H3N2 A/Texas/1/1977": 0.37282565236091614,
      "H3N2 A/Sichuan/2/1987": 1.0
    }
  },
  "H3N2 A/Bangkok/1/1979": {
    "H3N2 A/Beijing/353/1989": {
      "H3N2 A/Beijing/32/1992": 1.0,
      "H3N2 A/Hong Kong/4801/2014": 0.21661517024040222,
      "H3N2 A/Hong Kong/1/1968": 0.3952723741531372,
      "H3N2 A/Sichuan/2/1987": 0.14459078013896942
    },
    "H3N2 A/Beijing/32/1992": {
      "H3N2 A/Beijing/353/1989": 0.9166139364242554,
      "H3N2 A/Hong Kong/4801/2014": 0.11808007210493088,
      "H3N2 A/Texas/50/2012": 0.33649206161499023,
      "H3N2 A/Texas/1/1977": 0.18871870636940002,
      "H3N2 A/Sichuan/2/1987": 1.0
    },
    "H3N2 A/Hong Kong/4801/2014": {
      "H3N2 A/Beijing/353/1989": 0.12225214391946793,
      "H3N2 A/Texas/50/2012": 1.0
    },
    "H3N2 A/Hong Kong/1/1968": {
      "H3N2 A/Beijing/353/1989": 0.7537127733230591,
      "H3N2 A/Texas/1/1977": 1.0
    },
    "H3N2 A/Texas/50/2012": {
      "H3N2 A/Beijing/32/1992": 0.1784166395664215,
      "H3N2 A/Hong Kong/4801/2014": 1.0,
      "H3N2 A/Sichuan/2/1987": 0.30868712067604065
    },
    "H3N2 A/Texas/1/1977": {
      "H3N2 A/Beijing/32/1992": 0.3967493772506714,
      "H3N2 A/Hong Kong/4801/2014": 0.314919114112854,
      "H3N2 A/Hong Kong/1/1968": 1.0,
      "H3N2 A/Texas/50/2012": 0.20320384204387665,
      "H3N2 A/Sichuan/2/1987": 0.8579893112182617
    },
    "H3N2 A/Sichuan/2/1987": {
      "H3N2 A/Beijing/353/1989": 0.14661705493927002,