{
  "H3N2 A/Hanam/135/2008": {
    "H3N2 A/Tasmania/1/1997": {
      "H3N2 A/Panama/2007/1999": 0.675599992275238,
      "H3N2 A/Christchurch/1/1996": 1.0
    },
    "H3N2 A/Hanam/53/2010": {
      "H3N2 A/New York/55/2004": 0.16573496162891388,
      "H3N2 A/Panama/2007/1999": 0.3297526240348816,
      "H3N2 A/Perth/16/2009": 1.0
    },
    "H3N2 A/New York/55/2004": {
      "H3N2 A/Hanam/53/2010": 0.14388927817344666,
      "H3N2 A/Panama/2007/1999": 0.5610357522964478,
      "H3N2 A/Perth/16/2009": 1.0
    },
    "H3N2 A/Panama/2007/1999": {
      "H3N2 A/Tasmania/1/1997": 1.0,
      "H3N2 A/Hanam/53/2010": 0.3310694396495819,
      "H3N2 A/New York/55/2004": 0.7882770895957947,
      "H3N2 A/Christchurch/1/1996": 0.5749316215515137
    },
    "H3N2 A/Christchurch/1/1996": {
      "H3N2 A/Tasmania/1/1997": 1.0,
      "H3N2 A/Panama/2007/1999": 0.5341721773147583
    },
    "H3N2 A/Perth/16/2009": {
      "H3N2 A/Hanam/53/2010": 0.6511121392250061,
      "H3N2 A/New York/55/2004": 1.0
    }
  },
  "H3N2 A/Tasmania/1/1997": {
    "H3N2 A/Hanam/135/2008": {
      "H3N2 A/Hanam/53/2010": 1.0
    },
    "H3N2 A/Hanam/53/2010": {
      "H3N2 A/Hanam/135/2008": 1.0,
      "H3N2 A/Panama/2007/1999": 0.14469709992408752,
      "H3N2 A/Perth/16/2009": 0.18381968140602112
    },
    "H3N2 A/New York/55/2004": {
      "H3N2 A/Hanam/135/2008": 0.11168642342090607,
      "H3N2 A/Panama/2007/1999": 0.6902053356170654,
      "H3N2 A/Perth/16/2009": 1.0
    },
    "H3N2 A/Panama/2007/1999": {
      "H3N2 A/Hanam/53/2010": 0.22919395565986633,
      "H3N2 A/New York/55/2004": 0.4326859712600708,
      "H3N2 A/Christchurch/1/1996": 1.0
    },
    "H3N2 A/Christchurch/1/1996": {
      "H3N2 A/Panama/2007/1999": 1.0
    },
    "H3N2 A/Perth/16/2009": {
      "H3N2 A/Hanam/135/2008": 0.18613751232624054,
      "H3N2 A/Hanam/53/2010": 0.39686113595962524,
      "H3N2 A/New York/55/2004": 1.0
    }
  },
  "H3N2 A/Hanam/53/2010": {
    "H3N2 A/Hanam/135/2008": {
      "H3N2 A/New York/55/2004": 0.31233280897140503,
      "H3N2 A/Perth/16/2009": 1.0
    },
    "H3N2 A/Tasmania/1/1997": {
      "H3N2 A/Panama/2007/1999": 0.6248845458030701,
      "H3N2 A/Christchurch/1/1996": 1.0
    },
    "H3N2 A/New York/55/2004": {
      "H3N2 A/Hanam/135/2008": 0.17768192291259766,
      "H3N2 A/Panama/2007/1999": 0.4579194486141205,
      "H3N2 A/Perth/16/2009": 1.0
    },
    "H3N2 A/Panama/2007/1999": {
      "H3N2 A/Tasmania/1/1997": 1.0,
      "H3N2 A/New York/55/2004": 0.6554351449012756,
      "H3N2 A/Christchurch/1/1996": 0.5143095850944519
    },
    "H3N2 A/Christchurch/1/1996": {
      "H3N2 A/Tasmania/1/1997": 1.0,
      "H3N2 A/Panama/2007/1999": 0.4574262201786041
    },
    "H3N2 A/Perth/16/2009": {
      "H3N2 A/Hanam/135/2008": 0.539104700088501,
      "H3N2 A/New York/55/2004": 1.0
    }
  },
  "H3N2 A/New York/55/2004": {
    "H3N2 A/Hanam/135/2008": {
      "H3N2 A/Hanam/53/2010": 1.0,
      "H3N2 A/Perth/16/2009": 0.15663807094097137
    },
    "H3N2 A/Tasmania/1/1997": {
      "H3N2 A/Panama/2007/1999": 0.6900503039360046,
      "H3N2 A/Christchurch/1/1996": 1.0
    },
    "H3N2 A/Hanam/53/2010": {
      "H3N2 A/Hanam/135/2008": 1.0,
      "H3N2 A/Panama/2007/1999": 0.12214705348014832,
      "H3N2 A/Perth/16/2009": 0.24691063165664673
    },
    "H3N2 A/Panama/2007/1999": {
      "H3N2 A/Tasmania/1/1997": 1.0,
      "H3N2 A/Hanam/53/2010": 0.32548728585243225,
      "H3N2 A/Christchurch/1/1996": 0.5649145841598511,
      "H3N2 A/Perth/16/2009": 0.2654884159564972
    },
    "H3N2 A/Christchurch/1/1996": {
      "H3N2 A/Tasmania/1/1997": 1.0,
      "H3N2 A/Panama/2007/1999": 0.5449714064598083
    },
    "H3N2 A/Perth/16/2009": {
      "H3N2 A/Hanam/135/2008": 0.5434501767158508,
      "H3N2 A/Hanam/53/2010": 1.0,
      "H3N2 A/Panama/2007/1999": 0.3422127664089203
    }
  },
  "H3N2 A/Panama/2007/1999": {
    "H3N2 A/Hanam/135/2008": {
      "H3N2 A/Hanam/53/2010": 1.0,
      "H3N2 A/Perth/16/2009": 0.10684270411729813
    },
    "H3N2 A/Tasmania/1/1997": {
      "H3N2 A/Christchurch/1/1996": 1.0
    },
    "H3N2 A/Hanam/53/2010": {
      "H3N2 A/Hanam/135/2008": 1.0,
      "H3N2 A/Perth/16/2009": 0.17180317640304565
    },
    "H3N2 A/New York/55/2004": {
      "H3N2 A/Hanam/135/2008": 0.14571714401245117,
      "H3N2 A/Tasmania/1/1997": 0.14229385554790497,
      "H3N2 A/Perth/16/2009": 1.0
    },
    "H3N2 A/Christchurch/1/1996": {
      "H3N2 A/Tasmania/1/1997": 1.0
    },
    "H3N2 A/Perth/16/2009": {
      "H3N2 A/Hanam/135/2008": 0.1642875224351883,
      "H3N2 A/Hanam/53/2010": 0.31788185238838196,
      "H3N2 A/New York/55/2004": 1.0
    }
  },
  "H3N2 A/Christchurch/1/1996": {
    "H3N2 A/Hanam/135/2008": {
      "H3N2 A/Hanam/53/2010": 1.0,
      "H3N2 A/Perth/16/2009": 0.10246924310922623
    },
    "H3N2 A/Tasmania/1/1997": {
      "H3N2 A/Panama/2007/1999": 1.0
    },
    "H3N2 A/Hanam/53/2010": {
      "H3N2 A/Hanam/135/2008": 1.0,
      "H3N2 A/Panama/2007/1999": 0.1331092119216919,
      "H3N2 A/Perth/16/2009": 0.19770579040050507
    },
    "H3N2 A/New York/55/2004": {
      "H3N2 A/Hanam/135/2008": 0.11760459095239639,
      "H3N2 A/Panama/2007/1999": 0.5912224054336548,
      "H3N2 A/Perth/16/2009": 1.0
    },
    "H3N2 A/Panama/2007/1999": {
      "H3N2 A/Tasmania/1/1997": 1.0,
      "H3N2 A/Hanam/53/2010": 0.1978660523891449,
      "H3N2 A/New York/55/2004": 0.4333705008029938
    },
    "H3N2 A/Perth/16/2009": {
      "H3N2 A/Hanam/135/2008": 0.1775299459695816,
      "H3N2 A/Hanam/53/2010": 0.39835378527641296,
      "H3N2 A/New York/55/2004": 1.0
    }
  },
  "H3N2 A/Perth/16/2009": {
    "H3N2 A/Hanam/135/2008": {
      "H3N2 A/Hanam/53/2010": 1.0,
      "H3N2 A/New York/55/2004": 0.11587199568748474
    },
    "H3N2 A/Tasmania/1/1997": {
      "H3N2 A/Panama/2007/1999": 0.6177681684494019,
      "H3N2 A/Christchurch/1/1996": 1.0
    },
    "H3N2 A/Hanam/53/2010": {
      "H3N2 A/Hanam/135/2008": 1.0,
      "H3N2 A/Panama/2007/1999": 0.10149096697568893
    },
    "H3N2 A/New York/55/2004": {
      "H3N2 A/Hanam/135/2008": 0.4197884500026703,
      "H3N2 A/Hanam/53/2010": 0.46820852160453796,
      "H3N2 A/Panama/2007/1999": 1.0
    },
    "H3N2 A/Panama/2007/1999": {
      "H3N2 A/Tasmania/1/1997": 1.0,
      "H3N2 A/Hanam/53/2010": 0.3339751064777374,
      "H3N2 A/New York/55/2004": 0.9634762406349182,
      "H3N2 A/Christchurch/1/1996": 0.5812276601791382
    },
    "H3N2 A/Christchurch/1/1996": {
      "H3N2 A/Tasmania/1/1997": 1.0,
      "H3N2 A/Panama/2007/1999": 0.5226244926452637
    }
  }
}