{
  "H3N2 A/Sydney/5/1997": {
    "H3N2 A/Hong Kong/4801/2014": {
      "H3N2 A/New York/55/2004": 0.722666323184967,
      "H3N2 A/Texas/50/2012": 1.0,
      "H3N2 A/Texas/1/1977": 0.10998781025409698
    },
    "H3N2 A/Hong Kong/1/1968": {
      "H3N2 A/New York/55/2004": 0.13704486191272736,
      "H3N2 A/Texas/1/1977": 1.0
    },
    "H3N2 A/New York/55/2004": {
      "H3N2 A/Hong Kong/4801/2014": 1.0,
      "H3N2 A/Texas/50/2012": 0.7653346657752991,
      "H3N2 A/Texas/1/1977": 0.13838811218738556
    },
    "H3N2 A/Texas/50/2012": {
      "H3N2 A/Hong Kong/4801/2014": 1.0,
      "H3N2 A/New York/55/2004": 0.5851152539253235,
      "H3N2 A/Texas/1/1977": 0.19589632749557495
    },
    "H3N2 A/Texas/1/1977": {
      "H3N2 A/Hong Kong/4801/2014": 0.39717206358909607,
      "H3N2 A/Hong Kong/1/1968": 1.0,
      "H3N2 A/New York/55/2004": 0.23530548810958862,
      "H3N2 A/Texas/50/2012": 0.5680164694786072
    }
  },
  "H3N2 A/Hong Kong/4801/2014": {
    "H3N2 A/Sydney/5/1997": {
      "H3N2 A/New York/55/2004": 1.0,
      "H3N2 A/Texas/1/1977": 0.11072462052106857
    },
    "H3N2 A/Hong Kong/1/1968": {
      "H3N2 A/Texas/1/1977": 1.0
    },
    "H3N2 A/New York/55/2004": {
      "H3N2 A/Sydney/5/1997": 1.0,
      "H3N2 A/Texas/50/2012": 0.8774260878562927
    },
    "H3N2 A/Texas/50/2012": {
      "H3N2 A/New York/55/2004": 1.0
    },
    "H3N2 A/Texas/1/1977": {
      "H3N2 A/Sydney/5/1997": 0.24114634096622467,
      "H3N2 A/Hong Kong/1/1968": 1.0,
      "H3N2 A/Texas/50/2012": 0.13853619992733002
    }
  },
  "H3N2 A/Hong Kong/1/1968": {
    "H3N2 A/Sydney/5/1997": {
      "H3N2 A/Hong Kong/4801/2014": 0.15751264989376068,
      "H3N2 A/New York/55/2004": 1.0,
      "H3N2 A/Texas/1/1977": 0.12118685245513916
    },
    "H3N2 A/Hong Kong/4801/2014": {
      "H3N2 A/Sydney/5/1997": 0.14522427320480347,
      "H3N2 A/New York/55/2004": 0.4152418076992035,
      "H3N2 A/Texas/50/2012": 1.0
    },
    "H3N2 A/New York/55/2004": {
      "H3N2 A/Sydney/5/1997": 1.0,
      "H3N2 A/Hong Kong/4801/2014": 0.3948301672935486,
      "H3N2 A/Texas/50/2012": 0.578323245048523
    },
    "H3N2 A/Texas/50/2012": {
      "H3N2 A/Hong Kong/4801/2014": 1.0,
      "H3N2 A/New York/55/2004": 0.6468545198440552,
      "H3N2 A/Texas/1/1977": 0.2415696680545807
    },
    "H3N2 A/Texas/1/1977": {
      "H3N2 A/Sydney/5/1997": 0.7046177983283997,
      "H3N2 A/Hong Kong/4801/2014": 0.8935180902481079,
      "H3N2 A/Texas/50/2012": 1.0
    }
  },
  "H3N2 A/New York/55/2004": {
    "H3N2 A/Sydney/5/1997": {
      "H3N2 A/Hong Kong/4801/2014": 1.0,
      "H3N2 A/Hong Kong/1/1968": 0.2571394145488739,
      "H3N2 A/Texas/1/1977": 0.7292488217353821
    },
    "H3N2 A/Hong Kong/4801/2014": {
      "H3N2 A/Sydney/5/1997": 0.27795910835266113,
      "H3N2 A/Texas/50/2012": 1.0
    },
    "H3N2 A/Hong Kong/1/1968": {
      "H3N2 A/Sydney/5/1997": 0.14995898306369781,
      "H3N2 A/Texas/1/1977": 1.0
    },
    "H3N2 A/Texas/50/2012": {
      "H3N2 A/Hong Kong/4801/2014": 1.0,
      "H3N2 A/Texas/1/1977": 0.11937258392572403
    },
    "H3N2 A/Texas/1/1977": {
      "H3N2 A/Sydney/5/1997": 0.3790472447872162,
      "H3N2 A/Hong Kong/4801/2014": 0.2748522162437439,
      "H3N2 A/Hong Kong/1/1968": 1.0,
      "H3N2 A/Texas/50/2012": 0.5089275240898132
    }
  },
  "H3N2 A/Texas/50/2012": {
    "H3N2 A/Sydney/5/1997": {
      "H3N2 A/Hong Kong/4801/2014": 0.13459564745426178,
      "H3N2 A/New York/55/2004": 1.0,
      "H3N2 A/Texas/1/1977": 0.18225057423114777
    },
    "H3N2 A/Hong Kong/4801/2014": {
      "H3N2 A/Sydney/5/1997": 0.1432497203350067,
      "H3N2 A/New York/55/2004": 1.0
    },
    "H3N2 A/Hong Kong/1/1968": {
      "H3N2 A/Texas/1/1977": 1.0
    },
    "H3N2 A/New York/55/2004": {
      "H3N2 A/Sydney/5/1997": 0.9818525314331055,
      "H3N2 A/Hong Kong/4801/2014": 1.0
    },
    "H3N2 A/Texas/1/1977": {
      "H3N2 A/Sydney/5/1997": 0.2968844771385193,
      "H3N2 A/Hong Kong/1/1968": 1.0,
      "H3N2 A/New York/55/2004": 0.15573984384536743
    }
  },
  "H3N2 A/Texas/1/1977": {
    "H3N2 A/Sydney/5/1997": {
      "H3N2 A/Hong Kong/4801/2014": 0.10898218303918839,
      "H3N2 A/New York/55/2004": 1.0
    },
    "H3N2 A/Hong Kong/4801/2014": {
      "H3N2 A/Sydney/5/1997": 0.1641194075345993,
      "H3N2 A/New York/55/2004": 0.40025824308395386,
      "H3N2 A/Texas/50/2012": 1.0
    },
    "H3N2 A/Hong Kong/1/1968": {
      "H3N2 A/Sydney/5/1997": 1.0,
      "H3N2 A/Hong Kong/4801/2014": 0.18296977877616882,
      "H3N2 A/New York/55/2004": 0.354417085647583,
      "H3N2 A/Texas/50/2012": 0.9324080348014832
    },
    "H3N2 A/New York/55/2004": {
      "H3N2 A/Sydney/5/1997": 1.0,
      "H3N2 A/Hong Kong/4801/2014": 0.3995703160762787,
      "H3N2 A/Texas/50/2012": 0.7109277844429016
    },
    "H3N2 A/Texas/50/2012": {
      "H3N2 A/Hong Kong/4801/2014": 1.0,
      "H3N2 A/New York/55/2004": 0.8924877643585205
    }
  }
}