{
  "H3N2 A/Beijing/32/1992": {
    "H3N2 A/Sydney/5/1997": {
      "H3N2 A/Wyoming/3/2003": 1.0,
      "H3N2 A/New York/55/2004": 0.30258092284202576,
      "H3N2 A/Wuhan/359/1995": 0.13941217958927155
    },
    "H3N2 A/Wyoming/3/2003": {
      "H3N2 A/Sydney/5/1997": 1.0,
      "H3N2 A/New York/55/2004": 0.6405024528503418
    },
    "H3N2 A/New York/55/2004": {
      "H3N2 A/Sydney/5/1997": 0.6242344975471497,
      "H3N2 A/Wyoming/3/2003": 1.0
    },
    "H3N2 A/Wuhan/359/1995": {
      "H3N2 A/Sydney/5/1997": 1.0
    }
  },
  "H3N2 A/Sydney/5/1997": {
    "H3N2 A/Beijing/32/1992": {
      "H3N2 A/Wyoming/3/2003": 0.5663893222808838,
      "H3N2 A/New York/55/2004": 1.0
    },
    "H3N2 A/Wyoming/3/2003": {
      "H3N2 A/Beijing/32/1992": 0.15163201093673706,
      "H3N2 A/New York/55/2004": 1.0,
      "H3N2 A/Wuhan/359/1995": 0.1026889756321907
    },
    "H3N2 A/New York/55/2004": {
      "H3N2 A/Beijing/32/1992": 0.6608976721763611,
      "H3N2 A/Wyoming/3/2003": 1.0
    },
    "H3N2 A/Wuhan/359/1995": {
      "H3N2 A/Wyoming/3/2003": 1.0
    }
  },
  "H3N2 A/Wyoming/3/2003": {
    "H3N2 A/Beijing/32/1992": {
      "H3N2 A/Sydney/5/1997": 0.6174389123916626,
      "H3N2 A/New York/55/2004": 1.0
    },
    "H3N2 A/Sydney/5/1997": {
      "H3N2 A/Beijing/32/1992": 0.3182205259799957,
      "H3N2 A/New York/55/2004": 1.0,
      "H3N2 A/Wuhan/359/1995": 0.273628830909729
    },
    "H3N2 A/New York/55/2004": {
      "H3N2 A/Beijing/32/1992": 0.5424932241439819,
      "H3N2 A/Sydney/5/1997": 1.0
    },
    "H3N2 A/Wuhan/359/1995": {
      "H3N2 A/Sydney/5/1997": 1.0,
      "H3N2 A/New York/55/2004": 0.17977464199066162
    }
  },
  "H3N2 A/New York/55/2004": {
    "H3N2 A/Beijing/32/1992": {
      "H3N2 A/Sydney/5/1997": 1.0,
      "H3N2 A/Wyoming/3/2003": 0.83092200756073
    },
    "H3N2 A/Sydney/5/1997": {
      "H3N2 A/Beijing/32/1992": 0.25021401047706604,
      "H3N2 A/Wyoming/3/2003": 1.0,
      "H3N2 A/Wuhan/359/1995": 0.1522563248872757
    },
    "H3N2 A/Wyoming/3/2003": {
      "H3N2 A/Beijing/32/1992": 0.14400525391101837,
      "H3N2 A/Sydney/5/1997": 1.0
    },
    "H3N2 A/Wuhan/359/1995": {
      "H3N2 A/Sydney/5/1997": 1.0,
      "H3N2 A/Wyoming/3/2003": 0.13976755738258362
    }
  },
  "H3N2 A/Wuhan/359/1995": {
    "H3N2 A/Beijing/32/1992": {
      "H3N2 A/Sydney/5/1997": 0.6078160405158997,
      "H3N2 A/Wyoming/3/2003": 0.35011720657348633,
      "H3N2 A/New York/55/2004": 1.0
    },
    "H3N2 A/Sydney/5/1997": {
      "H3N2 A/Beijing/32/1992": 0.241331085562706,
      "H3N2 A/Wyoming/3/2003": 1.0,
      "H3N2 A/New York/55/2004": 0.1131988987326622
    },
    "H3N2 A/Wyoming/3/2003": {
      "H3N2 A/Sydney/5/1997": 1.0,
      "H3N2 A/New York/55/2004": 0.595767080783844
    },
    "H3N2 A/New York/55/2004": {
      "H3N2 A/Beijing/32/1992": 1.0,
      "H3N2 A/Sydney/5/1997": 0.378728985786438,
      "H3N2 A/Wyoming/3/2003": 0.9859891533851624
    }
  }
}