{
  "H3N2 A/Bilthoven/1761/1976": {
    "H3N2 A/Netherlands/620/1989": {
      "H3N2 A/Netherlands/233/1982": 0.5688141584396362,
      "H3N2 A/Netherlands/823/1992": 1.0
    },
    "H3N2 A/Bilthoven/16190/1968": {
      "H3N2 A/Perth/16/2009": 0.12703107297420502,
      "H3N2 A/Bilthoven/2271/1976": 1.0
    },
    "H3N2 A/Perth/16/2009": {
      "H3N2 A/New York/55/2004": 1.0
    },
    "H3N2 A/Netherlands/233/1982": {
      "H3N2 A/Netherlands/620/1989": 0.4473459720611572,
      "H3N2 A/Bilthoven/2271/1976": 1.0
    },
    "H3N2 A/New York/55/2004": {
      "H3N2 A/Perth/16/2009": 1.0
    },
    "H3N2 A/Tasmania/1/1997": {
      "H3N2 A/New York/55/2004": 0.19977347552776337,
      "H3N2 A/Netherlands/823/1992": 1.0
    },
    "H3N2 A/Netherlands/823/1992": {
      "H3N2 A/Netherlands/620/1989": 1.0,
      "H3N2 A/Tasmania/1/1997": 0.477719247341156
    },
    "H3N2 A/Bilthoven/2271/1976": {
      "H3N2 A/Bilthoven/16190/1968": 0.2223537415266037,
      "H3N2 A/Netherlands/233/1982": 1.0
    }
  },
  "H3N2 A/Netherlands/620/1989": {
    "H3N2 A/Bilthoven/1761/1976": {
      "H3N2 A/Netherlands/823/1992": 0.11784786731004715,
      "H3N2 A/Bilthoven/2271/1976": 1.0
    },
    "H3N2 A/Bilthoven/16190/1968": {
      "H3N2 A/Bilthoven/1761/1976": 0.9495089054107666,
      "H3N2 A/Perth/16/2009": 0.27780812978744507,
      "H3N2 A/Netherlands/233/1982": 0.403790146112442,
      "H3N2 A/New York/55/2004": 0.32034680247306824,
      "H3N2 A/Tasmania/1/1997": 0.10400227457284927,
      "H3N2 A/Bilthoven/2271/1976": 1.0
    },
    "H3N2 A/Perth/16/2009": {
      "H3N2 A/New York/55/2004": 1.0
    },
    "H3N2 A/Netherlands/233/1982": {
      "H3N2 A/Netherlands/823/1992": 0.33817219734191895,
      "H3N2 A/Bilthoven/2271/1976": 1.0
    },
    "H3N2 A/New York/55/2004": {
      "H3N2 A/Perth/16/2009": 1.0
    },
    "H3N2 A/Tasmania/1/1997": {
      "H3N2 A/New York/55/2004": 0.19117136299610138,
      "H3N2 A/Netherlands/823/1992": 1.0
    },
    "H3N2 A/Netherlands/823/1992": {
      "H3N2 A/Bilthoven/1761/1976": 0.16471242904663086,
      "H3N2 A/Netherlands/233/1982": 0.6533807516098022,
      "H3N2 A/Tasmania/1/1997": 1.0,
      "H3N2 A/Bilthoven/2271/1976": 0.21557404100894928
    },
    "H3N2 A/Bilthoven/2271/1976": {
      "H3N2 A/Bilthoven/1761/1976": 1.0,
      "H3N2 A/Netherlands/233/1982": 0.8825927972793579,
      "H3N2 A/Netherlands/823/1992": 0.1300015151500702
    }
  },
  "H3N2 A/Bilthoven/16190/1968": {
    "H3N2 A/Bilthoven/1761/1976": {
      "H3N2 A/Bilthoven/2271/1976": 1.0
    },
    "H3N2 A/Netherlands/620/1989": {
      "H3N2 A/Netherlands/233/1982": 0.5786770582199097,
      "H3N2 A/Netherlands/823/1992": 1.0
    },
    "H3N2 A/Perth/16/2009": {
      "H3N2 A/New York/55/2004": 1.0
    },
    "H3N2 A/Netherlands/233/1982": {
      "H3N2 A/Netherlands/620/1989": 0.6286837458610535,
      "H3N2 A/Bilthoven/2271/1976": 1.0
    },
    "H3N2 A/New York/55/2004": {
      "H3N2 A/Perth/16/2009": 1.0
    },
    "H3N2 A/Tasmania/1/1997": {
      "H3N2 A/New York/55/2004": 0.2294970005750656,
      "H3N2 A/Netherlands/823/1992": 1.0
    },
    "H3N2 A/Netherlands/823/1992": {
      "H3N2 A/Netherlands/620/1989": 1.0,
      "H3N2 A/Tasmania/1/1997": 0.45913729071617126
    },
    "H3N2 A/Bilthoven/2271/1976": {
      "H3N2 A/Bilthoven/1761/1976": 1.0,
      "H3N2 A/Netherlands/233/1982": 0.5952573418617249
    }
  },
  "H3N2 A/Perth/16/2009": {
    "H3N2 A/Bilthoven/1761/1976": {
      "H3N2 A/Netherlands/823/1992": 0.10807693004608154,
      "H3N2 A/Bilthoven/2271/1976": 1.0
    },
    "H3N2 A/Netherlands/620/1989": {
      "H3N2 A/Netherlands/233/1982": 0.5670008659362793,
      "H3N2 A/Netherlands/823/1992": 1.0
    },
    "H3N2 A/Bilthoven/16190/1968": {
      "H3N2 A/Bilthoven/1761/1976": 1.0,
      "H3N2 A/Netherlands/233/1982": 0.24822789430618286,
      "H3N2 A/Tasmania/1/1997": 0.13796117901802063,
      "H3N2 A/Bilthoven/2271/1976": 0.9643715620040894
    },
    "H3N2 A/Netherlands/233/1982": {
      "H3N2 A/Netherlands/620/1989": 0.5795305371284485,
      "H3N2 A/Bilthoven/2271/1976": 1.0
    },
    "H3N2 A/New York/55/2004": {
      "H3N2 A/Netherlands/620/1989": 0.220927432179451,
      "H3N2 A/Tasmania/1/1997": 1.0,
      "H3N2 A/Netherlands/823/1992": 0.30041974782943726
    },
    "H3N2 A/Tasmania/1/1997": {
      "H3N2 A/New York/55/2004": 0.16922305524349213,
      "H3N2 A/Netherlands/823/1992": 1.0
    },
    "H3N2 A/Netherlands/823/1992": {
      "H3N2 A/Netherlands/620/1989": 1.0,
      "H3N2 A/Tasmania/1/1997": 0.45669814944267273
    },
    "H3N2 A/Bilthoven/2271/1976": {
      "H3N2 A/Bilthoven/1761/1976": 1.0,
      "H3N2 A/Bilthoven/16190/1968": 0.10208898037672043,
      "H3N2 A/Netherlands/233/1982": 0.7061245441436768
    }
  },
  "H3N2 A/Netherlands/233/1982": {
    "H3N2 A/Bilthoven/1761/1976": {
      "H3N2 A/Bilthoven/2271/1976": 1.0
    },
    "H3N2 A/Netherlands/620/1989": {
      "H3N2 A/Netherlands/823/1992": 1.0,
      "H3N2 A/Bilthoven/2271/1976": 0.33503246307373047
    },
    "H3N2 A/Bilthoven/16190/1968": {
      "H3N2 A/Bilthoven/1761/1976": 1.0,
      "H3N2 A/Netherlands/620/1989": 0.19602146744728088,
      "H3N2 A/Perth/16/2009": 0.3304313123226166,
      "H3N2 A/New York/55/2004": 0.2398013472557068,
      "H3N2 A/Tasmania/1/1997": 0.11161772906780243,
      "H3N2 A/Bilthoven/2271/1976": 0.8280524015426636
    },
    "H3N2 A/Perth/16/2009": {
      "H3N2 A/New York/55/2004": 1.0
    },
    "H3N2 A/New York/55/2004": {
      "H3N2 A/Perth/16/2009": 1.0
    },
    "H3N2 A/Tasmania/1/1997": {
      "H3N2 A/New York/55/2004": 0.24427497386932373,
      "H3N2 A/Netherlands/823/1992": 1.0
    },
    "H3N2 A/Netherlands/823/1992": {
      "H3N2 A/Netherlands/620/1989": 1.0,
      "H3N2 A/Tasmania/1/1997": 0.37194928526878357
    },
    "H3N2 A/Bilthoven/2271/1976": {
      "H3N2 A/Bilthoven/1761/1976": 1.0,
      "H3N2 A/Netherlands/620/1989": 0.2848547697067261
    }
  },
  "H3N2 A/New York/55/2004": {
    "H3N2 A/Bilthoven/1761/1976": {
      "H3N2 A/Netherlands/823/1992": 0.10468597710132599,
      "H3N2 A/Bilthoven/2271/1976": 1.0
    },
    "H3N2 A/Netherlands/620/1989": {
      "H3N2 A/Netherlands/233/1982": 0.560412585735321,
      "H3N2 A/Netherlands/823/1992": 1.0
    },
    "H3N2 A/Bilthoven/16190/1968": {
      "H3N2 A/Bilthoven/1761/1976": 0.8861345052719116,
      "H3N2 A/Netherlands/620/1989": 0.10014093667268753,
      "H3N2 A/Perth/16/2009": 0.11768706142902374,
      "H3N2 A/Netherlands/233/1982": 0.23445278406143188,
      "H3N2 A/Tasmania/1/1997": 0.16832002997398376,
      "H3N2 A/Bilthoven/2271/1976": 1.0
    },
    "H3N2 A/Perth/16/2009": {
      "H3N2 A/Bilthoven/1761/1976": 0.15704968571662903,
      "H3N2 A/Netherlands/620/1989": 0.7914366722106934,
      "H3N2 A/Bilthoven/16190/1968": 1.0,
      "H3N2 A/Netherlands/233/1982": 0.4941945970058441,
      "H3N2 A/Tasmania/1/1997": 0.5451953411102295,
      "H3N2 A/Netherlands/823/1992": 0.6638056039810181
    },
    "H3N2 A/Netherlands/233/1982": {
      "H3N2 A/Netherlands/620/1989": 0.5965472459793091,
      "H3N2 A/Bilthoven/2271/1976": 1.0
    },
    "H3N2 A/Tasmania/1/1997": {
      "H3N2 A/Netherlands/823/1992": 1.0
    },
    "H3N2 A/Netherlands/823/1992": {
      "H3N2 A/Netherlands/620/1989": 1.0,
      "H3N2 A/Tasmania/1/1997": 0.4962563216686249
    },
    "H3N2 A/Bilthoven/2271/1976": {
      "H3N2 A/Bilthoven/1761/1976": 1.0,
      "H3N2 A/Bilthoven/16190/1968": 0.10896624624729156,
      "H3N2 A/Netherlands/233/1982": 0.6846779584884644
    }
  },
  "H3N2 A/Tasmania/1/1997": {
    "H3N2 A/Bilthoven/1761/1976": {
      "H3N2 A/Netherlands/823/1992": 0.1393568366765976,
      "H3N2 A/Bilthoven/2271/1976": 1.0
    },
    "H3N2 A/Netherlands/620/1989": {
      "H3N2 A/Netherlands/233/1982": 0.5260723829269409,
      "H3N2 A/Netherlands/823/1992": 1.0
    },
    "H3N2 A/Bilthoven/16190/1968": {
      "H3N2 A/Bilthoven/1761/1976": 0.7481840252876282,
      "H3N2 A/Perth/16/2009": 0.24674788117408752,