{
  "H3N2 A/Beijing/32/1992": {
    "H3N2 A/Wyoming/3/2003": {
      "H3N2 A/Sydney/5/1997": 1.0,
      "H3N2 A/New York/55/2004": 0.6594404578208923
    },
    "H3N2 A/Sydney/5/1997": {
      "H3N2 A/Wyoming/3/2003": 1.0,
      "H3N2 A/New York/55/2004": 0.16806869208812714
    },
    "H3N2 A/New York/55/2004": {
      "H3N2 A/Wyoming/3/2003": 1.0,
      "H3N2 A/Sydney/5/1997": 0.3563299775123596
    }
  },
  "H3N2 A/Wyoming/3/2003": {
    "H3N2 A/Beijing/32/1992": {
      "H3N2 A/Sydney/5/1997": 0.8104187846183777,
      "H3N2 A/New York/55/2004": 1.0
    },
    "H3N2 A/Sydney/5/1997": {
      "H3N2 A/Beijing/32/1992": 0.24185870587825775,
      "H3N2 A/New York/55/2004": 1.0
    },
    "H3N2 A/New York/55/2004": {
      "H3N2 A/Beijing/32/1992": 0.5935143232345581,
      "H3N2 A/Sydney/5/1997": 1.0
    }
  },
  "H3N2 A/Sydney/5/1997": {
    "H3N2 A/Beijing/32/1992": {
      "H3N2 A/Wyoming/3/2003": 0.5142635107040405,
      "H3N2 A/New York/55/2004": 1.0
    },
    "H3N2 A/Wyoming/3/2003": {
      "H3N2 A/New York/55/2004": 1.0
    },
    "H3N2 A/New York/55/2004": {
      "H3N2 A/Beijing/32/1992": 0.6685300469398499,
      "H3N2 A/Wyoming/3/2003": 1.0
    }
  },
  "H3N2 A/New York/55/2004": {
    "H3N2 A/Beijing/32/1992": {
      "H3N2 A/Wyoming/3/2003": 0.7753583192825317,
      "H3N2 A/Sydney/5/1997": 1.0
    },
    "H3N2 A/Wyoming/3/2003": {
      "H3N2 A/Beijing/32/1992": 0.11259589344263077,
      "H3N2 A/Sydney/5/1997": 1.0
    },
    "H3N2 A/Sydney/5/1997": {
      "H3N2 A/Beijing/32/1992": 0.20180140435695648,
      "H3N2 A/Wyoming/3/2003": 1.0
    }
  }
}