{
  "H3N2 A/Beijing/353/1989": {
    "H3N2 A/Beijing/32/1992": {
      "H3N2 A/Hong Kong/4801/2014": 0.14811939001083374,
      "H3N2 A/Bangkok/1/1979": 0.187889963388443,
      "H3N2 A/Texas/50/2012": 0.3218933939933777,
      "H3N2 A/Sichuan/2/1987": 1.0
    },
    "H3N2 A/Hong Kong/4801/2014": {
      "H3N2 A/Texas/50/2012": 1.0
    },
    "H3N2 A/Hong Kong/1/1968": {
      "H3N2 A/Texas/1/1977": 1.0
    },
    "H3N2 A/Bangkok/1/1979": {
      "H3N2 A/Texas/1/1977": 1.0,
      "H3N2 A/Sichuan/2/1987": 0.20156311988830566
    },
    "H3N2 A/Texas/50/2012": {
      "H3N2 A/Beijing/32/1992": 0.1630065143108368,
      "H3N2 A/Hong Kong/4801/2014": 1.0,
      "H3N2 A/Sichuan/2/1987": 0.25974953174591064
    },
    "H3N2 A/Texas/1/1977": {
      "H3N2 A/Hong Kong/4801/2014": 0.10075529664754868,
      "H3N2 A/Hong Kong/1/1968": 0.3698207139968872,
      "H3N2 A/Bangkok/1/1979": 1.0,
      "H3N2 A/Sichuan/2/1987": 0.10709940642118454
    },
    "H3N2 A/Sichuan/2/1987": {
      "H3N2 A/Beijing/32/1992": 1.0,
      "H3N2 A/Hong Kong/4801/2014": 0.14344149827957153,
      "H3N2 A/Bangkok/1/1979": 0.382025808095932,
      "H3N2 A/Texas/50/2012": 0.4517507255077362,
      "H3N2 A/Texas/1/1977": 0.21344363689422607,
      "H3N2 A/Wuhan/359/1995": 0.3504215180873871
    },
    "H3N2 A/Wuhan/359/1995": {
      "H3N2 A/Bangkok/1/1979": 0.5869735479354858,
      "H3N2 A/Texas/50/2012": 0.11363071948289871,
      "H3N2 A/Texas/1/1977": 0.18025869131088257,
      "H3N2 A/Sichuan/2/1987": 1.0
    }
  },
  "H3N2 A/Beijing/32/1992": {
    "H3N2 A/Beijing/353/1989": {
      "H3N2 A/Hong Kong/4801/2014": 0.6945292353630066,
      "H3N2 A/Hong Kong/1/1968": 1.0,
      "H3N2 A/Bangkok/1/1979": 0.3269471228122711,
      "H3N2 A/Texas/50/2012": 0.16540689766407013,
      "H3N2 A/Sichuan/2/1987": 0.9011237621307373
    },
    "H3N2 A/Hong Kong/4801/2014": {
      "H3N2 A/Beijing/353/1989": 0.17199350893497467,
      "H3N2 A/Texas/50/2012": 1.0
    },
    "H3N2 A/Hong Kong/1/1968": {
      "H3N2 A/Beijing/353/1989": 0.752410888671875,
      "H3N2 A/Texas/1/1977": 1.0
    },
    "H3N2 A/Bangkok/1/1979": {
      "H3N2 A/Texas/1/1977": 1.0,
      "H3N2 A/Sichuan/2/1987": 0.2666415870189667
    },
    "H3N2 A/Texas/50/2012": {
      "H3N2 A/Hong Kong/4801/2014": 1.0,
      "H3N2 A/Sichuan/2/1987": 0.34451255202293396
    },
    "H3N2 A/Texas/1/1977": {
      "H3N2 A/Hong Kong/1/1968": 0.2977130711078644,
      "H3N2 A/Bangkok/1/1979": 1.0,
      "H3N2 A/Sichuan/2/1987": 0.1628035455942154
    },
    "H3N2 A/Sichuan/2/1987": {
      "H3N2 A/Beijing/353/1989": 0.6519567370414734,
      "H3N2 A/Hong Kong/4801/2014": 0.18476665019989014,
      "H3N2 A/Bangkok/1/1979": 1.0,
      "H3N2 A/Texas/50/2012": 0.9928704500198364,
      "H3N2 A/Texas/1/1977": 0.5399605631828308,
      "H3N2 A/Wuhan/359/1995": 0.4885025918483734
    },
    "H3N2 A/Wuhan/359/1995": {
      "H3N2 A/Beijing/353/1989": 0.1128954142332077,
      "H3N2 A/Bangkok/1/1979": 0.6404800415039062,
      "H3N2 A/Texas/50/2012": 0.13697725534439087,
      "H3N2 A/Texas/1/1977": 0.2543134391307831,
      "H3N2 A/Sichuan/2/1987": 1.0
    }
  },
  "H3N2 A/Hong Kong/4801/2014": {
    "H3N2 A/Beijing/353/1989": {
      "H3N2 A/Beijing/32/1992": 1.0,
      "H3N2 A/Hong Kong/1/1968": 0.3791084289550781,
      "H3N2 A/Texas/1/1977": 0.15903496742248535,
      "H3N2 A/Sichuan/2/1987": 0.1666710376739502
    },
    "H3N2 A/Beijing/32/1992": {
      "H3N2 A/Beijing/353/1989": 0.9831966757774353,
      "H3N2 A/Bangkok/1/1979": 0.13758571445941925,
      "H3N2 A/Texas/50/2012": 0.4205324649810791,
      "H3N2 A/Sichuan/2/1987": 1.0
    },
    "H3N2 A/Hong Kong/1/1968": {
      "H3N2 A/Beijing/353/1989": 0.7382994890213013,
      "H3N2 A/Texas/1/1977": 1.0
    },
    "H3N2 A/Bangkok/1/1979": {
      "H3N2 A/Texas/1/1977": 1.0,
      "H3N2 A/Sichuan/2/1987": 0.19051432609558105
    },
    "H3N2 A/Texas/50/2012": {
      "H3N2 A/Beijing/353/1989": 0.1630903035402298,
      "H3N2 A/Beijing/32/1992": 0.6107474565505981,
      "H3N2 A/Bangkok/1/1979": 0.2415614128112793,
      "H3N2 A/Sichuan/2/1987": 1.0
    },
    "H3N2 A/Texas/1/1977": {
      "H3N2 A/Hong Kong/1/1968": 0.31691962480545044,
      "H3N2 A/Bangkok/1/1979": 1.0
    },
    "H3N2 A/Sichuan/2/1987": {
      "H3N2 A/Beijing/353/1989": 0.19191470742225647,
      "H3N2 A/Beijing/32/1992": 1.0,
      "H3N2 A/Bangkok/1/1979": 0.4810715615749359,
      "H3N2 A/Texas/50/2012": 0.6504252552986145,
      "H3N2 A/Texas/1/1977": 0.25985804200172424,
      "H3N2 A/Wuhan/359/1995": 0.3856661915779114
    },
    "H3N2 A/Wuhan/359/1995": {
      "H3N2 A/Beijing/353/1989": 0.10151983797550201,
      "H3N2 A/Bangkok/1/1979": 0.6624107360839844,
      "H3N2 A/Texas/1/1977": 0.20882676541805267,
      "H3N2 A/Sichuan/2/1987": 1.0
    }
  },
  "H3N2 A/Hong Kong/1/1968": {
    "H3N2 A/Beijing/353/1989": {
      "H3N2 A/Beijing/32/1992": 1.0,
      "H3N2 A/Hong Kong/4801/2014": 0.28434547781944275,
      "H3N2 A/Texas/1/1977": 0.2476922869682312
    },
    "H3N2 A/Beijing/32/1992": {
      "H3N2 A/Beijing/353/1989": 1.0,
      "H3N2 A/Hong Kong/4801/2014": 0.1229718029499054,
      "H3N2 A/Bangkok/1/1979": 0.14106179773807526,
      "H3N2 A/Texas/50/2012": 0.3614081144332886,
      "H3N2 A/Texas/1/1977": 0.10439129173755646,
      "H3N2 A/Sichuan/2/1987": 0.9713739156723022
    },
    "H3N2 A/Hong Kong/4801/2014": {
      "H3N2 A/Beijing/353/1989": 0.14629338681697845,
      "H3N2 A/Texas/50/2012": 1.0
    },
    "H3N2 A/Bangkok/1/1979": {
      "H3N2 A/Texas/1/1977": 1.0,
      "H3N2 A/Sichuan/2/1987": 0.1957630217075348
    },
    "H3N2 A/Texas/50/2012": {
      "H3N2 A/Beijing/32/1992": 0.15304093062877655,
      "H3N2 A/Hong Kong/4801/2014": 1.0,
      "H3N2 A/Sichuan/2/1987": 0.2541273236274719
    },
    "H3N2 A/Texas/1/1977": {
      "H3N2 A/Hong Kong/4801/2014": 0.10060812532901764,
      "H3N2 A/Bangkok/1/1979": 1.0,
      "H3N2 A/Sichuan/2/1987": 0.1700998693704605
    },
    "H3N2 A/Sichuan/2/1987": {
      "H3N2 A/Beijing/353/1989": 0.10908208042383194,
      "H3N2 A/Beijing/32/1992": 1.0,
      "H3N2 A/Hong Kong/4801/2014": 0.10776021331548691,
      "H3N2 A/Bangkok/1/1979": 0.5822041034698486,
      "H3N2 A/Texas/50/2012": 0.5085329413414001,
      "H3N2 A/Texas/1/1977": 0.5158430933952332,
      "H3N2 A/Wuhan/359/1995": 0.434508740901947
    },
    "H3N2 A/Wuhan/359/1995": {
      "H3N2 A/Beijing/353/1989": 0.12895649671554565,
      "H3N2 A/Bangkok/1/1979": 0.6743854880332947,
      "H3N2 A/Texas/50/2012": 0.26716578006744385,
      "H3N2 A/Texas/1/1977": 0.372820645570755,
      "H3N2 A/Sichuan/2/1987": 1.0
    }
  },
  "H3N2 A/Bangkok/1/1979": {
    "H3N2 A/Beijing/353/1989": {
      "H3N2 A/Beijing/32/1992": 1.0,
      "H3N2 A/Hong Kong/4801/2014": 0.21661394834518433,
      "H3N2 A/Hong Kong/1/1968": 0.39526796340942383,
      "H3N2 A/Sichuan/2/1987": 0.14458845555782318
    },
    "H3N2 A/Beijing/32/1992": {
      "H3N2 A/Beijing/353/1989": 0.9166092276573181,
      "H3N2 A/Hong Kong/4801/2014": 0.11807991564273834,
      "H3N2 A/Texas/50/2012": 0.3364866375923157,
      "H3N2 A/Texas/1/1977": 0.1887202262878418,
      "H3N2 A/Sichuan/2/1987": 1.0
    },
    "H3N2 A/Hong Kong/4801/2014": {
      "H3N2 A/Beijing/353/1989": 0.12225374579429626,
      "H3N2 A/Texas/50/2012": 1.0
    },
    "H3N2 A/Hong Kong/1/1968": {
      "H3N2 A/Beijing/353/1989": 0.7537254691123962,
      "H3N2 A/Texas/1/1977": 1.0
    },
    "H3N2 A/Texas/50/2012": {
      "H3N2 A/Beijing/32/1992": 0.1784188449382782,
      "H3N2 A/Hong Kong/4801/2014": 1.0,
      "H3N2 A/Sichuan/2/1987": 0.3086889684200287
    },
    "H3N2 A/Texas/1/1977": {
      "H3N2 A/Beijing/32/1992": 0.3967568874359131,
      "H3N2 A/Hong Kong/4801/2014": 0.31491512060165405,
      "H3N2 A/Hong Kong/1/1968": 1.0,
      "H3N2 A/Texas/50/2012": 0.2032061517238617,
      "H3N2 A/Sichuan/2/1987": 0.8580212593078613
    },
    "H3N2 A/Sichuan/2/1987": {
      "H3N2 A/Beijing/353/1989": 0.1466170698404312,
      "H3N2 A/Beijing/32/1992": 1.0,