{
  "H3N2 A/Beijing/353/1989": {
    "H3N2 A/Beijing/32/1992": {
      "H3N2 A/Sydney/5/1997": 1.0,
      "H3N2 A/Bangkok/1/1979": 0.2928716242313385,
      "H3N2 A/Texas/50/2012": 0.8770649433135986
    },
    "H3N2 A/Sydney/5/1997": {
      "H3N2 A/Beijing/32/1992": 1.0,
      "H3N2 A/Wuhan/359/1995": 0.4156392514705658
    },
    "H3N2 A/Bangkok/1/1979": {
      "H3N2 A/Beijing/32/1992": 0.8184255361557007,
      "H3N2 A/Sydney/5/1997": 0.3060363829135895,
      "H3N2 A/Texas/50/2012": 1.0,
      "H3N2 A/Wuhan/359/1995": 0.17429226636886597
    },
    "H3N2 A/Texas/50/2012": {
      "H3N2 A/Beijing/32/1992": 1.0,
      "H3N2 A/Sydney/5/1997": 0.1793854534626007,
      "H3N2 A/Bangkok/1/1979": 0.6137217879295349
    },
    "H3N2 A/Wuhan/359/1995": {
      "H3N2 A/Sydney/5/1997": 1.0,
      "H3N2 A/Bangkok/1/1979": 0.2311875820159912
    }
  },
  "H3N2 A/Beijing/32/1992": {
    "H3N2 A/Beijing/353/1989": {
      "H3N2 A/Sydney/5/1997": 1.0,
      "H3N2 A/Texas/50/2012": 0.4257763624191284
    },
    "H3N2 A/Sydney/5/1997": {
      "H3N2 A/Beijing/353/1989": 1.0,
      "H3N2 A/Bangkok/1/1979": 0.29167255759239197,
      "H3N2 A/Texas/50/2012": 0.318039208650589,
      "H3N2 A/Wuhan/359/1995": 0.6020548343658447
    },
    "H3N2 A/Bangkok/1/1979": {
      "H3N2 A/Sydney/5/1997": 0.41312798857688904,
      "H3N2 A/Texas/50/2012": 1.0,
      "H3N2 A/Wuhan/359/1995": 0.17024639248847961
    },
    "H3N2 A/Texas/50/2012": {
      "H3N2 A/Beijing/353/1989": 0.4630584120750427,
      "H3N2 A/Sydney/5/1997": 0.3380698263645172,
      "H3N2 A/Bangkok/1/1979": 1.0
    },
    "H3N2 A/Wuhan/359/1995": {
      "H3N2 A/Sydney/5/1997": 1.0,
      "H3N2 A/Bangkok/1/1979": 0.24565307796001434
    }
  },
  "H3N2 A/Sydney/5/1997": {
    "H3N2 A/Beijing/353/1989": {
      "H3N2 A/Beijing/32/1992": 1.0
    },
    "H3N2 A/Beijing/32/1992": {
      "H3N2 A/Beijing/353/1989": 1.0,
      "H3N2 A/Bangkok/1/1979": 0.3656879961490631,
      "H3N2 A/Texas/50/2012": 0.5478603839874268
    },
    "H3N2 A/Bangkok/1/1979": {
      "H3N2 A/Beijing/32/1992": 1.0,
      "H3N2 A/Texas/50/2012": 0.6843802332878113,
      "H3N2 A/Wuhan/359/1995": 0.10272198915481567
    },
    "H3N2 A/Texas/50/2012": {
      "H3N2 A/Beijing/353/1989": 0.17393110692501068,
      "H3N2 A/Beijing/32/1992": 1.0,
      "H3N2 A/Bangkok/1/1979": 0.5811356902122498
    },
    "H3N2 A/Wuhan/359/1995": {
      "H3N2 A/Beijing/353/1989": 0.7198004126548767,
      "H3N2 A/Beijing/32/1992": 1.0,
      "H3N2 A/Bangkok/1/1979": 0.857650637626648,
      "H3N2 A/Texas/50/2012": 0.34569692611694336
    }
  },
  "H3N2 A/Bangkok/1/1979": {
    "H3N2 A/Beijing/353/1989": {
      "H3N2 A/Beijing/32/1992": 1.0,
      "H3N2 A/Sydney/5/1997": 0.43827155232429504
    },
    "H3N2 A/Beijing/32/1992": {
      "H3N2 A/Beijing/353/1989": 0.9121050238609314,
      "H3N2 A/Sydney/5/1997": 0.8469899296760559,
      "H3N2 A/Texas/50/2012": 1.0
    },
    "H3N2 A/Sydney/5/1997": {
      "H3N2 A/Beijing/353/1989": 0.429812490940094,
      "H3N2 A/Beijing/32/1992": 1.0,
      "H3N2 A/Wuhan/359/1995": 0.4310051202774048
    },
    "H3N2 A/Texas/50/2012": {
      "H3N2 A/Beijing/32/1992": 1.0
    },
    "H3N2 A/Wuhan/359/1995": {
      "H3N2 A/Sydney/5/1997": 1.0,
      "H3N2 A/Texas/50/2012": 0.22650185227394104
    }
  },
  "H3N2 A/Texas/50/2012": {
    "H3N2 A/Beijing/353/1989": {
      "H3N2 A/Beijing/32/1992": 1.0,
      "H3N2 A/Sydney/5/1997": 0.3865692615509033
    },
    "H3N2 A/Beijing/32/1992": {
      "H3N2 A/Beijing/353/1989": 1.0,
      "H3N2 A/Sydney/5/1997": 0.6827000379562378,
      "H3N2 A/Bangkok/1/1979": 0.5351545214653015
    },
    "H3N2 A/Sydney/5/1997": {
      "H3N2 A/Beijing/353/1989": 0.4425484240055084,
      "H3N2 A/Beijing/32/1992": 1.0,
      "H3N2 A/Wuhan/359/1995": 0.48914816975593567
    },
    "H3N2 A/Bangkok/1/1979": {
      "H3N2 A/Beijing/32/1992": 1.0,
      "H3N2 A/Sydney/5/1997": 0.16424641013145447
    },
    "H3N2 A/Wuhan/359/1995": {
      "H3N2 A/Sydney/5/1997": 1.0,
      "H3N2 A/Bangkok/1/1979": 0.317426472902298
    }
  },
  "H3N2 A/Wuhan/359/1995": {
    "H3N2 A/Beijing/353/1989": {
      "H3N2 A/Beijing/32/1992": 1.0,
      "H3N2 A/Sydney/5/1997": 0.37405967712402344
    },
    "H3N2 A/Beijing/32/1992": {
      "H3N2 A/Beijing/353/1989": 1.0,
      "H3N2 A/Sydney/5/1997": 0.7534090280532837,
      "H3N2 A/Bangkok/1/1979": 0.35681042075157166,
      "H3N2 A/Texas/50/2012": 0.699374794960022
    },
    "H3N2 A/Sydney/5/1997": {
      "H3N2 A/Beijing/353/1989": 0.48858049511909485,
      "H3N2 A/Beijing/32/1992": 1.0
    },
    "H3N2 A/Bangkok/1/1979": {
      "H3N2 A/Beijing/32/1992": 0.8378618955612183,
      "H3N2 A/Sydney/5/1997": 0.29038482904434204,
      "H3N2 A/Texas/50/2012": 1.0
    },
    "H3N2 A/Texas/50/2012": {
      "H3N2 A/Beijing/353/1989": 0.17488455772399902,
      "H3N2 A/Beijing/32/1992": 1.0,
      "H3N2 A/Bangkok/1/1979": 0.7786546349525452
    }
  }
}