{
  "H3N2 A/Perth/16/2009": {
    "H3N2 A/Beijing/32/1992": {
      "H3N2 A/Wuhan/359/1995": 1.0
    },
    "H3N2 A/Victoria/500/2009": {
      "H3N2 A/California/7/2004": 0.24665327370166779,
      "H3N2 A/Brisbane/10/2007": 1.0
    },
    "H3N2 A/California/7/2004": {
      "H3N2 A/Brisbane/10/2007": 1.0,
      "H3N2 A/Fujian/411/2002": 0.5631557106971741,
      "H3N2 A/Victoria/507/1998": 0.16565902531147003
    },
    "H3N2 A/Fujian/140/2000": {
      "H3N2 A/Fujian/411/2002": 0.5337978601455688,
      "H3N2 A/Victoria/507/1998": 1.0,
      "H3N2 A/Wuhan/359/1995": 0.6646193861961365
    },
    "H3N2 A/Brisbane/10/2007": {
      "H3N2 A/Victoria/500/2009": 0.33729320764541626,
      "H3N2 A/California/7/2004": 1.0
    },
    "H3N2 A/Fujian/411/2002": {
      "H3N2 A/California/7/2004": 0.9163503646850586,
      "H3N2 A/Fujian/140/2000": 1.0,
      "H3N2 A/Brisbane/10/2007": 0.13888172805309296,
      "H3N2 A/Victoria/507/1998": 0.6394957304000854
    },
    "H3N2 A/Victoria/507/1998": {
      "H3N2 A/California/7/2004": 0.1620313972234726,
      "H3N2 A/Fujian/140/2000": 1.0,
      "H3N2 A/Fujian/411/2002": 0.34906432032585144,
      "H3N2 A/Wuhan/359/1995": 0.15395963191986084
    },
    "H3N2 A/Wuhan/359/1995": {
      "H3N2 A/Beijing/32/1992": 0.990472137928009,
      "H3N2 A/Fujian/140/2000": 1.0,
      "H3N2 A/Victoria/507/1998": 0.2314784973859787
    }
  },
  "H3N2 A/Beijing/32/1992": {
    "H3N2 A/Perth/16/2009": {
      "H3N2 A/Victoria/500/2009": 1.0,
      "H3N2 A/Brisbane/10/2007": 0.18681344389915466
    },
    "H3N2 A/Victoria/500/2009": {
      "H3N2 A/Perth/16/2009": 1.0
    },
    "H3N2 A/California/7/2004": {
      "H3N2 A/Brisbane/10/2007": 1.0,
      "H3N2 A/Fujian/411/2002": 0.6634604930877686,
      "H3N2 A/Victoria/507/1998": 0.24184295535087585
    },
    "H3N2 A/Fujian/140/2000": {
      "H3N2 A/Fujian/411/2002": 0.5013844966888428,
      "H3N2 A/Victoria/507/1998": 1.0,
      "H3N2 A/Wuhan/359/1995": 0.6135085225105286
    },
    "H3N2 A/Brisbane/10/2007": {
      "H3N2 A/Perth/16/2009": 0.2836664319038391,
      "H3N2 A/California/7/2004": 1.0,
      "H3N2 A/Fujian/411/2002": 0.10669609159231186
    },
    "H3N2 A/Fujian/411/2002": {
      "H3N2 A/California/7/2004": 0.9547363519668579,
      "H3N2 A/Fujian/140/2000": 1.0,
      "H3N2 A/Brisbane/10/2007": 0.1716127246618271,
      "H3N2 A/Victoria/507/1998": 0.5992220044136047
    },
    "H3N2 A/Victoria/507/1998": {
      "H3N2 A/California/7/2004": 0.2008824646472931,
      "H3N2 A/Fujian/140/2000": 1.0,
      "H3N2 A/Fujian/411/2002": 0.31021392345428467,
      "H3N2 A/Wuhan/359/1995": 0.23358918726444244
    },
    "H3N2 A/Wuhan/359/1995": {
      "H3N2 A/Fujian/140/2000": 1.0,
      "H3N2 A/Victoria/507/1998": 0.3742513656616211
    }
  },
  "H3N2 A/Victoria/500/2009": {
    "H3N2 A/Perth/16/2009": {
      "H3N2 A/California/7/2004": 0.2679767608642578,
      "H3N2 A/Brisbane/10/2007": 1.0
    },
    "H3N2 A/Beijing/32/1992": {
      "H3N2 A/Wuhan/359/1995": 1.0
    },
    "H3N2 A/California/7/2004": {
      "H3N2 A/Perth/16/2009": 0.133315309882164,
      "H3N2 A/Brisbane/10/2007": 1.0,
      "H3N2 A/Fujian/411/2002": 0.5830912590026855,
      "H3N2 A/Victoria/507/1998": 0.22122728824615479
    },
    "H3N2 A/Fujian/140/2000": {
      "H3N2 A/Fujian/411/2002": 0.5273417234420776,
      "H3N2 A/Victoria/507/1998": 1.0,
      "H3N2 A/Wuhan/359/1995": 0.6401322484016418
    },
    "H3N2 A/Brisbane/10/2007": {
      "H3N2 A/Perth/16/2009": 0.4812730848789215,
      "H3N2 A/California/7/2004": 1.0
    },
    "H3N2 A/Fujian/411/2002": {
      "H3N2 A/California/7/2004": 0.8870065808296204,
      "H3N2 A/Fujian/140/2000": 1.0,
      "H3N2 A/Brisbane/10/2007": 0.12765467166900635,
      "H3N2 A/Victoria/507/1998": 0.5814486145973206
    },
    "H3N2 A/Victoria/507/1998": {
      "H3N2 A/California/7/2004": 0.20143526792526245,
      "H3N2 A/Fujian/140/2000": 1.0,
      "H3N2 A/Fujian/411/2002": 0.31791695952415466,
      "H3N2 A/Wuhan/359/1995": 0.15261593461036682
    },
    "H3N2 A/Wuhan/359/1995": {
      "H3N2 A/Beijing/32/1992": 0.9695833325386047,
      "H3N2 A/Fujian/140/2000": 1.0,
      "H3N2 A/Victoria/507/1998": 0.2361300140619278
    }
  },
  "H3N2 A/California/7/2004": {
    "H3N2 A/Perth/16/2009": {
      "H3N2 A/Victoria/500/2009": 1.0,
      "H3N2 A/Brisbane/10/2007": 0.2521539032459259
    },
    "H3N2 A/Beijing/32/1992": {
      "H3N2 A/Wuhan/359/1995": 1.0
    },
    "H3N2 A/Victoria/500/2009": {
      "H3N2 A/Perth/16/2009": 1.0
    },
    "H3N2 A/Fujian/140/2000": {
      "H3N2 A/Fujian/411/2002": 0.5459107756614685,
      "H3N2 A/Victoria/507/1998": 1.0,
      "H3N2 A/Wuhan/359/1995": 0.6590982675552368
    },
    "H3N2 A/Brisbane/10/2007": {
      "H3N2 A/Perth/16/2009": 1.0,
      "H3N2 A/Victoria/500/2009": 0.2579684853553772,
      "H3N2 A/Fujian/411/2002": 0.909564197063446,
      "H3N2 A/Wuhan/359/1995": 0.10682672262191772
    },
    "H3N2 A/Fujian/411/2002": {
      "H3N2 A/Fujian/140/2000": 1.0,
      "H3N2 A/Brisbane/10/2007": 0.548775315284729,
      "H3N2 A/Victoria/507/1998": 0.8750810623168945
    },
    "H3N2 A/Victoria/507/1998": {
      "H3N2 A/Fujian/140/2000": 1.0,
      "H3N2 A/Fujian/411/2002": 0.49523577094078064,
      "H3N2 A/Wuhan/359/1995": 0.1496598869562149
    },
    "H3N2 A/Wuhan/359/1995": {
      "H3N2 A/Beijing/32/1992": 1.0,
      "H3N2 A/Fujian/140/2000": 0.9977113604545593,
      "H3N2 A/Victoria/507/1998": 0.23417948186397552
    }
  },
  "H3N2 A/Fujian/140/2000": {
    "H3N2 A/Perth/16/2009": {
      "H3N2 A/Victoria/500/2009": 1.0,
      "H3N2 A/Brisbane/10/2007": 0.17359872162342072
    },
    "H3N2 A/Beijing/32/1992": {
      "H3N2 A/Wuhan/359/1995": 1.0
    },
    "H3N2 A/Victoria/500/2009": {
      "H3N2 A/Perth/16/2009": 1.0
    },
    "H3N2 A/California/7/2004": {
      "H3N2 A/Brisbane/10/2007": 1.0,
      "H3N2 A/Fujian/411/2002": 0.6941157579421997,
      "H3N2 A/Victoria/507/1998": 0.23443295061588287
    },
    "H3N2 A/Brisbane/10/2007": {
      "H3N2 A/Perth/16/2009": 0.27852627635002136,
      "H3N2 A/California/7/2004": 1.0
    },
    "H3N2 A/Fujian/411/2002": {
      "H3N2 A/California/7/2004": 0.656238317489624,
      "H3N2 A/Victoria/507/1998": 1.0,
      "H3N2 A/Wuhan/359/1995": 0.20631882548332214
    },
    "H3N2 A/Victoria/507/1998": {
      "H3N2 A/California/7/2004": 0.24943731725215912,
      "H3N2 A/Fujian/411/2002": 1.0,
      "H3N2 A/Wuhan/359/1995": 0.6760679483413696
    },
    "H3N2 A/Wuhan/359/1995": {
      "H3N2 A/Beijing/32/1992": 1.0,
      "H3N2 A/Fujian/411/2002": 0.2753954827785492,
      "H3N2 A/Victoria/507/1998": 0.7828662991523743
    }
  },
  "H3N2 A/Brisbane/10/2007": {
    "H3N2 A/Perth/16/2009": {
      "H3N2 A/Victoria/500/2009": 1.0,
      "H3N2 A/California/7/2004": 0.1904076188802719
    },
    "H3N2 A/Beijing/32/1992": {
      "H3N2 A/Wuhan/359/1995": 1.0
    },
    "H3N2 A/Victoria/500/2009": {
      "H3N2 A/Perth/16/2009": 1.0
    },
    "H3N2 A/California/7/2004": {
      "H3N2 A/Perth/16/2009": 0.3380989134311676,
      "H3N2 A/Fujian/411/2002": 1.0,
      "H3N2 A/Victoria/507/1998": 0.2080586850643158
    },
    "H3N2 A/Fujian/140/2000": {
      "H3N2 A/Fujian/411/2002": 0.4916253387928009,
      "H3N2 A/Victoria/507/1998": 1.0,
      "H3N2 A/Wuhan/359/1995": 0.6531952023506165
    },
    "H3N2 A/Fujian/411/2002": {
      "H3N2 A/California/7/2004": 1.0,
      "H3N2 A/Fujian/140/2000": 0.6763172149658203,
      "H3N2 A/Victoria/507/1998": 0.4170691668987274
    },
    "H3N2 A/Victoria/507/1998": {
      "H3N2 A/California/7/2004": 0.18026815354824066,
      "H3N2 A/Fujian/140/2000": 1.0,
      "H3N2 A/Fujian/411/2002": 0.31720325350761414,
      "H3N2 A/Wuhan/359/1995": 0.14851514995098114
    },
    "H3N2 A/Wuhan/359/1995": {
      "H3N2 A/Beijing/32/1992": 1.0,
      "H3N2 A/Fujian/140/2000": 0.9990314245223999,
      "H3N2 A/Victoria/507/1998": 0.23061002790927887
    }
  },