{
  "H3N2 A/Beijing/353/1989": {
    "H3N2 A/Beijing/32/1992": {
      "H3N2 A/Sichuan/2/1987": 1.0,
      "H3N2 A/Wuhan/359/1995": 0.5690072774887085
    },
    "H3N2 A/Hong Kong/4801/2014": {
      "H3N2 A/Texas/50/2012": 1.0,
      "H3N2 A/Sichuan/2/1987": 0.2165895253419876
    },
    "H3N2 A/Hong Kong/1/1968": {
      "H3N2 A/Texas/1/1977": 1.0
    },
    "H3N2 A/Bangkok/1/1979": {
      "H3N2 A/Texas/1/1977": 1.0
    },
    "H3N2 A/Texas/50/2012": {
      "H3N2 A/Hong Kong/4801/2014": 1.0
    },
    "H3N2 A/Texas/1/1977": {
      "H3N2 A/Bangkok/1/1979": 1.0
    },
    "H3N2 A/Sichuan/2/1987": {
      "H3N2 A/Beijing/32/1992": 1.0,
      "H3N2 A/Hong Kong/4801/2014": 0.18712277710437775,
      "H3N2 A/Bangkok/1/1979": 0.11254895478487015,
      "H3N2 A/Texas/1/1977": 0.1520024538040161
    },
    "H3N2 A/Wuhan/359/1995": {
      "H3N2 A/Beijing/32/1992": 1.0
    }
  },
  "H3N2 A/Beijing/32/1992": {
    "H3N2 A/Beijing/353/1989": {
      "H3N2 A/Bangkok/1/1979": 0.3989541530609131,
      "H3N2 A/Sichuan/2/1987": 1.0,
      "H3N2 A/Wuhan/359/1995": 0.10207188874483109
    },
    "H3N2 A/Hong Kong/4801/2014": {
      "H3N2 A/Texas/50/2012": 1.0
    },
    "H3N2 A/Hong Kong/1/1968": {
      "H3N2 A/Texas/1/1977": 1.0
    },
    "H3N2 A/Bangkok/1/1979": {
      "H3N2 A/Beijing/353/1989": 0.12358906865119934,
      "H3N2 A/Texas/1/1977": 1.0
    },
    "H3N2 A/Texas/50/2012": {
      "H3N2 A/Hong Kong/4801/2014": 1.0
    },
    "H3N2 A/Texas/1/1977": {
      "H3N2 A/Bangkok/1/1979": 1.0,
      "H3N2 A/Sichuan/2/1987": 0.15055961906909943
    },
    "H3N2 A/Sichuan/2/1987": {
      "H3N2 A/Beijing/353/1989": 1.0,
      "H3N2 A/Texas/1/1977": 0.5473639965057373,
      "H3N2 A/Wuhan/359/1995": 0.8780288696289062
    },
    "H3N2 A/Wuhan/359/1995": {
      "H3N2 A/Beijing/353/1989": 0.14096343517303467,
      "H3N2 A/Sichuan/2/1987": 1.0
    }
  },
  "H3N2 A/Hong Kong/4801/2014": {
    "H3N2 A/Beijing/353/1989": {
      "H3N2 A/Bangkok/1/1979": 0.3193737268447876,
      "H3N2 A/Sichuan/2/1987": 1.0,
      "H3N2 A/Wuhan/359/1995": 0.1003108099102974
    },
    "H3N2 A/Beijing/32/1992": {
      "H3N2 A/Sichuan/2/1987": 1.0,
      "H3N2 A/Wuhan/359/1995": 0.6226854920387268
    },
    "H3N2 A/Hong Kong/1/1968": {
      "H3N2 A/Beijing/353/1989": 0.10612855106592178,
      "H3N2 A/Texas/1/1977": 1.0
    },
    "H3N2 A/Bangkok/1/1979": {
      "H3N2 A/Beijing/353/1989": 0.11471416056156158,
      "H3N2 A/Texas/1/1977": 1.0
    },
    "H3N2 A/Texas/50/2012": {
      "H3N2 A/Beijing/353/1989": 1.0,
      "H3N2 A/Hong Kong/1/1968": 0.2318033128976822,
      "H3N2 A/Wuhan/359/1995": 0.8537622094154358
    },
    "H3N2 A/Texas/1/1977": {
      "H3N2 A/Bangkok/1/1979": 1.0
    },
    "H3N2 A/Sichuan/2/1987": {
      "H3N2 A/Beijing/353/1989": 0.730692982673645,
      "H3N2 A/Beijing/32/1992": 1.0,
      "H3N2 A/Texas/1/1977": 0.16880683600902557
    },
    "H3N2 A/Wuhan/359/1995": {
      "H3N2 A/Beijing/353/1989": 0.13727889955043793,
      "H3N2 A/Beijing/32/1992": 1.0
    }
  },
  "H3N2 A/Hong Kong/1/1968": {
    "H3N2 A/Beijing/353/1989": {
      "H3N2 A/Bangkok/1/1979": 0.38353806734085083,
      "H3N2 A/Sichuan/2/1987": 1.0,
      "H3N2 A/Wuhan/359/1995": 0.10320299863815308
    },
    "H3N2 A/Beijing/32/1992": {
      "H3N2 A/Sichuan/2/1987": 1.0,
      "H3N2 A/Wuhan/359/1995": 0.5328844785690308
    },
    "H3N2 A/Hong Kong/4801/2014": {
      "H3N2 A/Texas/50/2012": 1.0,
      "H3N2 A/Sichuan/2/1987": 0.14114564657211304
    },
    "H3N2 A/Bangkok/1/1979": {
      "H3N2 A/Beijing/353/1989": 0.11802844703197479,
      "H3N2 A/Texas/1/1977": 1.0
    },
    "H3N2 A/Texas/50/2012": {
      "H3N2 A/Hong Kong/4801/2014": 1.0
    },
    "H3N2 A/Texas/1/1977": {
      "H3N2 A/Bangkok/1/1979": 1.0
    },
    "H3N2 A/Sichuan/2/1987": {
      "H3N2 A/Beijing/353/1989": 0.5444067120552063,
      "H3N2 A/Beijing/32/1992": 1.0,
      "H3N2 A/Hong Kong/4801/2014": 0.10919871181249619,
      "H3N2 A/Texas/1/1977": 0.16322049498558044
    },
    "H3N2 A/Wuhan/359/1995": {
      "H3N2 A/Beijing/353/1989": 0.14587295055389404,
      "H3N2 A/Beijing/32/1992": 1.0
    }
  },
  "H3N2 A/Bangkok/1/1979": {
    "H3N2 A/Beijing/353/1989": {
      "H3N2 A/Sichuan/2/1987": 1.0
    },
    "H3N2 A/Beijing/32/1992": {
      "H3N2 A/Sichuan/2/1987": 1.0,
      "H3N2 A/Wuhan/359/1995": 0.5907731056213379
    },
    "H3N2 A/Hong Kong/4801/2014": {
      "H3N2 A/Texas/50/2012": 1.0,
      "H3N2 A/Sichuan/2/1987": 0.13613379001617432
    },
    "H3N2 A/Hong Kong/1/1968": {
      "H3N2 A/Beijing/353/1989": 0.1310008019208908,
      "H3N2 A/Texas/1/1977": 1.0
    },
    "H3N2 A/Texas/50/2012": {
      "H3N2 A/Hong Kong/4801/2014": 1.0
    },
    "H3N2 A/Texas/1/1977": {
      "H3N2 A/Beijing/353/1989": 0.20831261575222015,
      "H3N2 A/Hong Kong/1/1968": 0.29642218351364136,
      "H3N2 A/Sichuan/2/1987": 1.0,
      "H3N2 A/Wuhan/359/1995": 0.18414942920207977
    },
    "H3N2 A/Sichuan/2/1987": {
      "H3N2 A/Beijing/353/1989": 0.617694616317749,
      "H3N2 A/Beijing/32/1992": 1.0,
      "H3N2 A/Hong Kong/4801/2014": 0.11268350481987,
      "H3N2 A/Texas/1/1977": 0.2487974911928177
    },
    "H3N2 A/Wuhan/359/1995": {
      "H3N2 A/Beijing/353/1989": 0.10798574239015579,
      "H3N2 A/Beijing/32/1992": 1.0
    }
  },
  "H3N2 A/Texas/50/2012": {
    "H3N2 A/Beijing/353/1989": {
      "H3N2 A/Bangkok/1/1979": 0.38036176562309265,
      "H3N2 A/Sichuan/2/1987": 1.0,
      "H3N2 A/Wuhan/359/1995": 0.11329840123653412
    },
    "H3N2 A/Beijing/32/1992": {
      "H3N2 A/Sichuan/2/1987": 1.0,
      "H3N2 A/Wuhan/359/1995": 0.6110882759094238
    },
    "H3N2 A/Hong Kong/4801/2014": {
      "H3N2 A/Beijing/353/1989": 1.0,
      "H3N2 A/Beijing/32/1992": 0.23106321692466736,
      "H3N2 A/Hong Kong/1/1968": 0.1562865525484085,
      "H3N2 A/Sichuan/2/1987": 0.8010156154632568,
      "H3N2 A/Wuhan/359/1995": 0.3333238661289215
    },
    "H3N2 A/Hong Kong/1/1968": {
      "H3N2 A/Beijing/353/1989": 0.12344533205032349,
      "H3N2 A/Texas/1/1977": 1.0
    },
    "H3N2 A/Bangkok/1/1979": {
      "H3N2 A/Beijing/353/1989": 0.1224597617983818,
      "H3N2 A/Texas/1/1977": 1.0
    },
    "H3N2 A/Texas/1/1977": {
      "H3N2 A/Bangkok/1/1979": 1.0
    },
    "H3N2 A/Sichuan/2/1987": {
      "H3N2 A/Beijing/353/1989": 0.6048744320869446,
      "H3N2 A/Beijing/32/1992": 1.0,
      "H3N2 A/Texas/1/1977": 0.17720869183540344
    },
    "H3N2 A/Wuhan/359/1995": {
      "H3N2 A/Beijing/353/1989": 0.1305471807718277,
      "H3N2 A/Beijing/32/1992": 1.0
    }
  },
  "H3N2 A/Texas/1/1977": {
    "H3N2 A/Beijing/353/1989": {
      "H3N2 A/Bangkok/1/1979": 0.34299811720848083,
      "H3N2 A/Sichuan/2/1987": 1.0,
      "H3N2 A/Wuhan/359/1995": 0.10996736586093903
    },
    "H3N2 A/Beijing/32/1992": {
      "H3N2 A/Sichuan/2/1987": 1.0,
      "H3N2 A/Wuhan/359/1995": 0.47390612959861755
    },
    "H3N2 A/Hong Kong/4801/2014": {
      "H3N2 A/Texas/50/2012": 1.0,
      "H3N2 A/Sichuan/2/1987": 0.13213114440441132
    },
    "H3N2 A/Hong Kong/1/1968": {
      "H3N2 A/Beijing/353/1989": 0.3880026340484619,
      "H3N2 A/Beijing/32/1992": 0.475923627614975,
      "H3N2 A/Bangkok/1/1979": 1.0,
      "H3N2 A/Sichuan/2/1987": 0.1364380568265915,
      "H3N2 A/Wuhan/359/1995": 0.2023789882659912
    },
    "H3N2 A/Bangkok/1/1979": {
      "H3N2 A/Beijing/353/1989": 0.941890299320221,
      "H3N2 A/Hong Kong/1/1968": 0.1626553237438202,
      "H3N2 A/Sichuan/2/1987": 1.0,
      "H3N2 A/Wuhan/359/1995": 0.2633037269115448
    },
    "H3N2 A/Texas/50/2012": {
      "H3N2 A/Hong Kong/4801/2014": 1.0
    },
    "H3N2 A/Sichuan/2/1987": {
      "H3N2 A/Beijing/353/1989": 0.4932328760623932,
      "H3N2 A/Beijing/32/1992": 1.0,
      "H3N2 A/Bangkok/1/1979": 0.16984888911247253
    },
    "H3N2 A/Wuhan/359/1995": {
      "H3N2 A/Beijing/353/1989": 0.1274542510509491,
      "H3N2 A/Beijing/32/1992": 1.0
    }
  },
  "H3N2 A/Sichuan/2/1987": {
    "H3N2 A/Beijing/353/1989": {
      "H3N2 A/Beijing/32/1992": 0.22010286152362823,