{
  "H3N2 A/Beijing/32/1992": {
    "H3N2 A/Sydney/5/1997": {
      "H3N2 A/Wyoming/3/2003": 1.0,
      "H3N2 A/New York/55/2004": 0.23375001549720764
    },
    "H3N2 A/Wyoming/3/2003": {
      "H3N2 A/Sydney/5/1997": 1.0
    },
    "H3N2 A/New York/55/2004": {
      "H3N2 A/Sydney/5/1997": 1.0,
      "H3N2 A/Wyoming/3/2003": 0.29850345849990845,
      "H3N2 A/Wuhan/359/1995": 0.20695123076438904
    },
    "H3N2 A/Wuhan/359/1995": {
      "H3N2 A/Sydney/5/1997": 1.0
    }
  },
  "H3N2 A/Sydney/5/1997": {
    "H3N2 A/Beijing/32/1992": {
      "H3N2 A/Wyoming/3/2003": 1.0,
      "H3N2 A/New York/55/2004": 0.4277990758419037
    },
    "H3N2 A/Wyoming/3/2003": {
      "H3N2 A/Beijing/32/1992": 1.0,
      "H3N2 A/New York/55/2004": 0.41185495257377625
    },
    "H3N2 A/New York/55/2004": {
      "H3N2 A/Beijing/32/1992": 0.7208272218704224,
      "H3N2 A/Wyoming/3/2003": 1.0
    },
    "H3N2 A/Wuhan/359/1995": {
      "H3N2 A/Beijing/32/1992": 0.17000752687454224,
      "H3N2 A/Wyoming/3/2003": 0.21041369438171387,
      "H3N2 A/New York/55/2004": 1.0
    }
  },
  "H3N2 A/Wyoming/3/2003": {
    "H3N2 A/Beijing/32/1992": {
      "H3N2 A/Sydney/5/1997": 1.0,
      "H3N2 A/New York/55/2004": 0.2821180820465088
    },
    "H3N2 A/Sydney/5/1997": {
      "H3N2 A/Beijing/32/1992": 1.0,
      "H3N2 A/New York/55/2004": 0.4994654655456543
    },
    "H3N2 A/New York/55/2004": {
      "H3N2 A/Beijing/32/1992": 0.27525776624679565,
      "H3N2 A/Sydney/5/1997": 1.0,
      "H3N2 A/Wuhan/359/1995": 0.13860607147216797
    },
    "H3N2 A/Wuhan/359/1995": {
      "H3N2 A/Sydney/5/1997": 1.0
    }
  },
  "H3N2 A/New York/55/2004": {
    "H3N2 A/Beijing/32/1992": {
      "H3N2 A/Sydney/5/1997": 1.0,
      "H3N2 A/Wyoming/3/2003": 0.5786552429199219
    },
    "H3N2 A/Sydney/5/1997": {
      "H3N2 A/Beijing/32/1992": 0.3388492166996002,
      "H3N2 A/Wyoming/3/2003": 1.0
    },
    "H3N2 A/Wyoming/3/2003": {
      "H3N2 A/Beijing/32/1992": 0.14559239149093628,
      "H3N2 A/Sydney/5/1997": 1.0
    },
    "H3N2 A/Wuhan/359/1995": {
      "H3N2 A/Sydney/5/1997": 1.0
    }
  },
  "H3N2 A/Wuhan/359/1995": {
    "H3N2 A/Beijing/32/1992": {
      "H3N2 A/Sydney/5/1997": 1.0,
      "H3N2 A/Wyoming/3/2003": 0.6772167086601257,
      "H3N2 A/New York/55/2004": 0.5289092063903809
    },
    "H3N2 A/Sydney/5/1997": {
      "H3N2 A/Beijing/32/1992": 0.24189618229866028,
      "H3N2 A/Wyoming/3/2003": 1.0,
      "H3N2 A/New York/55/2004": 0.18901285529136658
    },
    "H3N2 A/Wyoming/3/2003": {
      "H3N2 A/Beijing/32/1992": 0.15311433374881744,
      "H3N2 A/Sydney/5/1997": 1.0
    },
    "H3N2 A/New York/55/2004": {
      "H3N2 A/Beijing/32/1992": 0.6098239421844482,
      "H3N2 A/Sydney/5/1997": 1.0,
      "H3N2 A/Wyoming/3/2003": 0.44756966829299927
    }
  }
}