{
  "H3N2 A/Brisbane/10/2007": {
    "H3N2 A/Fujian/411/2002": {
      "H3N2 A/Fujian/140/2000": 1.0
    },
    "H3N2 A/Fujian/140/2000": {
      "H3N2 A/Fujian/411/2002": 1.0
    },
    "H3N2 A/Victoria/500/2009": {
      "H3N2 A/Perth/16/2009": 1.0
    },
    "H3N2 A/Perth/16/2009": {
      "H3N2 A/Victoria/500/2009": 1.0
    }
  },
  "H3N2 A/Fujian/411/2002": {
    "H3N2 A/Brisbane/10/2007": {
      "H3N2 A/Fujian/140/2000": 0.15827344357967377,
      "H3N2 A/Victoria/500/2009": 0.17219775915145874,
      "H3N2 A/Perth/16/2009": 1.0
    },
    "H3N2 A/Fujian/140/2000": {
      "H3N2 A/Brisbane/10/2007": 1.0,
      "H3N2 A/Victoria/500/2009": 0.11773606389760971
    },
    "H3N2 A/Victoria/500/2009": {
      "H3N2 A/Perth/16/2009": 1.0
    },
    "H3N2 A/Perth/16/2009": {
      "H3N2 A/Brisbane/10/2007": 0.21381598711013794,
      "H3N2 A/Victoria/500/2009": 1.0
    }
  },
  "H3N2 A/Fujian/140/2000": {
    "H3N2 A/Brisbane/10/2007": {
      "H3N2 A/Fujian/411/2002": 0.584024965763092,
      "H3N2 A/Victoria/500/2009": 0.21707658469676971,
      "H3N2 A/Perth/16/2009": 1.0
    },
    "H3N2 A/Fujian/411/2002": {
      "H3N2 A/Brisbane/10/2007": 1.0
    },
    "H3N2 A/Victoria/500/2009": {
      "H3N2 A/Perth/16/2009": 1.0
    },
    "H3N2 A/Perth/16/2009": {
      "H3N2 A/Brisbane/10/2007": 0.21601377427577972,
      "H3N2 A/Victoria/500/2009": 1.0
    }
  },
  "H3N2 A/Victoria/500/2009": {
    "H3N2 A/Brisbane/10/2007": {
      "H3N2 A/Fujian/411/2002": 0.5497117638587952,
      "H3N2 A/Perth/16/2009": 1.0
    },
    "H3N2 A/Fujian/411/2002": {
      "H3N2 A/Brisbane/10/2007": 0.2563709616661072,
      "H3N2 A/Fujian/140/2000": 1.0
    },
    "H3N2 A/Fujian/140/2000": {
      "H3N2 A/Fujian/411/2002": 1.0
    },
    "H3N2 A/Perth/16/2009": {
      "H3N2 A/Brisbane/10/2007": 1.0
    }
  },
  "H3N2 A/Perth/16/2009": {
    "H3N2 A/Brisbane/10/2007": {
      "H3N2 A/Fujian/411/2002": 0.8279681205749512,
      "H3N2 A/Fujian/140/2000": 0.1025460734963417,
      "H3N2 A/Victoria/500/2009": 1.0
    },
    "H3N2 A/Fujian/411/2002": {
      "H3N2 A/Brisbane/10/2007": 0.2522372007369995,
      "H3N2 A/Fujian/140/2000": 1.0
    },
    "H3N2 A/Fujian/140/2000": {
      "H3N2 A/Fujian/411/2002": 1.0
    },
    "H3N2 A/Victoria/500/2009": {
      "H3N2 A/Brisbane/10/2007": 1.0
    }
  }
}