{
  "H3N2 A/Beijing/353/1989": {
    "H3N2 A/Beijing/32/1992": {
      "H3N2 A/Sichuan/2/1987": 1.0,
      "H3N2 A/Wuhan/359/1995": 0.5690050721168518
    },
    "H3N2 A/Hong Kong/4801/2014": {
      "H3N2 A/Texas/50/2012": 1.0,
      "H3N2 A/Sichuan/2/1987": 0.21659010648727417
    },
    "H3N2 A/Hong Kong/1/1968": {
      "H3N2 A/Texas/1/1977": 1.0
    },
    "H3N2 A/Bangkok/1/1979": {
      "H3N2 A/Texas/1/1977": 1.0
    },
    "H3N2 A/Texas/50/2012": {
      "H3N2 A/Hong Kong/4801/2014": 1.0
    },
    "H3N2 A/Texas/1/1977": {
      "H3N2 A/Bangkok/1/1979": 1.0
    },
    "H3N2 A/Sichuan/2/1987": {
      "H3N2 A/Beijing/32/1992": 1.0,
      "H3N2 A/Hong Kong/4801/2014": 0.18712390959262848,
      "H3N2 A/Bangkok/1/1979": 0.1125507801771164,
      "H3N2 A/Texas/1/1977": 0.15200552344322205
    },
    "H3N2 A/Wuhan/359/1995": {
      "H3N2 A/Beijing/32/1992": 1.0
    }
  },
  "H3N2 A/Beijing/32/1992": {
    "H3N2 A/Beijing/353/1989": {
      "H3N2 A/Bangkok/1/1979": 0.39895814657211304,
      "H3N2 A/Sichuan/2/1987": 1.0,
      "H3N2 A/Wuhan/359/1995": 0.10207214206457138
    },
    "H3N2 A/Hong Kong/4801/2014": {
      "H3N2 A/Texas/50/2012": 1.0
    },
    "H3N2 A/Hong Kong/1/1968": {
      "H3N2 A/Texas/1/1977": 1.0
    },
    "H3N2 A/Bangkok/1/1979": {
      "H3N2 A/Beijing/353/1989": 0.1235879436135292,
      "H3N2 A/Texas/1/1977": 1.0
    },
    "H3N2 A/Texas/50/2012": {
      "H3N2 A/Hong Kong/4801/2014": 1.0
    },
    "H3N2 A/Texas/1/1977": {
      "H3N2 A/Bangkok/1/1979": 1.0,
      "H3N2 A/Sichuan/2/1987": 0.15055908262729645
    },
    "H3N2 A/Sichuan/2/1987": {
      "H3N2 A/Beijing/353/1989": 1.0,
      "H3N2 A/Texas/1/1977": 0.5473658442497253,
      "H3N2 A/Wuhan/359/1995": 0.8780364394187927
    },
    "H3N2 A/Wuhan/359/1995": {
      "H3N2 A/Beijing/353/1989": 0.14096343517303467,
      "H3N2 A/Sichuan/2/1987": 1.0
    }
  },
  "H3N2 A/Hong Kong/4801/2014": {
    "H3N2 A/Beijing/353/1989": {
      "H3N2 A/Bangkok/1/1979": 0.3193739056587219,
      "H3N2 A/Sichuan/2/1987": 1.0,
      "H3N2 A/Wuhan/359/1995": 0.10031265020370483
    },
    "H3N2 A/Beijing/32/1992": {
      "H3N2 A/Sichuan/2/1987": 1.0,
      "H3N2 A/Wuhan/359/1995": 0.6226869225502014
    },
    "H3N2 A/Hong Kong/1/1968": {
      "H3N2 A/Beijing/353/1989": 0.10612869262695312,
      "H3N2 A/Texas/1/1977": 1.0
    },
    "H3N2 A/Bangkok/1/1979": {
      "H3N2 A/Beijing/353/1989": 0.11471463739871979,
      "H3N2 A/Texas/1/1977": 1.0
    },
    "H3N2 A/Texas/50/2012": {
      "H3N2 A/Beijing/353/1989": 1.0,
      "H3N2 A/Hong Kong/1/1968": 0.23179760575294495,
      "H3N2 A/Wuhan/359/1995": 0.8537716865539551
    },
    "H3N2 A/Texas/1/1977": {
      "H3N2 A/Bangkok/1/1979": 1.0
    },
    "H3N2 A/Sichuan/2/1987": {
      "H3N2 A/Beijing/353/1989": 0.7306894659996033,
      "H3N2 A/Beijing/32/1992": 1.0,
      "H3N2 A/Texas/1/1977": 0.16880649328231812
    },
    "H3N2 A/Wuhan/359/1995": {
      "H3N2 A/Beijing/353/1989": 0.1372760832309723,
      "H3N2 A/Beijing/32/1992": 1.0
    }
  },
  "H3N2 A/Hong Kong/1/1968": {
    "H3N2 A/Beijing/353/1989": {
      "H3N2 A/Bangkok/1/1979": 0.38353490829467773,
      "H3N2 A/Sichuan/2/1987": 1.0,
      "H3N2 A/Wuhan/359/1995": 0.1032031700015068
    },
    "H3N2 A/Beijing/32/1992": {
      "H3N2 A/Sichuan/2/1987": 1.0,
      "H3N2 A/Wuhan/359/1995": 0.5328854918479919
    },
    "H3N2 A/Hong Kong/4801/2014": {
      "H3N2 A/Texas/50/2012": 1.0,
      "H3N2 A/Sichuan/2/1987": 0.14114592969417572
    },
    "H3N2 A/Bangkok/1/1979": {
      "H3N2 A/Beijing/353/1989": 0.11802878230810165,
      "H3N2 A/Texas/1/1977": 1.0
    },
    "H3N2 A/Texas/50/2012": {
      "H3N2 A/Hong Kong/4801/2014": 1.0
    },
    "H3N2 A/Texas/1/1977": {
      "H3N2 A/Bangkok/1/1979": 1.0
    },
    "H3N2 A/Sichuan/2/1987": {
      "H3N2 A/Beijing/353/1989": 0.5444110631942749,
      "H3N2 A/Beijing/32/1992": 1.0,
      "H3N2 A/Hong Kong/4801/2014": 0.10919883102178574,
      "H3N2 A/Texas/1/1977": 0.16322238743305206
    },
    "H3N2 A/Wuhan/359/1995": {
      "H3N2 A/Beijing/353/1989": 0.14587141573429108,
      "H3N2 A/Beijing/32/1992": 1.0
    }
  },
  "H3N2 A/Bangkok/1/1979": {
    "H3N2 A/Beijing/353/1989": {
      "H3N2 A/Sichuan/2/1987": 1.0
    },
    "H3N2 A/Beijing/32/1992": {
      "H3N2 A/Sichuan/2/1987": 1.0,
      "H3N2 A/Wuhan/359/1995": 0.5907720327377319
    },
    "H3N2 A/Hong Kong/4801/2014": {
      "H3N2 A/Texas/50/2012": 1.0,
      "H3N2 A/Sichuan/2/1987": 0.13613376021385193
    },
    "H3N2 A/Hong Kong/1/1968": {
      "H3N2 A/Beijing/353/1989": 0.13100168108940125,
      "H3N2 A/Texas/1/1977": 1.0
    },
    "H3N2 A/Texas/50/2012": {
      "H3N2 A/Hong Kong/4801/2014": 1.0
    },
    "H3N2 A/Texas/1/1977": {
      "H3N2 A/Beijing/353/1989": 0.20831190049648285,
      "H3N2 A/Hong Kong/1/1968": 0.2964174449443817,
      "H3N2 A/Sichuan/2/1987": 1.0,
      "H3N2 A/Wuhan/359/1995": 0.18414759635925293
    },
    "H3N2 A/Sichuan/2/1987": {
      "H3N2 A/Beijing/353/1989": 0.6176842451095581,
      "H3N2 A/Beijing/32/1992": 1.0,
      "H3N2 A/Hong Kong/4801/2014": 0.11268128454685211,
      "H3N2 A/Texas/1/1977": 0.24879346787929535
    },
    "H3N2 A/Wuhan/359/1995": {
      "H3N2 A/Beijing/353/1989": 0.10798478126525879,
      "H3N2 A/Beijing/32/1992": 1.0
    }
  },
  "H3N2 A/Texas/50/2012": {
    "H3N2 A/Beijing/353/1989": {
      "H3N2 A/Bangkok/1/1979": 0.38036033511161804,
      "H3N2 A/Sichuan/2/1987": 1.0,
      "H3N2 A/Wuhan/359/1995": 0.11330090463161469
    },
    "H3N2 A/Beijing/32/1992": {
      "H3N2 A/Sichuan/2/1987": 1.0,
      "H3N2 A/Wuhan/359/1995": 0.611087441444397
    },
    "H3N2 A/Hong Kong/4801/2014": {
      "H3N2 A/Beijing/353/1989": 1.0,
      "H3N2 A/Beijing/32/1992": 0.23106344044208527,
      "H3N2 A/Hong Kong/1/1968": 0.15628933906555176,
      "H3N2 A/Sichuan/2/1987": 0.8010045886039734,
      "H3N2 A/Wuhan/359/1995": 0.3333207666873932
    },
    "H3N2 A/Hong Kong/1/1968": {
      "H3N2 A/Beijing/353/1989": 0.12344474345445633,
      "H3N2 A/Texas/1/1977": 1.0
    },
    "H3N2 A/Bangkok/1/1979": {
      "H3N2 A/Beijing/353/1989": 0.122460275888443,
      "H3N2 A/Texas/1/1977": 1.0
    },
    "H3N2 A/Texas/1/1977": {
      "H3N2 A/Bangkok/1/1979": 1.0
    },
    "H3N2 A/Sichuan/2/1987": {
      "H3N2 A/Beijing/353/1989": 0.6048678159713745,
      "H3N2 A/Beijing/32/1992": 1.0,
      "H3N2 A/Texas/1/1977": 0.17720700800418854
    },
    "H3N2 A/Wuhan/359/1995": {
      "H3N2 A/Beijing/353/1989": 0.13054576516151428,
      "H3N2 A/Beijing/32/1992": 1.0
    }
  },
  "H3N2 A/Texas/1/1977": {
    "H3N2 A/Beijing/353/1989": {
      "H3N2 A/Bangkok/1/1979": 0.3429982364177704,
      "H3N2 A/Sichuan/2/1987": 1.0,
      "H3N2 A/Wuhan/359/1995": 0.10996845364570618
    },
    "H3N2 A/Beijing/32/1992": {
      "H3N2 A/Sichuan/2/1987": 1.0,
      "H3N2 A/Wuhan/359/1995": 0.47390416264533997
    },
    "H3N2 A/Hong Kong/4801/2014": {
      "H3N2 A/Texas/50/2012": 1.0,
      "H3N2 A/Sichuan/2/1987": 0.13213123381137848
    },
    "H3N2 A/Hong Kong/1/1968": {
      "H3N2 A/Beijing/353/1989": 0.3879985213279724,
      "H3N2 A/Beijing/32/1992": 0.47592318058013916,
      "H3N2 A/Bangkok/1/1979": 1.0,
      "H3N2 A/Sichuan/2/1987": 0.13643650710582733,
      "H3N2 A/Wuhan/359/1995": 0.20237582921981812
    },
    "H3N2 A/Bangkok/1/1979": {
      "H3N2 A/Beijing/353/1989": 0.9418890476226807,
      "H3N2 A/Hong Kong/1/1968": 0.16263259947299957,
      "H3N2 A/Sichuan/2/1987": 1.0,
      "H3N2 A/Wuhan/359/1995": 0.26327651739120483
    },
    "H3N2 A/Texas/50/2012": {
      "H3N2 A/Hong Kong/4801/2014": 1.0
    },
    "H3N2 A/Sichuan/2/1987": {
      "H3N2 A/Beijing/353/1989": 0.49321794509887695,
      "H3N2 A/Beijing/32/1992": 1.0,
      "H3N2 A/Bangkok/1/1979": 0.16984319686889648
    },
    "H3N2 A/Wuhan/359/1995": {
      "H3N2 A/Beijing/353/1989": 0.12745258212089539,
      "H3N2 A/Beijing/32/1992": 1.0
    }
  },