{
  "H3N2 A/Beijing/353/1989": {
    "H3N2 A/Perth/16/2009": {
      "H3N2 A/Texas/50/2012": 1.0
    },
    "H3N2 A/Beijing/32/1992": {
      "H3N2 A/Wuhan/359/1995": 1.0
    },
    "H3N2 A/Victoria/3/1975": {
      "H3N2 A/Bangkok/1/1979": 1.0
    },
    "H3N2 A/California/7/2004": {
      "H3N2 A/Brisbane/10/2007": 0.9266418218612671,
      "H3N2 A/Fujian/411/2002": 1.0
    },
    "H3N2 A/Bangkok/1/1979": {
      "H3N2 A/Victoria/3/1975": 1.0
    },
    "H3N2 A/Brisbane/10/2007": {
      "H3N2 A/Perth/16/2009": 0.13584445416927338,
      "H3N2 A/California/7/2004": 1.0,
      "H3N2 A/Texas/50/2012": 0.36908528208732605,
      "H3N2 A/Fujian/411/2002": 0.10213243961334229
    },
    "H3N2 A/Texas/50/2012": {
      "H3N2 A/Perth/16/2009": 1.0,
      "H3N2 A/Brisbane/10/2007": 0.14475181698799133
    },
    "H3N2 A/Fujian/411/2002": {
      "H3N2 A/California/7/2004": 1.0,
      "H3N2 A/Wuhan/359/1995": 0.6447032690048218
    },
    "H3N2 A/Wuhan/359/1995": {
      "H3N2 A/Beijing/32/1992": 1.0,
      "H3N2 A/Fujian/411/2002": 0.7880303263664246
    }
  },
  "H3N2 A/Perth/16/2009": {
    "H3N2 A/Beijing/353/1989": {
      "H3N2 A/Beijing/32/1992": 0.15723319351673126,
      "H3N2 A/Bangkok/1/1979": 1.0,
      "H3N2 A/Wuhan/359/1995": 0.253521591424942
    },
    "H3N2 A/Beijing/32/1992": {
      "H3N2 A/Beijing/353/1989": 0.11794734001159668,
      "H3N2 A/Wuhan/359/1995": 1.0
    },
    "H3N2 A/Victoria/3/1975": {
      "H3N2 A/Bangkok/1/1979": 1.0
    },
    "H3N2 A/California/7/2004": {
      "H3N2 A/Brisbane/10/2007": 1.0,
      "H3N2 A/Texas/50/2012": 0.1554180234670639,
      "H3N2 A/Fujian/411/2002": 0.99666428565979
    },
    "H3N2 A/Bangkok/1/1979": {
      "H3N2 A/Beijing/353/1989": 0.6494828462600708,
      "H3N2 A/Victoria/3/1975": 1.0
    },
    "H3N2 A/Brisbane/10/2007": {
      "H3N2 A/California/7/2004": 1.0,
      "H3N2 A/Texas/50/2012": 0.7066063284873962
    },
    "H3N2 A/Texas/50/2012": {
      "H3N2 A/California/7/2004": 0.21900153160095215,
      "H3N2 A/Brisbane/10/2007": 1.0
    },
    "H3N2 A/Fujian/411/2002": {
      "H3N2 A/California/7/2004": 1.0,
      "H3N2 A/Wuhan/359/1995": 0.658777117729187
    },
    "H3N2 A/Wuhan/359/1995": {
      "H3N2 A/Beijing/353/1989": 0.15091712772846222,
      "H3N2 A/Beijing/32/1992": 1.0,
      "H3N2 A/Fujian/411/2002": 0.9333327412605286
    }
  },
  "H3N2 A/Beijing/32/1992": {
    "H3N2 A/Beijing/353/1989": {
      "H3N2 A/Bangkok/1/1979": 1.0,
      "H3N2 A/Wuhan/359/1995": 0.6958553791046143
    },
    "H3N2 A/Perth/16/2009": {
      "H3N2 A/Texas/50/2012": 1.0
    },
    "H3N2 A/Victoria/3/1975": {
      "H3N2 A/Bangkok/1/1979": 1.0
    },
    "H3N2 A/California/7/2004": {
      "H3N2 A/Brisbane/10/2007": 0.928524911403656,
      "H3N2 A/Fujian/411/2002": 1.0
    },
    "H3N2 A/Bangkok/1/1979": {
      "H3N2 A/Beijing/353/1989": 0.6565835475921631,
      "H3N2 A/Victoria/3/1975": 1.0
    },
    "H3N2 A/Brisbane/10/2007": {
      "H3N2 A/Perth/16/2009": 0.14080806076526642,
      "H3N2 A/California/7/2004": 1.0,
      "H3N2 A/Texas/50/2012": 0.378101646900177,
      "H3N2 A/Wuhan/359/1995": 0.10149834305047989
    },
    "H3N2 A/Texas/50/2012": {
      "H3N2 A/Perth/16/2009": 1.0,
      "H3N2 A/Brisbane/10/2007": 0.14262793958187103
    },
    "H3N2 A/Fujian/411/2002": {
      "H3N2 A/California/7/2004": 1.0,
      "H3N2 A/Wuhan/359/1995": 0.5471751093864441
    },
    "H3N2 A/Wuhan/359/1995": {
      "H3N2 A/Beijing/353/1989": 0.5134386420249939,
      "H3N2 A/Brisbane/10/2007": 0.15322986245155334,
      "H3N2 A/Fujian/411/2002": 1.0
    }
  },
  "H3N2 A/Victoria/3/1975": {
    "H3N2 A/Beijing/353/1989": {
      "H3N2 A/Beijing/32/1992": 0.26732978224754333,
      "H3N2 A/Bangkok/1/1979": 1.0,
      "H3N2 A/Wuhan/359/1995": 0.3907088041305542
    },
    "H3N2 A/Perth/16/2009": {
      "H3N2 A/Texas/50/2012": 1.0
    },
    "H3N2 A/Beijing/32/1992": {
      "H3N2 A/Beijing/353/1989": 0.10858539491891861,
      "H3N2 A/Wuhan/359/1995": 1.0
    },
    "H3N2 A/California/7/2004": {
      "H3N2 A/Brisbane/10/2007": 0.9280735850334167,
      "H3N2 A/Fujian/411/2002": 1.0
    },
    "H3N2 A/Bangkok/1/1979": {
      "H3N2 A/Beijing/353/1989": 1.0
    },
    "H3N2 A/Brisbane/10/2007": {
      "H3N2 A/Perth/16/2009": 0.1318046748638153,
      "H3N2 A/California/7/2004": 1.0,
      "H3N2 A/Texas/50/2012": 0.36372026801109314
    },
    "H3N2 A/Texas/50/2012": {
      "H3N2 A/Perth/16/2009": 1.0,
      "H3N2 A/Brisbane/10/2007": 0.1443590372800827
    },
    "H3N2 A/Fujian/411/2002": {
      "H3N2 A/California/7/2004": 1.0,
      "H3N2 A/Wuhan/359/1995": 0.622524082660675
    },
    "H3N2 A/Wuhan/359/1995": {
      "H3N2 A/Beijing/353/1989": 0.1398170441389084,
      "H3N2 A/Beijing/32/1992": 1.0,
      "H3N2 A/Fujian/411/2002": 0.8951408267021179
    }
  },
  "H3N2 A/California/7/2004": {
    "H3N2 A/Beijing/353/1989": {
      "H3N2 A/Beijing/32/1992": 0.17515356838703156,
      "H3N2 A/Bangkok/1/1979": 1.0,
      "H3N2 A/Wuhan/359/1995": 0.2599729895591736
    },
    "H3N2 A/Perth/16/2009": {
      "H3N2 A/Texas/50/2012": 1.0
    },
    "H3N2 A/Beijing/32/1992": {
      "H3N2 A/Beijing/353/1989": 0.1240355595946312,
      "H3N2 A/Wuhan/359/1995": 1.0
    },
    "H3N2 A/Victoria/3/1975": {
      "H3N2 A/Bangkok/1/1979": 1.0
    },
    "H3N2 A/Bangkok/1/1979": {
      "H3N2 A/Beijing/353/1989": 0.6331123113632202,
      "H3N2 A/Victoria/3/1975": 1.0
    },
    "H3N2 A/Brisbane/10/2007": {
      "H3N2 A/Perth/16/2009": 0.3910561203956604,
      "H3N2 A/Texas/50/2012": 1.0,
      "H3N2 A/Fujian/411/2002": 0.9724714159965515
    },
    "H3N2 A/Texas/50/2012": {
      "H3N2 A/Perth/16/2009": 1.0,
      "H3N2 A/Brisbane/10/2007": 0.19685694575309753
    },
    "H3N2 A/Fujian/411/2002": {
      "H3N2 A/Brisbane/10/2007": 0.6497988700866699,
      "H3N2 A/Wuhan/359/1995": 1.0
    },
    "H3N2 A/Wuhan/359/1995": {
      "H3N2 A/Beijing/353/1989": 0.14781205356121063,
      "H3N2 A/Beijing/32/1992": 0.9672749042510986,
      "H3N2 A/Fujian/411/2002": 1.0
    }
  },
  "H3N2 A/Bangkok/1/1979": {
    "H3N2 A/Beijing/353/1989": {
      "H3N2 A/Perth/16/2009": 0.12195339053869247,
      "H3N2 A/Beijing/32/1992": 1.0,
      "H3N2 A/Victoria/3/1975": 0.16809459030628204,
      "H3N2 A/Texas/50/2012": 0.10288456082344055,
      "H3N2 A/Wuhan/359/1995": 0.9359122514724731
    },
    "H3N2 A/Perth/16/2009": {
      "H3N2 A/Texas/50/2012": 1.0
    },
    "H3N2 A/Beijing/32/1992": {
      "H3N2 A/Beijing/353/1989": 0.14637909829616547,
      "H3N2 A/Wuhan/359/1995": 1.0
    },
    "H3N2 A/Victoria/3/1975": {
      "H3N2 A/Beijing/353/1989": 0.508635938167572,
      "H3N2 A/Beijing/32/1992": 0.8300883769989014,
      "H3N2 A/California/7/2004": 0.21480682492256165,
      "H3N2 A/Brisbane/10/2007": 0.15235428512096405,
      "H3N2 A/Texas/50/2012": 0.1140454113483429,
      "H3N2 A/Fujian/411/2002": 1.0,
      "H3N2 A/Wuhan/359/1995": 0.2200794517993927
    },
    "H3N2 A/California/7/2004": {
      "H3N2 A/Brisbane/10/2007": 0.9473050832748413,
      "H3N2 A/Fujian/411/2002": 1.0
    },
    "H3N2 A/Brisbane/10/2007": {
      "H3N2 A/Perth/16/2009": 0.13854168355464935,
      "H3N2 A/California/7/2004": 1.0,
      "H3N2 A/Texas/50/2012": 0.37016811966896057
    },
    "H3N2 A/Texas/50/2012": {
      "H3N2 A/Perth/16/2009": 1.0,
      "H3N2 A/Brisbane/10/2007": 0.14637617766857147
    },
    "H3N2 A/Fujian/411/2002": {
      "H3N2 A/California/7/2004": 1.0,
      "H3N2 A/Wuhan/359/1995": 0.6492666006088257
    },
    "H3N2 A/Wuhan/359/1995": {
      "H3N2 A/Beijing/353/1989": 0.11660570651292801,
      "H3N2 A/Beijing/32/1992": 1.0,
      "H3N2 A/Fujian/411/2002": 0.9272086024284363
    }
  },
  "H3N2 A/Brisbane/10/2007": {
    "H3N2 A/Beijing/353/1989": {
      "H3N2 A/Beijing/32/1992": 0.16931556165218353,
      "H3N2 A/Bangkok/1/1979": 1.0,
      "H3N2 A/Wuhan/359/1995": 0.2759694457054138
    },
    "H3N2 A/Perth/16/2009": {
      "H3N2 A/Texas/50/2012": 1.0
    },