{
  "H3N2 A/Sydney/5/1997": {
    "H3N2 A/Hong Kong/4801/2014": {
      "H3N2 A/Texas/50/2012": 1.0
    },
    "H3N2 A/Hong Kong/1/1968": {
      "H3N2 A/Hong Kong/4801/2014": 0.1451788991689682,
      "H3N2 A/New York/55/2004": 0.37105393409729004,
      "H3N2 A/Texas/50/2012": 0.384412944316864,
      "H3N2 A/Texas/1/1977": 1.0
    },
    "H3N2 A/New York/55/2004": {
      "H3N2 A/Hong Kong/4801/2014": 1.0
    },
    "H3N2 A/Texas/50/2012": {
      "H3N2 A/Hong Kong/4801/2014": 1.0
    },
    "H3N2 A/Texas/1/1977": {
      "H3N2 A/Hong Kong/4801/2014": 0.14518287777900696,
      "H3N2 A/Hong Kong/1/1968": 1.0,
      "H3N2 A/New York/55/2004": 0.37105312943458557,
      "H3N2 A/Texas/50/2012": 0.38442444801330566
    }
  },
  "H3N2 A/Hong Kong/4801/2014": {
    "H3N2 A/Sydney/5/1997": {
      "H3N2 A/New York/55/2004": 1.0,
      "H3N2 A/Texas/50/2012": 0.2176780253648758
    },
    "H3N2 A/Hong Kong/1/1968": {
      "H3N2 A/New York/55/2004": 0.2992212772369385,
      "H3N2 A/Texas/50/2012": 0.7068638205528259,
      "H3N2 A/Texas/1/1977": 1.0
    },
    "H3N2 A/New York/55/2004": {
      "H3N2 A/Sydney/5/1997": 1.0,
      "H3N2 A/Texas/50/2012": 0.5914731025695801
    },
    "H3N2 A/Texas/50/2012": {
      "H3N2 A/Sydney/5/1997": 0.25184646248817444,
      "H3N2 A/New York/55/2004": 1.0
    },
    "H3N2 A/Texas/1/1977": {
      "H3N2 A/Hong Kong/1/1968": 1.0,
      "H3N2 A/New York/55/2004": 0.299220472574234,
      "H3N2 A/Texas/50/2012": 0.7068604230880737
    }
  },
  "H3N2 A/Hong Kong/1/1968": {
    "H3N2 A/Sydney/5/1997": {
      "H3N2 A/New York/55/2004": 1.0
    },
    "H3N2 A/Hong Kong/4801/2014": {
      "H3N2 A/New York/55/2004": 0.12150926887989044,
      "H3N2 A/Texas/50/2012": 1.0
    },
    "H3N2 A/New York/55/2004": {
      "H3N2 A/Sydney/5/1997": 1.0,
      "H3N2 A/Hong Kong/4801/2014": 0.9085686206817627
    },
    "H3N2 A/Texas/50/2012": {
      "H3N2 A/Hong Kong/4801/2014": 1.0
    },
    "H3N2 A/Texas/1/1977": {
      "H3N2 A/Hong Kong/4801/2014": 0.6038143038749695,
      "H3N2 A/New York/55/2004": 0.5903379321098328,
      "H3N2 A/Texas/50/2012": 1.0
    }
  },
  "H3N2 A/New York/55/2004": {
    "H3N2 A/Sydney/5/1997": {
      "H3N2 A/Hong Kong/4801/2014": 1.0,
      "H3N2 A/Texas/50/2012": 0.9751928448677063
    },
    "H3N2 A/Hong Kong/4801/2014": {
      "H3N2 A/Texas/50/2012": 1.0
    },
    "H3N2 A/Hong Kong/1/1968": {
      "H3N2 A/Sydney/5/1997": 0.12148555368185043,
      "H3N2 A/Hong Kong/4801/2014": 0.22587881982326508,
      "H3N2 A/Texas/50/2012": 0.5265331864356995,
      "H3N2 A/Texas/1/1977": 1.0
    },
    "H3N2 A/Texas/50/2012": {
      "H3N2 A/Hong Kong/4801/2014": 1.0
    },
    "H3N2 A/Texas/1/1977": {
      "H3N2 A/Sydney/5/1997": 0.12148693203926086,
      "H3N2 A/Hong Kong/4801/2014": 0.22588592767715454,
      "H3N2 A/Hong Kong/1/1968": 1.0,
      "H3N2 A/Texas/50/2012": 0.5265384316444397
    }
  },
  "H3N2 A/Texas/50/2012": {
    "H3N2 A/Sydney/5/1997": {
      "H3N2 A/Hong Kong/4801/2014": 0.2533643841743469,
      "H3N2 A/New York/55/2004": 1.0
    },
    "H3N2 A/Hong Kong/4801/2014": {
      "H3N2 A/Sydney/5/1997": 0.1802072823047638,
      "H3N2 A/New York/55/2004": 1.0
    },
    "H3N2 A/Hong Kong/1/1968": {
      "H3N2 A/Hong Kong/4801/2014": 0.40446099638938904,
      "H3N2 A/New York/55/2004": 0.34700119495391846,
      "H3N2 A/Texas/1/1977": 1.0
    },
    "H3N2 A/New York/55/2004": {
      "H3N2 A/Sydney/5/1997": 0.8590262532234192,
      "H3N2 A/Hong Kong/4801/2014": 1.0
    },
    "H3N2 A/Texas/1/1977": {
      "H3N2 A/Hong Kong/4801/2014": 0.4044428765773773,
      "H3N2 A/Hong Kong/1/1968": 1.0,
      "H3N2 A/New York/55/2004": 0.347005158662796
    }
  },
  "H3N2 A/Texas/1/1977": {
    "H3N2 A/Sydney/5/1997": {
      "H3N2 A/New York/55/2004": 1.0
    },
    "H3N2 A/Hong Kong/4801/2014": {
      "H3N2 A/New York/55/2004": 0.12151104211807251,
      "H3N2 A/Texas/50/2012": 1.0
    },
    "H3N2 A/Hong Kong/1/1968": {
      "H3N2 A/Hong Kong/4801/2014": 0.6037924289703369,
      "H3N2 A/New York/55/2004": 0.5903370976448059,
      "H3N2 A/Texas/50/2012": 1.0
    },
    "H3N2 A/New York/55/2004": {
      "H3N2 A/Sydney/5/1997": 1.0,
      "H3N2 A/Hong Kong/4801/2014": 0.9085789918899536
    },
    "H3N2 A/Texas/50/2012": {
      "H3N2 A/Hong Kong/4801/2014": 1.0
    }
  }
}