{
  "H3N2 A/Beijing/353/1989": {
    "H3N2 A/Beijing/32/1992": {
      "H3N2 A/Hong Kong/4801/2014": 1.0,
      "H3N2 A/Texas/50/2012": 0.21592244505882263,
      "H3N2 A/Sichuan/2/1987": 0.156516894698143
    },
    "H3N2 A/Hong Kong/4801/2014": {
      "H3N2 A/Texas/50/2012": 1.0
    },
    "H3N2 A/Hong Kong/1/1968": {
      "H3N2 A/Bangkok/1/1979": 0.18363989889621735,
      "H3N2 A/Texas/50/2012": 0.37079155445098877,
      "H3N2 A/Texas/1/1977": 1.0,
      "H3N2 A/Wuhan/359/1995": 0.4852394461631775
    },
    "H3N2 A/Bangkok/1/1979": {
      "H3N2 A/Beijing/32/1992": 0.30763816833496094,
      "H3N2 A/Hong Kong/4801/2014": 0.34674084186553955,
      "H3N2 A/Hong Kong/1/1968": 0.5895517468452454,
      "H3N2 A/Texas/50/2012": 0.43757152557373047,
      "H3N2 A/Texas/1/1977": 0.5895517468452454,
      "H3N2 A/Sichuan/2/1987": 0.11872813105583191,
      "H3N2 A/Wuhan/359/1995": 1.0
    },
    "H3N2 A/Texas/50/2012": {
      "H3N2 A/Hong Kong/4801/2014": 1.0
    },
    "H3N2 A/Texas/1/1977": {
      "H3N2 A/Hong Kong/1/1968": 1.0,
      "H3N2 A/Bangkok/1/1979": 0.1836579144001007,
      "H3N2 A/Texas/50/2012": 0.37080326676368713,
      "H3N2 A/Wuhan/359/1995": 0.4853033125400543
    },
    "H3N2 A/Sichuan/2/1987": {
      "H3N2 A/Beijing/32/1992": 1.0,
      "H3N2 A/Hong Kong/4801/2014": 0.16866257786750793,
      "H3N2 A/Texas/50/2012": 0.4599872827529907
    },
    "H3N2 A/Wuhan/359/1995": {
      "H3N2 A/Hong Kong/4801/2014": 1.0,
      "H3N2 A/Hong Kong/1/1968": 0.1706899106502533,
      "H3N2 A/Bangkok/1/1979": 0.10954830050468445,
      "H3N2 A/Texas/1/1977": 0.1706899106502533
    }
  },
  "H3N2 A/Beijing/32/1992": {
    "H3N2 A/Beijing/353/1989": {
      "H3N2 A/Hong Kong/4801/2014": 1.0,
      "H3N2 A/Bangkok/1/1979": 0.11559409648180008,
      "H3N2 A/Texas/50/2012": 0.23738588392734528,
      "H3N2 A/Sichuan/2/1987": 0.18103162944316864,
      "H3N2 A/Wuhan/359/1995": 0.30042046308517456
    },
    "H3N2 A/Hong Kong/4801/2014": {
      "H3N2 A/Texas/50/2012": 1.0
    },
    "H3N2 A/Hong Kong/1/1968": {
      "H3N2 A/Beijing/353/1989": 0.1003052368760109,
      "H3N2 A/Hong Kong/4801/2014": 0.10336901992559433,
      "H3N2 A/Bangkok/1/1979": 0.19291694462299347,
      "H3N2 A/Texas/50/2012": 0.3686233460903168,
      "H3N2 A/Texas/1/1977": 1.0,
      "H3N2 A/Wuhan/359/1995": 0.46559664607048035
    },
    "H3N2 A/Bangkok/1/1979": {
      "H3N2 A/Beijing/353/1989": 0.5262420177459717,
      "H3N2 A/Hong Kong/4801/2014": 0.5058655142784119,
      "H3N2 A/Hong Kong/1/1968": 0.6723016500473022,
      "H3N2 A/Texas/50/2012": 0.5367928743362427,
      "H3N2 A/Texas/1/1977": 0.6723016500473022,
      "H3N2 A/Sichuan/2/1987": 0.138703390955925,
      "H3N2 A/Wuhan/359/1995": 1.0
    },
    "H3N2 A/Texas/50/2012": {
      "H3N2 A/Hong Kong/4801/2014": 1.0
    },
    "H3N2 A/Texas/1/1977": {
      "H3N2 A/Beijing/353/1989": 0.10030972957611084,
      "H3N2 A/Hong Kong/4801/2014": 0.10336601734161377,
      "H3N2 A/Hong Kong/1/1968": 1.0,
      "H3N2 A/Bangkok/1/1979": 0.19292272627353668,
      "H3N2 A/Texas/50/2012": 0.3686254620552063,
      "H3N2 A/Wuhan/359/1995": 0.4656001627445221
    },
    "H3N2 A/Sichuan/2/1987": {
      "H3N2 A/Beijing/353/1989": 0.7528742551803589,
      "H3N2 A/Hong Kong/4801/2014": 0.38920098543167114,
      "H3N2 A/Texas/50/2012": 1.0
    },
    "H3N2 A/Wuhan/359/1995": {
      "H3N2 A/Beijing/353/1989": 0.4556514322757721,
      "H3N2 A/Hong Kong/4801/2014": 0.6881164908409119,
      "H3N2 A/Hong Kong/1/1968": 1.0,
      "H3N2 A/Bangkok/1/1979": 0.6447785496711731,
      "H3N2 A/Texas/1/1977": 1.0
    }
  },
  "H3N2 A/Hong Kong/4801/2014": {
    "H3N2 A/Beijing/353/1989": {
      "H3N2 A/Beijing/32/1992": 1.0
    },
    "H3N2 A/Beijing/32/1992": {
      "H3N2 A/Beijing/353/1989": 1.0,
      "H3N2 A/Texas/50/2012": 0.11926483362913132,
      "H3N2 A/Sichuan/2/1987": 0.11263249814510345
    },
    "H3N2 A/Hong Kong/1/1968": {
      "H3N2 A/Bangkok/1/1979": 0.16810545325279236,
      "H3N2 A/Texas/50/2012": 0.49349650740623474,
      "H3N2 A/Texas/1/1977": 1.0,
      "H3N2 A/Wuhan/359/1995": 0.36868518590927124
    },
    "H3N2 A/Bangkok/1/1979": {
      "H3N2 A/Beijing/353/1989": 0.4374037981033325,
      "H3N2 A/Beijing/32/1992": 0.29655396938323975,
      "H3N2 A/Hong Kong/1/1968": 0.7180822491645813,
      "H3N2 A/Texas/50/2012": 0.7596743702888489,
      "H3N2 A/Texas/1/1977": 0.7180822491645813,
      "H3N2 A/Sichuan/2/1987": 0.15094856917858124,
      "H3N2 A/Wuhan/359/1995": 1.0
    },
    "H3N2 A/Texas/50/2012": {
      "H3N2 A/Beijing/32/1992": 0.3269420862197876,
      "H3N2 A/Hong Kong/1/1968": 1.0,
      "H3N2 A/Bangkok/1/1979": 0.25396063923835754,
      "H3N2 A/Texas/1/1977": 1.0,
      "H3N2 A/Sichuan/2/1987": 0.3122915029525757
    },
    "H3N2 A/Texas/1/1977": {
      "H3N2 A/Hong Kong/1/1968": 1.0,
      "H3N2 A/Bangkok/1/1979": 0.16811232268810272,
      "H3N2 A/Texas/50/2012": 0.4934747517108917,
      "H3N2 A/Wuhan/359/1995": 0.36867210268974304
    },
    "H3N2 A/Sichuan/2/1987": {
      "H3N2 A/Beijing/353/1989": 0.24316832423210144,
      "H3N2 A/Beijing/32/1992": 1.0,
      "H3N2 A/Bangkok/1/1979": 0.11009804159402847,
      "H3N2 A/Texas/50/2012": 0.7692893743515015
    },
    "H3N2 A/Wuhan/359/1995": {
      "H3N2 A/Beijing/353/1989": 0.29330581426620483,
      "H3N2 A/Hong Kong/1/1968": 1.0,
      "H3N2 A/Bangkok/1/1979": 0.6175684928894043,
      "H3N2 A/Texas/50/2012": 0.15617406368255615,
      "H3N2 A/Texas/1/1977": 1.0
    }
  },
  "H3N2 A/Hong Kong/1/1968": {
    "H3N2 A/Beijing/353/1989": {
      "H3N2 A/Beijing/32/1992": 1.0
    },
    "H3N2 A/Beijing/32/1992": {
      "H3N2 A/Beijing/353/1989": 1.0,
      "H3N2 A/Hong Kong/4801/2014": 0.1614624410867691,
      "H3N2 A/Sichuan/2/1987": 0.1055455431342125
    },
    "H3N2 A/Hong Kong/4801/2014": {
      "H3N2 A/Texas/50/2012": 1.0
    },
    "H3N2 A/Bangkok/1/1979": {
      "H3N2 A/Beijing/353/1989": 0.4034044146537781,
      "H3N2 A/Beijing/32/1992": 0.24914684891700745,
      "H3N2 A/Hong Kong/4801/2014": 0.3630807101726532,
      "H3N2 A/Texas/50/2012": 0.4415658414363861,
      "H3N2 A/Texas/1/1977": 0.5975016951560974,
      "H3N2 A/Sichuan/2/1987": 0.1118062287569046,
      "H3N2 A/Wuhan/359/1995": 1.0
    },
    "H3N2 A/Texas/50/2012": {
      "H3N2 A/Hong Kong/4801/2014": 1.0
    },
    "H3N2 A/Texas/1/1977": {
      "H3N2 A/Beijing/353/1989": 0.16093891859054565,
      "H3N2 A/Hong Kong/4801/2014": 0.2063644379377365,
      "H3N2 A/Bangkok/1/1979": 0.2946399450302124,
      "H3N2 A/Texas/50/2012": 0.7670708894729614,
      "H3N2 A/Wuhan/359/1995": 1.0
    },
    "H3N2 A/Sichuan/2/1987": {
      "H3N2 A/Beijing/353/1989": 0.2719711363315582,
      "H3N2 A/Beijing/32/1992": 1.0,
      "H3N2 A/Hong Kong/4801/2014": 0.1993371546268463,
      "H3N2 A/Texas/50/2012": 0.4919087588787079
    },
    "H3N2 A/Wuhan/359/1995": {
      "H3N2 A/Beijing/353/1989": 0.10944120585918427,
      "H3N2 A/Hong Kong/4801/2014": 1.0,
      "H3N2 A/Bangkok/1/1979": 0.13301633298397064,
      "H3N2 A/Texas/1/1977": 0.24788491427898407
    }
  },
  "H3N2 A/Bangkok/1/1979": {
    "H3N2 A/Beijing/353/1989": {
      "H3N2 A/Beijing/32/1992": 1.0
    },
    "H3N2 A/Beijing/32/1992": {
      "H3N2 A/Beijing/353/1989": 1.0,
      "H3N2 A/Hong Kong/4801/2014": 0.16303694248199463,
      "H3N2 A/Sichuan/2/1987": 0.10584292560815811
    },
    "H3N2 A/Hong Kong/4801/2014": {
      "H3N2 A/Texas/50/2012": 1.0
    },
    "H3N2 A/Hong Kong/1/1968": {
      "H3N2 A/Hong Kong/4801/2014": 0.101868636906147,
      "H3N2 A/Texas/50/2012": 0.37360215187072754,
      "H3N2 A/Texas/1/1977": 1.0,
      "H3N2 A/Wuhan/359/1995": 0.49445340037345886
    },
    "H3N2 A/Texas/50/2012": {
      "H3N2 A/Hong Kong/4801/2014": 1.0
    },
    "H3N2 A/Texas/1/1977": {
      "H3N2 A/Hong Kong/4801/2014": 0.1018705740571022,
      "H3N2 A/Hong Kong/1/1968": 1.0,
      "H3N2 A/Texas/50/2012": 0.3736076354980469,
      "H3N2 A/Wuhan/359/1995": 0.49444958567619324
    },