{
  "H3N2 A/Beijing/353/1989": {
    "H3N2 A/Perth/16/2009": {
      "H3N2 A/Texas/50/2012": 1.0
    },
    "H3N2 A/Beijing/32/1992": {
      "H3N2 A/Wuhan/359/1995": 1.0
    },
    "H3N2 A/Victoria/3/1975": {
      "H3N2 A/Bangkok/1/1979": 1.0
    },
    "H3N2 A/California/7/2004": {
      "H3N2 A/Brisbane/10/2007": 0.9266433715820312,
      "H3N2 A/Fujian/411/2002": 1.0
    },
    "H3N2 A/Bangkok/1/1979": {
      "H3N2 A/Victoria/3/1975": 1.0
    },
    "H3N2 A/Brisbane/10/2007": {
      "H3N2 A/Perth/16/2009": 0.13584409654140472,
      "H3N2 A/California/7/2004": 1.0,
      "H3N2 A/Texas/50/2012": 0.36908063292503357,
      "H3N2 A/Fujian/411/2002": 0.10213322937488556
    },
    "H3N2 A/Texas/50/2012": {
      "H3N2 A/Perth/16/2009": 1.0,
      "H3N2 A/Brisbane/10/2007": 0.14475083351135254
    },
    "H3N2 A/Fujian/411/2002": {
      "H3N2 A/California/7/2004": 1.0,
      "H3N2 A/Wuhan/359/1995": 0.6447032690048218
    },
    "H3N2 A/Wuhan/359/1995": {
      "H3N2 A/Beijing/32/1992": 1.0,
      "H3N2 A/Fujian/411/2002": 0.7880168557167053
    }
  },
  "H3N2 A/Perth/16/2009": {
    "H3N2 A/Beijing/353/1989": {
      "H3N2 A/Beijing/32/1992": 0.15723222494125366,
      "H3N2 A/Bangkok/1/1979": 1.0,
      "H3N2 A/Wuhan/359/1995": 0.2535218894481659
    },
    "H3N2 A/Beijing/32/1992": {
      "H3N2 A/Beijing/353/1989": 0.1179468110203743,
      "H3N2 A/Wuhan/359/1995": 1.0
    },
    "H3N2 A/Victoria/3/1975": {
      "H3N2 A/Bangkok/1/1979": 1.0
    },
    "H3N2 A/California/7/2004": {
      "H3N2 A/Brisbane/10/2007": 1.0,
      "H3N2 A/Texas/50/2012": 0.15541884303092957,
      "H3N2 A/Fujian/411/2002": 0.9966521263122559
    },
    "H3N2 A/Bangkok/1/1979": {
      "H3N2 A/Beijing/353/1989": 0.6494824886322021,
      "H3N2 A/Victoria/3/1975": 1.0
    },
    "H3N2 A/Brisbane/10/2007": {
      "H3N2 A/California/7/2004": 1.0,
      "H3N2 A/Texas/50/2012": 0.7066015601158142
    },
    "H3N2 A/Texas/50/2012": {
      "H3N2 A/California/7/2004": 0.21900063753128052,
      "H3N2 A/Brisbane/10/2007": 1.0
    },
    "H3N2 A/Fujian/411/2002": {
      "H3N2 A/California/7/2004": 1.0,
      "H3N2 A/Wuhan/359/1995": 0.6587739586830139
    },
    "H3N2 A/Wuhan/359/1995": {
      "H3N2 A/Beijing/353/1989": 0.15091751515865326,
      "H3N2 A/Beijing/32/1992": 1.0,
      "H3N2 A/Fujian/411/2002": 0.9333492517471313
    }
  },
  "H3N2 A/Beijing/32/1992": {
    "H3N2 A/Beijing/353/1989": {
      "H3N2 A/Bangkok/1/1979": 1.0,
      "H3N2 A/Wuhan/359/1995": 0.695853590965271
    },
    "H3N2 A/Perth/16/2009": {
      "H3N2 A/Texas/50/2012": 1.0
    },
    "H3N2 A/Victoria/3/1975": {
      "H3N2 A/Bangkok/1/1979": 1.0
    },
    "H3N2 A/California/7/2004": {
      "H3N2 A/Brisbane/10/2007": 0.9285203814506531,
      "H3N2 A/Fujian/411/2002": 1.0
    },
    "H3N2 A/Bangkok/1/1979": {
      "H3N2 A/Beijing/353/1989": 0.6565807461738586,
      "H3N2 A/Victoria/3/1975": 1.0
    },
    "H3N2 A/Brisbane/10/2007": {
      "H3N2 A/Perth/16/2009": 0.14081117510795593,
      "H3N2 A/California/7/2004": 1.0,
      "H3N2 A/Texas/50/2012": 0.3781049847602844,
      "H3N2 A/Wuhan/359/1995": 0.10150094330310822
    },
    "H3N2 A/Texas/50/2012": {
      "H3N2 A/Perth/16/2009": 1.0,
      "H3N2 A/Brisbane/10/2007": 0.14262817800045013
    },
    "H3N2 A/Fujian/411/2002": {
      "H3N2 A/California/7/2004": 1.0,
      "H3N2 A/Wuhan/359/1995": 0.5471762418746948
    },
    "H3N2 A/Wuhan/359/1995": {
      "H3N2 A/Beijing/353/1989": 0.5134339928627014,
      "H3N2 A/Brisbane/10/2007": 0.15322835743427277,
      "H3N2 A/Fujian/411/2002": 1.0
    }
  },
  "H3N2 A/Victoria/3/1975": {
    "H3N2 A/Beijing/353/1989": {
      "H3N2 A/Beijing/32/1992": 0.2673283517360687,
      "H3N2 A/Bangkok/1/1979": 1.0,
      "H3N2 A/Wuhan/359/1995": 0.3907071053981781
    },
    "H3N2 A/Perth/16/2009": {
      "H3N2 A/Texas/50/2012": 1.0
    },
    "H3N2 A/Beijing/32/1992": {
      "H3N2 A/Beijing/353/1989": 0.10858622938394547,
      "H3N2 A/Wuhan/359/1995": 1.0
    },
    "H3N2 A/California/7/2004": {
      "H3N2 A/Brisbane/10/2007": 0.9280768632888794,
      "H3N2 A/Fujian/411/2002": 1.0
    },
    "H3N2 A/Bangkok/1/1979": {
      "H3N2 A/Beijing/353/1989": 1.0
    },
    "H3N2 A/Brisbane/10/2007": {
      "H3N2 A/Perth/16/2009": 0.13180416822433472,
      "H3N2 A/California/7/2004": 1.0,
      "H3N2 A/Texas/50/2012": 0.3637206256389618
    },
    "H3N2 A/Texas/50/2012": {
      "H3N2 A/Perth/16/2009": 1.0,
      "H3N2 A/Brisbane/10/2007": 0.14435920119285583
    },
    "H3N2 A/Fujian/411/2002": {
      "H3N2 A/California/7/2004": 1.0,
      "H3N2 A/Wuhan/359/1995": 0.6225210428237915
    },
    "H3N2 A/Wuhan/359/1995": {
      "H3N2 A/Beijing/353/1989": 0.13981808722019196,
      "H3N2 A/Beijing/32/1992": 1.0,
      "H3N2 A/Fujian/411/2002": 0.8951475024223328
    }
  },
  "H3N2 A/California/7/2004": {
    "H3N2 A/Beijing/353/1989": {
      "H3N2 A/Beijing/32/1992": 0.17515204846858978,
      "H3N2 A/Bangkok/1/1979": 1.0,
      "H3N2 A/Wuhan/359/1995": 0.25997215509414673
    },
    "H3N2 A/Perth/16/2009": {
      "H3N2 A/Texas/50/2012": 1.0
    },
    "H3N2 A/Beijing/32/1992": {
      "H3N2 A/Beijing/353/1989": 0.12403567880392075,
      "H3N2 A/Wuhan/359/1995": 1.0
    },
    "H3N2 A/Victoria/3/1975": {
      "H3N2 A/Bangkok/1/1979": 1.0
    },
    "H3N2 A/Bangkok/1/1979": {
      "H3N2 A/Beijing/353/1989": 0.6331085562705994,
      "H3N2 A/Victoria/3/1975": 1.0
    },
    "H3N2 A/Brisbane/10/2007": {
      "H3N2 A/Perth/16/2009": 0.39105460047721863,
      "H3N2 A/Texas/50/2012": 1.0,
      "H3N2 A/Fujian/411/2002": 0.9724776744842529
    },
    "H3N2 A/Texas/50/2012": {
      "H3N2 A/Perth/16/2009": 1.0,
      "H3N2 A/Brisbane/10/2007": 0.196855828166008
    },
    "H3N2 A/Fujian/411/2002": {
      "H3N2 A/Brisbane/10/2007": 0.6497966647148132,
      "H3N2 A/Wuhan/359/1995": 1.0
    },
    "H3N2 A/Wuhan/359/1995": {
      "H3N2 A/Beijing/353/1989": 0.14781101047992706,
      "H3N2 A/Beijing/32/1992": 0.9672799706459045,
      "H3N2 A/Fujian/411/2002": 1.0
    }
  },
  "H3N2 A/Bangkok/1/1979": {
    "H3N2 A/Beijing/353/1989": {
      "H3N2 A/Perth/16/2009": 0.12195724248886108,
      "H3N2 A/Beijing/32/1992": 1.0,
      "H3N2 A/Victoria/3/1975": 0.16808874905109406,
      "H3N2 A/Texas/50/2012": 0.10288607329130173,
      "H3N2 A/Wuhan/359/1995": 0.9358935356140137
    },
    "H3N2 A/Perth/16/2009": {
      "H3N2 A/Texas/50/2012": 1.0
    },
    "H3N2 A/Beijing/32/1992": {
      "H3N2 A/Beijing/353/1989": 0.14637979865074158,
      "H3N2 A/Wuhan/359/1995": 1.0
    },
    "H3N2 A/Victoria/3/1975": {
      "H3N2 A/Beijing/353/1989": 0.5086431503295898,
      "H3N2 A/Beijing/32/1992": 0.8300861716270447,
      "H3N2 A/California/7/2004": 0.21480123698711395,
      "H3N2 A/Brisbane/10/2007": 0.1523531675338745,
      "H3N2 A/Texas/50/2012": 0.11404426395893097,
      "H3N2 A/Fujian/411/2002": 1.0,
      "H3N2 A/Wuhan/359/1995": 0.22007642686367035
    },
    "H3N2 A/California/7/2004": {
      "H3N2 A/Brisbane/10/2007": 0.9473075866699219,
      "H3N2 A/Fujian/411/2002": 1.0
    },
    "H3N2 A/Brisbane/10/2007": {
      "H3N2 A/Perth/16/2009": 0.1385425478219986,
      "H3N2 A/California/7/2004": 1.0,
      "H3N2 A/Texas/50/2012": 0.3701701760292053
    },
    "H3N2 A/Texas/50/2012": {
      "H3N2 A/Perth/16/2009": 1.0,
      "H3N2 A/Brisbane/10/2007": 0.14637525379657745
    },
    "H3N2 A/Fujian/411/2002": {
      "H3N2 A/California/7/2004": 1.0,
      "H3N2 A/Wuhan/359/1995": 0.6492644548416138
    },
    "H3N2 A/Wuhan/359/1995": {
      "H3N2 A/Beijing/353/1989": 0.11660394817590714,
      "H3N2 A/Beijing/32/1992": 1.0,
      "H3N2 A/Fujian/411/2002": 0.92718905210495
    }
  },
  "H3N2 A/Brisbane/10/2007": {
    "H3N2 A/Beijing/353/1989": {
      "H3N2 A/Beijing/32/1992": 0.16931575536727905,
      "H3N2 A/Bangkok/1/1979": 1.0,
      "H3N2 A/Wuhan/359/1995": 0.27596911787986755
    },
    "H3N2 A/Perth/16/2009": {
      "H3N2 A/Texas/50/2012": 1.0
    },