{
  "H3N2 A/Perth/16/2009": {
    "H3N2 A/Mississippi/1/1985": {
      "H3N2 A/Texas/1/1977": 1.0
    },
    "H3N2 A/Hong Kong/4801/2014": {
      "H3N2 A/Texas/50/2012": 1.0
    },
    "H3N2 A/Hong Kong/1/1968": {
      "H3N2 A/Mississippi/1/1985": 0.4701189398765564,
      "H3N2 A/Texas/1/1977": 1.0
    },
    "H3N2 A/Texas/50/2012": {
      "H3N2 A/Hong Kong/4801/2014": 1.0
    },
    "H3N2 A/Texas/1/1977": {
      "H3N2 A/Mississippi/1/1985": 1.0
    }
  },
  "H3N2 A/Mississippi/1/1985": {
    "H3N2 A/Perth/16/2009": {
      "H3N2 A/Hong Kong/4801/2014": 0.18915313482284546,
      "H3N2 A/Texas/50/2012": 1.0
    },
    "H3N2 A/Hong Kong/4801/2014": {
      "H3N2 A/Perth/16/2009": 1.0,
      "H3N2 A/Texas/50/2012": 0.5104333758354187
    },
    "H3N2 A/Hong Kong/1/1968": {
      "H3N2 A/Texas/1/1977": 1.0
    },
    "H3N2 A/Texas/50/2012": {
      "H3N2 A/Perth/16/2009": 1.0
    },
    "H3N2 A/Texas/1/1977": {
      "H3N2 A/Hong Kong/1/1968": 1.0
    }
  },
  "H3N2 A/Hong Kong/4801/2014": {
    "H3N2 A/Perth/16/2009": {
      "H3N2 A/Texas/50/2012": 1.0
    },
    "H3N2 A/Mississippi/1/1985": {
      "H3N2 A/Texas/1/1977": 1.0
    },
    "H3N2 A/Hong Kong/1/1968": {
      "H3N2 A/Mississippi/1/1985": 0.566777229309082,
      "H3N2 A/Texas/1/1977": 1.0
    },
    "H3N2 A/Texas/50/2012": {
      "H3N2 A/Perth/16/2009": 1.0
    },
    "H3N2 A/Texas/1/1977": {
      "H3N2 A/Mississippi/1/1985": 1.0
    }
  },
  "H3N2 A/Hong Kong/1/1968": {
    "H3N2 A/Perth/16/2009": {
      "H3N2 A/Hong Kong/4801/2014": 0.17549684643745422,
      "H3N2 A/Texas/50/2012": 1.0
    },
    "H3N2 A/Mississippi/1/1985": {
      "H3N2 A/Texas/1/1977": 1.0
    },
    "H3N2 A/Hong Kong/4801/2014": {
      "H3N2 A/Perth/16/2009": 1.0,
      "H3N2 A/Texas/50/2012": 0.5660812854766846
    },
    "H3N2 A/Texas/50/2012": {
      "H3N2 A/Perth/16/2009": 1.0
    },
    "H3N2 A/Texas/1/1977": {
      "H3N2 A/Mississippi/1/1985": 1.0
    }
  },
  "H3N2 A/Texas/50/2012": {
    "H3N2 A/Perth/16/2009": {
      "H3N2 A/Hong Kong/4801/2014": 1.0
    },
    "H3N2 A/Mississippi/1/1985": {
      "H3N2 A/Texas/1/1977": 1.0
    },
    "H3N2 A/Hong Kong/4801/2014": {
      "H3N2 A/Perth/16/2009": 1.0
    },
    "H3N2 A/Hong Kong/1/1968": {
      "H3N2 A/Mississippi/1/1985": 0.4738810956478119,
      "H3N2 A/Texas/1/1977": 1.0
    },
    "H3N2 A/Texas/1/1977": {
      "H3N2 A/Mississippi/1/1985": 1.0
    }
  },
  "H3N2 A/Texas/1/1977": {
    "H3N2 A/Perth/16/2009": {
      "H3N2 A/Hong Kong/4801/2014": 0.187170147895813,
      "H3N2 A/Texas/50/2012": 1.0
    },
    "H3N2 A/Mississippi/1/1985": {
      "H3N2 A/Hong Kong/1/1968": 1.0
    },
    "H3N2 A/Hong Kong/4801/2014": {
      "H3N2 A/Perth/16/2009": 1.0,
      "H3N2 A/Texas/50/2012": 0.5365487933158875
    },
    "H3N2 A/Hong Kong/1/1968": {
      "H3N2 A/Mississippi/1/1985": 1.0
    },
    "H3N2 A/Texas/50/2012": {
      "H3N2 A/Perth/16/2009": 1.0
    }
  }
}