{
  "H3N2 A/Beijing/353/1989": {
    "H3N2 A/Beijing/32/1992": {
      "H3N2 A/Hong Kong/4801/2014": 1.0,
      "H3N2 A/Texas/50/2012": 0.21592625975608826,
      "H3N2 A/Sichuan/2/1987": 0.15651904046535492
    },
    "H3N2 A/Hong Kong/4801/2014": {
      "H3N2 A/Texas/50/2012": 1.0
    },
    "H3N2 A/Hong Kong/1/1968": {
      "H3N2 A/Bangkok/1/1979": 0.18363434076309204,
      "H3N2 A/Texas/50/2012": 0.37075507640838623,
      "H3N2 A/Texas/1/1977": 1.0,
      "H3N2 A/Wuhan/359/1995": 0.48525339365005493
    },
    "H3N2 A/Bangkok/1/1979": {
      "H3N2 A/Beijing/32/1992": 0.3076544404029846,
      "H3N2 A/Hong Kong/4801/2014": 0.34674713015556335,
      "H3N2 A/Hong Kong/1/1968": 0.5895764827728271,
      "H3N2 A/Texas/50/2012": 0.43757086992263794,
      "H3N2 A/Texas/1/1977": 0.5895764827728271,
      "H3N2 A/Sichuan/2/1987": 0.1187313124537468,
      "H3N2 A/Wuhan/359/1995": 1.0
    },
    "H3N2 A/Texas/50/2012": {
      "H3N2 A/Hong Kong/4801/2014": 1.0
    },
    "H3N2 A/Texas/1/1977": {
      "H3N2 A/Hong Kong/1/1968": 1.0,
      "H3N2 A/Bangkok/1/1979": 0.1836456060409546,
      "H3N2 A/Texas/50/2012": 0.37078675627708435,
      "H3N2 A/Wuhan/359/1995": 0.4852617084980011
    },
    "H3N2 A/Sichuan/2/1987": {
      "H3N2 A/Beijing/32/1992": 1.0,
      "H3N2 A/Hong Kong/4801/2014": 0.16865931451320648,
      "H3N2 A/Texas/50/2012": 0.45997995138168335
    },
    "H3N2 A/Wuhan/359/1995": {
      "H3N2 A/Hong Kong/4801/2014": 1.0,
      "H3N2 A/Hong Kong/1/1968": 0.1707344800233841,
      "H3N2 A/Bangkok/1/1979": 0.10957728326320648,
      "H3N2 A/Texas/1/1977": 0.1707344800233841
    }
  },
  "H3N2 A/Beijing/32/1992": {
    "H3N2 A/Beijing/353/1989": {
      "H3N2 A/Hong Kong/4801/2014": 1.0,
      "H3N2 A/Bangkok/1/1979": 0.11559642851352692,
      "H3N2 A/Texas/50/2012": 0.23740053176879883,
      "H3N2 A/Sichuan/2/1987": 0.18103641271591187,
      "H3N2 A/Wuhan/359/1995": 0.30042764544487
    },
    "H3N2 A/Hong Kong/4801/2014": {
      "H3N2 A/Texas/50/2012": 1.0
    },
    "H3N2 A/Hong Kong/1/1968": {
      "H3N2 A/Beijing/353/1989": 0.10030574351549149,
      "H3N2 A/Hong Kong/4801/2014": 0.10336779803037643,
      "H3N2 A/Bangkok/1/1979": 0.1929207146167755,
      "H3N2 A/Texas/50/2012": 0.3686152994632721,
      "H3N2 A/Texas/1/1977": 1.0,
      "H3N2 A/Wuhan/359/1995": 0.4655936062335968
    },
    "H3N2 A/Bangkok/1/1979": {
      "H3N2 A/Beijing/353/1989": 0.5262397527694702,
      "H3N2 A/Hong Kong/4801/2014": 0.5058625936508179,
      "H3N2 A/Hong Kong/1/1968": 0.6722866296768188,
      "H3N2 A/Texas/50/2012": 0.5368139743804932,
      "H3N2 A/Texas/1/1977": 0.6722866296768188,
      "H3N2 A/Sichuan/2/1987": 0.1387065201997757,
      "H3N2 A/Wuhan/359/1995": 1.0
    },
    "H3N2 A/Texas/50/2012": {
      "H3N2 A/Hong Kong/4801/2014": 1.0
    },
    "H3N2 A/Texas/1/1977": {
      "H3N2 A/Beijing/353/1989": 0.1003103032708168,
      "H3N2 A/Hong Kong/4801/2014": 0.10336719453334808,
      "H3N2 A/Hong Kong/1/1968": 1.0,
      "H3N2 A/Bangkok/1/1979": 0.19292974472045898,
      "H3N2 A/Texas/50/2012": 0.3686445355415344,
      "H3N2 A/Wuhan/359/1995": 0.4656140208244324
    },
    "H3N2 A/Sichuan/2/1987": {
      "H3N2 A/Beijing/353/1989": 0.7528809309005737,
      "H3N2 A/Hong Kong/4801/2014": 0.3892029821872711,
      "H3N2 A/Texas/50/2012": 1.0
    },
    "H3N2 A/Wuhan/359/1995": {
      "H3N2 A/Beijing/353/1989": 0.45565009117126465,
      "H3N2 A/Hong Kong/4801/2014": 0.6881123185157776,
      "H3N2 A/Hong Kong/1/1968": 1.0,
      "H3N2 A/Bangkok/1/1979": 0.6447768211364746,
      "H3N2 A/Texas/1/1977": 1.0
    }
  },
  "H3N2 A/Hong Kong/4801/2014": {
    "H3N2 A/Beijing/353/1989": {
      "H3N2 A/Beijing/32/1992": 1.0
    },
    "H3N2 A/Beijing/32/1992": {
      "H3N2 A/Beijing/353/1989": 1.0,
      "H3N2 A/Texas/50/2012": 0.1192675307393074,
      "H3N2 A/Sichuan/2/1987": 0.11263187229633331
    },
    "H3N2 A/Hong Kong/1/1968": {
      "H3N2 A/Bangkok/1/1979": 0.1681053191423416,
      "H3N2 A/Texas/50/2012": 0.49350985884666443,
      "H3N2 A/Texas/1/1977": 1.0,
      "H3N2 A/Wuhan/359/1995": 0.36868029832839966
    },
    "H3N2 A/Bangkok/1/1979": {
      "H3N2 A/Beijing/353/1989": 0.4373612105846405,
      "H3N2 A/Beijing/32/1992": 0.2965487241744995,
      "H3N2 A/Hong Kong/1/1968": 0.7180845737457275,
      "H3N2 A/Texas/50/2012": 0.7596642971038818,
      "H3N2 A/Texas/1/1977": 0.7180845737457275,
      "H3N2 A/Sichuan/2/1987": 0.15096032619476318,
      "H3N2 A/Wuhan/359/1995": 1.0
    },
    "H3N2 A/Texas/50/2012": {
      "H3N2 A/Beijing/32/1992": 0.32694166898727417,
      "H3N2 A/Hong Kong/1/1968": 1.0,
      "H3N2 A/Bangkok/1/1979": 0.25396233797073364,
      "H3N2 A/Texas/1/1977": 1.0,
      "H3N2 A/Sichuan/2/1987": 0.3122968375682831
    },
    "H3N2 A/Texas/1/1977": {
      "H3N2 A/Hong Kong/1/1968": 1.0,
      "H3N2 A/Bangkok/1/1979": 0.16811628639698029,
      "H3N2 A/Texas/50/2012": 0.4934898912906647,
      "H3N2 A/Wuhan/359/1995": 0.36864641308784485
    },
    "H3N2 A/Sichuan/2/1987": {
      "H3N2 A/Beijing/353/1989": 0.24316585063934326,
      "H3N2 A/Beijing/32/1992": 1.0,
      "H3N2 A/Bangkok/1/1979": 0.11009881645441055,
      "H3N2 A/Texas/50/2012": 0.7693086266517639
    },
    "H3N2 A/Wuhan/359/1995": {
      "H3N2 A/Beijing/353/1989": 0.2933047115802765,
      "H3N2 A/Hong Kong/1/1968": 1.0,
      "H3N2 A/Bangkok/1/1979": 0.6175681352615356,
      "H3N2 A/Texas/50/2012": 0.15617431700229645,
      "H3N2 A/Texas/1/1977": 1.0
    }
  },
  "H3N2 A/Hong Kong/1/1968": {
    "H3N2 A/Beijing/353/1989": {
      "H3N2 A/Beijing/32/1992": 1.0
    },
    "H3N2 A/Beijing/32/1992": {
      "H3N2 A/Beijing/353/1989": 1.0,
      "H3N2 A/Hong Kong/4801/2014": 0.16146588325500488,
      "H3N2 A/Sichuan/2/1987": 0.10554616898298264
    },
    "H3N2 A/Hong Kong/4801/2014": {
      "H3N2 A/Texas/50/2012": 1.0
    },
    "H3N2 A/Bangkok/1/1979": {
      "H3N2 A/Beijing/353/1989": 0.40343135595321655,
      "H3N2 A/Beijing/32/1992": 0.2491430938243866,
      "H3N2 A/Hong Kong/4801/2014": 0.3630780279636383,
      "H3N2 A/Texas/50/2012": 0.4416047930717468,
      "H3N2 A/Texas/1/1977": 0.5975612998008728,
      "H3N2 A/Sichuan/2/1987": 0.11181257665157318,
      "H3N2 A/Wuhan/359/1995": 1.0
    },
    "H3N2 A/Texas/50/2012": {
      "H3N2 A/Hong Kong/4801/2014": 1.0
    },
    "H3N2 A/Texas/1/1977": {
      "H3N2 A/Beijing/353/1989": 0.16094116866588593,
      "H3N2 A/Hong Kong/4801/2014": 0.2063704878091812,
      "H3N2 A/Bangkok/1/1979": 0.2946392595767975,
      "H3N2 A/Texas/50/2012": 0.7670819759368896,
      "H3N2 A/Wuhan/359/1995": 1.0
    },
    "H3N2 A/Sichuan/2/1987": {
      "H3N2 A/Beijing/353/1989": 0.2719706594944,
      "H3N2 A/Beijing/32/1992": 1.0,
      "H3N2 A/Hong Kong/4801/2014": 0.19933056831359863,
      "H3N2 A/Texas/50/2012": 0.4919009506702423
    },
    "H3N2 A/Wuhan/359/1995": {
      "H3N2 A/Beijing/353/1989": 0.10944410413503647,
      "H3N2 A/Hong Kong/4801/2014": 1.0,
      "H3N2 A/Bangkok/1/1979": 0.1330196112394333,
      "H3N2 A/Texas/1/1977": 0.24789753556251526
    }
  },
  "H3N2 A/Bangkok/1/1979": {
    "H3N2 A/Beijing/353/1989": {
      "H3N2 A/Beijing/32/1992": 1.0
    },
    "H3N2 A/Beijing/32/1992": {
      "H3N2 A/Beijing/353/1989": 1.0,
      "H3N2 A/Hong Kong/4801/2014": 0.16304290294647217,
      "H3N2 A/Sichuan/2/1987": 0.10584381222724915
    },
    "H3N2 A/Hong Kong/4801/2014": {
      "H3N2 A/Texas/50/2012": 1.0
    },
    "H3N2 A/Hong Kong/1/1968": {
      "H3N2 A/Hong Kong/4801/2014": 0.10186628252267838,
      "H3N2 A/Texas/50/2012": 0.3736029267311096,
      "H3N2 A/Texas/1/1977": 1.0,
      "H3N2 A/Wuhan/359/1995": 0.4944363534450531
    },
    "H3N2 A/Texas/50/2012": {
      "H3N2 A/Hong Kong/4801/2014": 1.0
    },
    "H3N2 A/Texas/1/1977": {
      "H3N2 A/Hong Kong/4801/2014": 0.10186557471752167,
      "H3N2 A/Hong Kong/1/1968": 1.0,
      "H3N2 A/Texas/50/2012": 0.37359854578971863,
      "H3N2 A/Wuhan/359/1995": 0.4944295883178711
    },