{
  "H3N2 A/Perth/16/2009": {
    "H3N2 A/Hong Kong/4801/2014": {
      "H3N2 A/Texas/50/2012": 1.0
    },
    "H3N2 A/Philippines/2/1982": {
      "H3N2 A/Hong Kong/4801/2014": 0.2634221911430359,
      "H3N2 A/Brisbane/10/2007": 0.1082908883690834,
      "H3N2 A/Texas/50/2012": 0.3294552266597748,
      "H3N2 A/Fujian/411/2002": 1.0
    },
    "H3N2 A/Brisbane/10/2007": {
      "H3N2 A/Texas/50/2012": 1.0,
      "H3N2 A/Fujian/411/2002": 0.2858906686306
    },
    "H3N2 A/Texas/50/2012": {
      "H3N2 A/Hong Kong/4801/2014": 1.0,
      "H3N2 A/Brisbane/10/2007": 0.9759713411331177
    },
    "H3N2 A/Fujian/411/2002": {
      "H3N2 A/Brisbane/10/2007": 1.0
    }
  },
  "H3N2 A/Hong Kong/4801/2014": {
    "H3N2 A/Perth/16/2009": {
      "H3N2 A/Texas/50/2012": 1.0
    },
    "H3N2 A/Philippines/2/1982": {
      "H3N2 A/Perth/16/2009": 0.19454729557037354,
      "H3N2 A/Texas/50/2012": 0.21926076710224152,
      "H3N2 A/Fujian/411/2002": 1.0
    },
    "H3N2 A/Brisbane/10/2007": {
      "H3N2 A/Perth/16/2009": 0.4351308047771454,
      "H3N2 A/Texas/50/2012": 1.0,
      "H3N2 A/Fujian/411/2002": 0.6043957471847534
    },
    "H3N2 A/Texas/50/2012": {
      "H3N2 A/Perth/16/2009": 1.0,
      "H3N2 A/Brisbane/10/2007": 0.15327885746955872
    },
    "H3N2 A/Fujian/411/2002": {
      "H3N2 A/Brisbane/10/2007": 1.0
    }
  },
  "H3N2 A/Philippines/2/1982": {
    "H3N2 A/Perth/16/2009": {
      "H3N2 A/Hong Kong/4801/2014": 0.24935200810432434,
      "H3N2 A/Brisbane/10/2007": 0.10047260671854019,
      "H3N2 A/Texas/50/2012": 1.0
    },
    "H3N2 A/Hong Kong/4801/2014": {
      "H3N2 A/Perth/16/2009": 1.0,
      "H3N2 A/Texas/50/2012": 0.4106887876987457
    },
    "H3N2 A/Brisbane/10/2007": {
      "H3N2 A/Perth/16/2009": 0.4910612404346466,
      "H3N2 A/Texas/50/2012": 1.0,
      "H3N2 A/Fujian/411/2002": 0.6373505592346191
    },
    "H3N2 A/Texas/50/2012": {
      "H3N2 A/Perth/16/2009": 1.0,
      "H3N2 A/Hong Kong/4801/2014": 0.10795553028583527,
      "H3N2 A/Brisbane/10/2007": 0.21989785134792328
    },
    "H3N2 A/Fujian/411/2002": {
      "H3N2 A/Hong Kong/4801/2014": 0.11996134370565414,
      "H3N2 A/Brisbane/10/2007": 1.0
    }
  },
  "H3N2 A/Brisbane/10/2007": {
    "H3N2 A/Perth/16/2009": {
      "H3N2 A/Hong Kong/4801/2014": 0.17963115870952606,
      "H3N2 A/Texas/50/2012": 1.0
    },
    "H3N2 A/Hong Kong/4801/2014": {
      "H3N2 A/Perth/16/2009": 1.0,
      "H3N2 A/Texas/50/2012": 0.4373912811279297
    },
    "H3N2 A/Philippines/2/1982": {
      "H3N2 A/Hong Kong/4801/2014": 0.18080569803714752,
      "H3N2 A/Fujian/411/2002": 1.0
    },
    "H3N2 A/Texas/50/2012": {
      "H3N2 A/Perth/16/2009": 1.0
    },
    "H3N2 A/Fujian/411/2002": {
      "H3N2 A/Hong Kong/4801/2014": 1.0,
      "H3N2 A/Philippines/2/1982": 0.5099892020225525,
      "H3N2 A/Texas/50/2012": 0.8644061088562012
    }
  },
  "H3N2 A/Texas/50/2012": {
    "H3N2 A/Perth/16/2009": {
      "H3N2 A/Hong Kong/4801/2014": 1.0,
      "H3N2 A/Brisbane/10/2007": 0.6613582968711853
    },
    "H3N2 A/Hong Kong/4801/2014": {
      "H3N2 A/Perth/16/2009": 1.0
    },
    "H3N2 A/Philippines/2/1982": {
      "H3N2 A/Perth/16/2009": 0.1794414520263672,
      "H3N2 A/Hong Kong/4801/2014": 0.22909139096736908,
      "H3N2 A/Fujian/411/2002": 1.0
    },
    "H3N2 A/Brisbane/10/2007": {
      "H3N2 A/Perth/16/2009": 1.0,
      "H3N2 A/Fujian/411/2002": 0.3571570813655853
    },
    "H3N2 A/Fujian/411/2002": {
      "H3N2 A/Perth/16/2009": 0.12591427564620972,
      "H3N2 A/Hong Kong/4801/2014": 0.11546242982149124,
      "H3N2 A/Brisbane/10/2007": 1.0
    }
  },
  "H3N2 A/Fujian/411/2002": {
    "H3N2 A/Perth/16/2009": {
      "H3N2 A/Hong Kong/4801/2014": 0.22153599560260773,
      "H3N2 A/Texas/50/2012": 1.0
    },
    "H3N2 A/Hong Kong/4801/2014": {
      "H3N2 A/Perth/16/2009": 1.0,
      "H3N2 A/Texas/50/2012": 0.47850966453552246
    },
    "H3N2 A/Philippines/2/1982": {
      "H3N2 A/Perth/16/2009": 0.132973775267601,
      "H3N2 A/Hong Kong/4801/2014": 0.3066362738609314,
      "H3N2 A/Brisbane/10/2007": 1.0,
      "H3N2 A/Texas/50/2012": 0.6641263365745544
    },
    "H3N2 A/Brisbane/10/2007": {
      "H3N2 A/Perth/16/2009": 0.34643539786338806,
      "H3N2 A/Texas/50/2012": 1.0
    },
    "H3N2 A/Texas/50/2012": {
      "H3N2 A/Perth/16/2009": 1.0,
      "H3N2 A/Brisbane/10/2007": 0.1891811192035675
    }
  }
}