{
  "H3N2 A/Beijing/353/1989": {
    "H3N2 A/Beijing/32/1992": {
      "H3N2 A/Sydney/5/1997": 1.0,
      "H3N2 A/Texas/50/2012": 0.21866433322429657
    },
    "H3N2 A/Sydney/5/1997": {
      "H3N2 A/Beijing/32/1992": 1.0
    },
    "H3N2 A/Bangkok/1/1979": {
      "H3N2 A/Beijing/32/1992": 0.5104870200157166,
      "H3N2 A/Texas/50/2012": 0.6720533967018127,
      "H3N2 A/Wuhan/359/1995": 1.0
    },
    "H3N2 A/Texas/50/2012": {
      "H3N2 A/Beijing/32/1992": 1.0,
      "H3N2 A/Sydney/5/1997": 0.3375549018383026,
      "H3N2 A/Wuhan/359/1995": 0.12296334654092789
    },
    "H3N2 A/Wuhan/359/1995": {
      "H3N2 A/Sydney/5/1997": 1.0
    }
  },
  "H3N2 A/Beijing/32/1992": {
    "H3N2 A/Beijing/353/1989": {
      "H3N2 A/Sydney/5/1997": 1.0,
      "H3N2 A/Wuhan/359/1995": 0.10812786966562271
    },
    "H3N2 A/Sydney/5/1997": {
      "H3N2 A/Beijing/353/1989": 1.0
    },
    "H3N2 A/Bangkok/1/1979": {
      "H3N2 A/Beijing/353/1989": 0.5441303253173828,
      "H3N2 A/Texas/50/2012": 0.8268358111381531,
      "H3N2 A/Wuhan/359/1995": 1.0
    },
    "H3N2 A/Texas/50/2012": {
      "H3N2 A/Sydney/5/1997": 0.8398147821426392,
      "H3N2 A/Bangkok/1/1979": 0.10306993871927261,
      "H3N2 A/Wuhan/359/1995": 1.0
    },
    "H3N2 A/Wuhan/359/1995": {
      "H3N2 A/Sydney/5/1997": 1.0
    }
  },
  "H3N2 A/Sydney/5/1997": {
    "H3N2 A/Beijing/353/1989": {
      "H3N2 A/Beijing/32/1992": 1.0
    },
    "H3N2 A/Beijing/32/1992": {
      "H3N2 A/Beijing/353/1989": 1.0,
      "H3N2 A/Texas/50/2012": 0.15445055067539215
    },
    "H3N2 A/Bangkok/1/1979": {
      "H3N2 A/Beijing/353/1989": 0.4055582582950592,
      "H3N2 A/Beijing/32/1992": 0.3061027228832245,
      "H3N2 A/Texas/50/2012": 0.7856169939041138,
      "H3N2 A/Wuhan/359/1995": 1.0
    },
    "H3N2 A/Texas/50/2012": {
      "H3N2 A/Beijing/32/1992": 1.0,
      "H3N2 A/Bangkok/1/1979": 0.3032597303390503,
      "H3N2 A/Wuhan/359/1995": 0.39278239011764526
    },
    "H3N2 A/Wuhan/359/1995": {
      "H3N2 A/Beijing/353/1989": 0.5472257733345032,
      "H3N2 A/Bangkok/1/1979": 1.0
    }
  },
  "H3N2 A/Bangkok/1/1979": {
    "H3N2 A/Beijing/353/1989": {
      "H3N2 A/Beijing/32/1992": 0.25603151321411133,
      "H3N2 A/Sydney/5/1997": 1.0,
      "H3N2 A/Wuhan/359/1995": 0.15357579290866852
    },
    "H3N2 A/Beijing/32/1992": {
      "H3N2 A/Sydney/5/1997": 1.0,
      "H3N2 A/Texas/50/2012": 0.21638260781764984
    },
    "H3N2 A/Sydney/5/1997": {
      "H3N2 A/Beijing/353/1989": 0.2082800567150116,
      "H3N2 A/Beijing/32/1992": 1.0
    },
    "H3N2 A/Texas/50/2012": {
      "H3N2 A/Beijing/32/1992": 1.0,
      "H3N2 A/Sydney/5/1997": 0.3607809841632843,
      "H3N2 A/Wuhan/359/1995": 0.13370943069458008
    },
    "H3N2 A/Wuhan/359/1995": {
      "H3N2 A/Sydney/5/1997": 1.0
    }
  },
  "H3N2 A/Texas/50/2012": {
    "H3N2 A/Beijing/353/1989": {
      "H3N2 A/Beijing/32/1992": 0.24935495853424072,
      "H3N2 A/Sydney/5/1997": 1.0,
      "H3N2 A/Wuhan/359/1995": 0.176166370511055
    },
    "H3N2 A/Beijing/32/1992": {
      "H3N2 A/Sydney/5/1997": 1.0
    },
    "H3N2 A/Sydney/5/1997": {
      "H3N2 A/Beijing/353/1989": 0.2440742552280426,
      "H3N2 A/Beijing/32/1992": 1.0
    },
    "H3N2 A/Bangkok/1/1979": {
      "H3N2 A/Beijing/353/1989": 0.4807547628879547,
      "H3N2 A/Beijing/32/1992": 0.588439404964447,
      "H3N2 A/Wuhan/359/1995": 1.0
    },
    "H3N2 A/Wuhan/359/1995": {
      "H3N2 A/Sydney/5/1997": 1.0
    }
  },
  "H3N2 A/Wuhan/359/1995": {
    "H3N2 A/Beijing/353/1989": {
      "H3N2 A/Beijing/32/1992": 0.28644269704818726,
      "H3N2 A/Sydney/5/1997": 1.0
    },
    "H3N2 A/Beijing/32/1992": {
      "H3N2 A/Sydney/5/1997": 1.0,
      "H3N2 A/Texas/50/2012": 0.22759315371513367
    },
    "H3N2 A/Sydney/5/1997": {
      "H3N2 A/Beijing/353/1989": 0.2202010303735733,
      "H3N2 A/Beijing/32/1992": 1.0
    },
    "H3N2 A/Bangkok/1/1979": {
      "H3N2 A/Beijing/353/1989": 0.7254253029823303,
      "H3N2 A/Beijing/32/1992": 0.5341503620147705,
      "H3N2 A/Texas/50/2012": 1.0
    },
    "H3N2 A/Texas/50/2012": {
      "H3N2 A/Beijing/32/1992": 1.0,
      "H3N2 A/Sydney/5/1997": 0.3083862066268921,
      "H3N2 A/Bangkok/1/1979": 0.11617320775985718
    }
  }
}