{
  "H3N2 A/Beijing/353/1989": {
    "H3N2 A/Beijing/32/1992": {
      "H3N2 A/Hong Kong/1/1968": 0.36578840017318726,
      "H3N2 A/Texas/50/2012": 0.33726346492767334,
      "H3N2 A/Texas/1/1977": 0.301583468914032,
      "H3N2 A/Wuhan/359/1995": 1.0
    },
    "H3N2 A/Hong Kong/4801/2014": {
      "H3N2 A/Texas/50/2012": 1.0,
      "H3N2 A/Texas/1/1977": 0.390737384557724
    },
    "H3N2 A/Hong Kong/1/1968": {
      "H3N2 A/Beijing/32/1992": 0.2558624744415283,
      "H3N2 A/Hong Kong/4801/2014": 1.0,
      "H3N2 A/Texas/50/2012": 0.9676162600517273,
      "H3N2 A/Texas/1/1977": 0.7985649108886719,
      "H3N2 A/Sichuan/2/1987": 0.14553676545619965
    },
    "H3N2 A/Bangkok/1/1979": {
      "H3N2 A/Texas/1/1977": 1.0,
      "H3N2 A/Sichuan/2/1987": 0.3951263129711151
    },
    "H3N2 A/Texas/50/2012": {
      "H3N2 A/Hong Kong/4801/2014": 1.0
    },
    "H3N2 A/Texas/1/1977": {
      "H3N2 A/Hong Kong/4801/2014": 0.4392681121826172,
      "H3N2 A/Bangkok/1/1979": 1.0,
      "H3N2 A/Texas/50/2012": 0.12638108432292938,
      "H3N2 A/Sichuan/2/1987": 0.2283070832490921
    },
    "H3N2 A/Sichuan/2/1987": {
      "H3N2 A/Hong Kong/4801/2014": 0.16059769690036774,
      "H3N2 A/Bangkok/1/1979": 1.0,
      "H3N2 A/Texas/50/2012": 0.22864916920661926,
      "H3N2 A/Texas/1/1977": 0.7754274606704712,
      "H3N2 A/Wuhan/359/1995": 0.1763855516910553
    },
    "H3N2 A/Wuhan/359/1995": {
      "H3N2 A/Beijing/32/1992": 0.17907944321632385,
      "H3N2 A/Texas/50/2012": 1.0
    }
  },
  "H3N2 A/Beijing/32/1992": {
    "H3N2 A/Beijing/353/1989": {
      "H3N2 A/Hong Kong/1/1968": 0.7814270257949829,
      "H3N2 A/Texas/50/2012": 1.0
    },
    "H3N2 A/Hong Kong/4801/2014": {
      "H3N2 A/Texas/50/2012": 1.0,
      "H3N2 A/Texas/1/1977": 0.3955078721046448
    },
    "H3N2 A/Hong Kong/1/1968": {
      "H3N2 A/Beijing/353/1989": 1.0,
      "H3N2 A/Hong Kong/4801/2014": 0.9113941788673401,
      "H3N2 A/Texas/50/2012": 0.5806151032447815,
      "H3N2 A/Texas/1/1977": 0.7366656064987183,
      "H3N2 A/Sichuan/2/1987": 0.14397810399532318
    },
    "H3N2 A/Bangkok/1/1979": {
      "H3N2 A/Texas/1/1977": 1.0,
      "H3N2 A/Sichuan/2/1987": 0.3938167989253998
    },
    "H3N2 A/Texas/50/2012": {
      "H3N2 A/Hong Kong/4801/2014": 1.0
    },
    "H3N2 A/Texas/1/1977": {
      "H3N2 A/Hong Kong/4801/2014": 0.436695396900177,
      "H3N2 A/Bangkok/1/1979": 1.0,
      "H3N2 A/Texas/50/2012": 0.12629006803035736,
      "H3N2 A/Sichuan/2/1987": 0.22630442678928375
    },
    "H3N2 A/Sichuan/2/1987": {
      "H3N2 A/Hong Kong/4801/2014": 0.1584417074918747,
      "H3N2 A/Bangkok/1/1979": 1.0,
      "H3N2 A/Texas/50/2012": 0.2395641952753067,
      "H3N2 A/Texas/1/1977": 0.7733754515647888,
      "H3N2 A/Wuhan/359/1995": 0.1787508875131607
    },
    "H3N2 A/Wuhan/359/1995": {
      "H3N2 A/Texas/50/2012": 1.0
    }
  },
  "H3N2 A/Hong Kong/4801/2014": {
    "H3N2 A/Beijing/353/1989": {
      "H3N2 A/Hong Kong/1/1968": 0.7565988302230835,
      "H3N2 A/Texas/50/2012": 1.0
    },
    "H3N2 A/Beijing/32/1992": {
      "H3N2 A/Beijing/353/1989": 0.13017308712005615,
      "H3N2 A/Hong Kong/1/1968": 0.3493349552154541,
      "H3N2 A/Texas/50/2012": 0.1337883323431015,
      "H3N2 A/Texas/1/1977": 0.4662347435951233,
      "H3N2 A/Wuhan/359/1995": 1.0
    },
    "H3N2 A/Hong Kong/1/1968": {
      "H3N2 A/Beijing/353/1989": 0.6405684947967529,
      "H3N2 A/Beijing/32/1992": 0.19186237454414368,
      "H3N2 A/Texas/50/2012": 1.0,
      "H3N2 A/Texas/1/1977": 0.7575370669364929,
      "H3N2 A/Sichuan/2/1987": 0.15319137275218964
    },
    "H3N2 A/Bangkok/1/1979": {
      "H3N2 A/Texas/1/1977": 1.0,
      "H3N2 A/Sichuan/2/1987": 0.3986877501010895
    },
    "H3N2 A/Texas/50/2012": {
      "H3N2 A/Beijing/32/1992": 0.21532632410526276,
      "H3N2 A/Hong Kong/1/1968": 0.9138333797454834,
      "H3N2 A/Texas/1/1977": 0.19485610723495483,
      "H3N2 A/Sichuan/2/1987": 0.1970290094614029,
      "H3N2 A/Wuhan/359/1995": 1.0
    },
    "H3N2 A/Texas/1/1977": {
      "H3N2 A/Hong Kong/1/1968": 0.13923794031143188,
      "H3N2 A/Bangkok/1/1979": 1.0,
      "H3N2 A/Sichuan/2/1987": 0.17011842131614685
    },
    "H3N2 A/Sichuan/2/1987": {
      "H3N2 A/Bangkok/1/1979": 1.0,
      "H3N2 A/Texas/1/1977": 0.5835050940513611,
      "H3N2 A/Wuhan/359/1995": 0.19031894207000732
    },
    "H3N2 A/Wuhan/359/1995": {
      "H3N2 A/Beijing/32/1992": 0.22296106815338135,
      "H3N2 A/Texas/50/2012": 1.0,
      "H3N2 A/Sichuan/2/1987": 0.11978048086166382
    }
  },
  "H3N2 A/Hong Kong/1/1968": {
    "H3N2 A/Beijing/353/1989": {
      "H3N2 A/Texas/50/2012": 1.0
    },
    "H3N2 A/Beijing/32/1992": {
      "H3N2 A/Beijing/353/1989": 0.13611654937267303,
      "H3N2 A/Texas/50/2012": 0.2992386817932129,
      "H3N2 A/Texas/1/1977": 0.384039044380188,
      "H3N2 A/Wuhan/359/1995": 1.0
    },
    "H3N2 A/Hong Kong/4801/2014": {
      "H3N2 A/Texas/50/2012": 1.0,
      "H3N2 A/Texas/1/1977": 0.3942990303039551
    },
    "H3N2 A/Bangkok/1/1979": {
      "H3N2 A/Texas/1/1977": 1.0,
      "H3N2 A/Sichuan/2/1987": 0.39369162917137146
    },
    "H3N2 A/Texas/50/2012": {
      "H3N2 A/Hong Kong/4801/2014": 1.0
    },
    "H3N2 A/Texas/1/1977": {
      "H3N2 A/Hong Kong/4801/2014": 0.4388546943664551,
      "H3N2 A/Bangkok/1/1979": 1.0,
      "H3N2 A/Texas/50/2012": 0.11800957471132278,
      "H3N2 A/Sichuan/2/1987": 0.2153581827878952
    },
    "H3N2 A/Sichuan/2/1987": {
      "H3N2 A/Hong Kong/4801/2014": 0.16841372847557068,
      "H3N2 A/Bangkok/1/1979": 1.0,
      "H3N2 A/Texas/50/2012": 0.23619511723518372,
      "H3N2 A/Texas/1/1977": 0.7613775134086609,
      "H3N2 A/Wuhan/359/1995": 0.18047133088111877
    },
    "H3N2 A/Wuhan/359/1995": {
      "H3N2 A/Beijing/32/1992": 0.17731626331806183,
      "H3N2 A/Texas/50/2012": 1.0
    }
  },
  "H3N2 A/Bangkok/1/1979": {
    "H3N2 A/Beijing/353/1989": {
      "H3N2 A/Hong Kong/1/1968": 0.7500497698783875,
      "H3N2 A/Texas/50/2012": 1.0
    },
    "H3N2 A/Beijing/32/1992": {
      "H3N2 A/Hong Kong/1/1968": 0.33404341340065,
      "H3N2 A/Texas/50/2012": 0.3383476734161377,
      "H3N2 A/Texas/1/1977": 0.22568926215171814,
      "H3N2 A/Wuhan/359/1995": 1.0
    },
    "H3N2 A/Hong Kong/4801/2014": {
      "H3N2 A/Texas/50/2012": 1.0,
      "H3N2 A/Texas/1/1977": 0.3847801983356476
    },
    "H3N2 A/Hong Kong/1/1968": {
      "H3N2 A/Beijing/353/1989": 0.8629910945892334,
      "H3N2 A/Beijing/32/1992": 0.21735891699790955,
      "H3N2 A/Hong Kong/4801/2014": 1.0,
      "H3N2 A/Texas/50/2012": 0.5181513428688049,
      "H3N2 A/Texas/1/1977": 0.7387893199920654,
      "H3N2 A/Sichuan/2/1987": 0.1402985006570816
    },
    "H3N2 A/Texas/50/2012": {
      "H3N2 A/Hong Kong/4801/2014": 1.0
    },
    "H3N2 A/Texas/1/1977": {
      "H3N2 A/Hong Kong/4801/2014": 1.0,
      "H3N2 A/Hong Kong/1/1968": 0.25395467877388,
      "H3N2 A/Texas/50/2012": 0.3774958550930023,
      "H3N2 A/Sichuan/2/1987": 0.8418320417404175,
      "H3N2 A/Wuhan/359/1995": 0.28148889541625977
    },
    "H3N2 A/Sichuan/2/1987": {
      "H3N2 A/Hong Kong/4801/2014": 0.1133834570646286,
      "H3N2 A/Texas/50/2012": 0.13569362461566925,
      "H3N2 A/Texas/1/1977": 1.0,
      "H3N2 A/Wuhan/359/1995": 0.12571260333061218
    },
    "H3N2 A/Wuhan/359/1995": {
      "H3N2 A/Beijing/32/1992": 0.17447015643119812,
      "H3N2 A/Texas/50/2012": 1.0
    }
  },
  "H3N2 A/Texas/50/2012": {
    "H3N2 A/Beijing/353/1989": {
      "H3N2 A/Hong Kong/1/1968": 1.0
    },
    "H3N2 A/Beijing/32/1992": {
      "H3N2 A/Hong Kong/1/1968": 0.3184461295604706,
      "H3N2 A/Texas/1/1977": 0.41748741269111633,
      "H3N2 A/Sichuan/2/1987": 0.10348789393901825,
      "H3N2 A/Wuhan/359/1995": 1.0
    },
    "H3N2 A/Hong Kong/4801/2014": {
      "H3N2 A/Hong Kong/1/1968": 0.32624560594558716,
      "H3N2 A/Texas/1/1977": 1.0,
      "H3N2 A/Wuhan/359/1995": 0.11596348136663437
    },
    "H3N2 A/Hong Kong/1/1968": {
      "H3N2 A/Beijing/353/1989": 0.6232326030731201,