{
  "H3N2 A/Sydney/5/1997": {
    "H3N2 A/Hong Kong/4801/2014": {
      "H3N2 A/Texas/50/2012": 1.0,
      "H3N2 A/Texas/1/1977": 0.28890272974967957
    },
    "H3N2 A/Hong Kong/1/1968": {
      "H3N2 A/Hong Kong/4801/2014": 0.8639289736747742,
      "H3N2 A/Texas/50/2012": 1.0,
      "H3N2 A/Texas/1/1977": 0.5788150429725647
    },
    "H3N2 A/New York/55/2004": {
      "H3N2 A/Texas/50/2012": 1.0,
      "H3N2 A/Texas/1/1977": 0.2503611743450165
    },
    "H3N2 A/Texas/50/2012": {
      "H3N2 A/Hong Kong/4801/2014": 1.0,
      "H3N2 A/New York/55/2004": 0.10749107599258423
    },
    "H3N2 A/Texas/1/1977": {
      "H3N2 A/Hong Kong/4801/2014": 1.0,
      "H3N2 A/Hong Kong/1/1968": 0.12497524172067642,
      "H3N2 A/New York/55/2004": 0.44874995946884155,
      "H3N2 A/Texas/50/2012": 0.48396265506744385
    }
  },
  "H3N2 A/Hong Kong/4801/2014": {
    "H3N2 A/Sydney/5/1997": {
      "H3N2 A/Hong Kong/1/1968": 0.16312269866466522,
      "H3N2 A/New York/55/2004": 0.7191217541694641,
      "H3N2 A/Texas/50/2012": 0.26609036326408386,
      "H3N2 A/Texas/1/1977": 1.0
    },
    "H3N2 A/Hong Kong/1/1968": {
      "H3N2 A/Sydney/5/1997": 0.21920284628868103,
      "H3N2 A/New York/55/2004": 0.1130797490477562,
      "H3N2 A/Texas/50/2012": 1.0,
      "H3N2 A/Texas/1/1977": 0.2142481952905655
    },
    "H3N2 A/New York/55/2004": {
      "H3N2 A/Sydney/5/1997": 0.46220025420188904,
      "H3N2 A/Texas/50/2012": 1.0
    },
    "H3N2 A/Texas/50/2012": {
      "H3N2 A/Sydney/5/1997": 0.3044441342353821,
      "H3N2 A/Hong Kong/1/1968": 0.29768720269203186,
      "H3N2 A/New York/55/2004": 1.0,
      "H3N2 A/Texas/1/1977": 0.40283942222595215
    },
    "H3N2 A/Texas/1/1977": {
      "H3N2 A/Sydney/5/1997": 1.0,
      "H3N2 A/Texas/50/2012": 0.13065733015537262
    }
  },
  "H3N2 A/Hong Kong/1/1968": {
    "H3N2 A/Sydney/5/1997": {
      "H3N2 A/New York/55/2004": 0.6203168034553528,
      "H3N2 A/Texas/50/2012": 0.13781021535396576,
      "H3N2 A/Texas/1/1977": 1.0
    },
    "H3N2 A/Hong Kong/4801/2014": {
      "H3N2 A/Texas/50/2012": 1.0,
      "H3N2 A/Texas/1/1977": 0.31093645095825195
    },
    "H3N2 A/New York/55/2004": {
      "H3N2 A/Sydney/5/1997": 0.4832041561603546,
      "H3N2 A/Texas/50/2012": 1.0
    },
    "H3N2 A/Texas/50/2012": {
      "H3N2 A/Hong Kong/4801/2014": 1.0,
      "H3N2 A/New York/55/2004": 0.1643247902393341
    },
    "H3N2 A/Texas/1/1977": {
      "H3N2 A/Sydney/5/1997": 1.0,
      "H3N2 A/Hong Kong/4801/2014": 0.8220815062522888
    }
  },
  "H3N2 A/New York/55/2004": {
    "H3N2 A/Sydney/5/1997": {
      "H3N2 A/Hong Kong/1/1968": 0.1342083364725113,
      "H3N2 A/Texas/1/1977": 1.0
    },
    "H3N2 A/Hong Kong/4801/2014": {
      "H3N2 A/Texas/50/2012": 1.0,
      "H3N2 A/Texas/1/1977": 0.388791024684906
    },
    "H3N2 A/Hong Kong/1/1968": {
      "H3N2 A/Sydney/5/1997": 0.32589659094810486,
      "H3N2 A/Hong Kong/4801/2014": 1.0,
      "H3N2 A/Texas/50/2012": 0.2197374701499939
    },
    "H3N2 A/Texas/50/2012": {
      "H3N2 A/Hong Kong/4801/2014": 1.0
    },
    "H3N2 A/Texas/1/1977": {
      "H3N2 A/Sydney/5/1997": 1.0,
      "H3N2 A/Hong Kong/4801/2014": 0.6819295287132263
    }
  },
  "H3N2 A/Texas/50/2012": {
    "H3N2 A/Sydney/5/1997": {
      "H3N2 A/Hong Kong/1/1968": 0.15032681822776794,
      "H3N2 A/New York/55/2004": 0.41400882601737976,
      "H3N2 A/Texas/1/1977": 1.0
    },
    "H3N2 A/Hong Kong/4801/2014": {
      "H3N2 A/Hong Kong/1/1968": 0.20110449194908142,
      "H3N2 A/New York/55/2004": 0.2316829413175583,
      "H3N2 A/Texas/1/1977": 1.0
    },
    "H3N2 A/Hong Kong/1/1968": {
      "H3N2 A/Sydney/5/1997": 0.25054121017456055,
      "H3N2 A/Hong Kong/4801/2014": 1.0
    },
    "H3N2 A/New York/55/2004": {
      "H3N2 A/Sydney/5/1997": 0.8996531963348389,
      "H3N2 A/Hong Kong/4801/2014": 1.0
    },
    "H3N2 A/Texas/1/1977": {
      "H3N2 A/Sydney/5/1997": 1.0,
      "H3N2 A/Hong Kong/4801/2014": 0.6871706247329712
    }
  },
  "H3N2 A/Texas/1/1977": {
    "H3N2 A/Sydney/5/1997": {
      "H3N2 A/Hong Kong/1/1968": 0.2480696588754654,
      "H3N2 A/New York/55/2004": 1.0,
      "H3N2 A/Texas/50/2012": 0.42041850090026855
    },
    "H3N2 A/Hong Kong/4801/2014": {
      "H3N2 A/Texas/50/2012": 1.0
    },
    "H3N2 A/Hong Kong/1/1968": {
      "H3N2 A/Sydney/5/1997": 0.5273845791816711,
      "H3N2 A/Hong Kong/4801/2014": 1.0,
      "H3N2 A/Texas/50/2012": 0.41027915477752686
    },
    "H3N2 A/New York/55/2004": {
      "H3N2 A/Sydney/5/1997": 0.5698775053024292,
      "H3N2 A/Texas/50/2012": 1.0
    },
    "H3N2 A/Texas/50/2012": {
      "H3N2 A/Hong Kong/4801/2014": 1.0,
      "H3N2 A/New York/55/2004": 0.14975690841674805
    }
  }
}