{
  "H3N2 A/Beijing/353/1989": {
    "H3N2 A/Beijing/32/1992": {
      "H3N2 A/Hong Kong/4801/2014": 0.12441091984510422,
      "H3N2 A/Texas/50/2012": 0.11610079556703568,
      "H3N2 A/Sichuan/2/1987": 1.0,
      "H3N2 A/Wuhan/359/1995": 0.18411023914813995
    },
    "H3N2 A/Hong Kong/4801/2014": {
      "H3N2 A/Texas/50/2012": 1.0,
      "H3N2 A/Sichuan/2/1987": 0.10248978435993195
    },
    "H3N2 A/Hong Kong/1/1968": {
      "H3N2 A/Beijing/32/1992": 0.11727763712406158,
      "H3N2 A/Hong Kong/4801/2014": 0.4289965033531189,
      "H3N2 A/Bangkok/1/1979": 0.16922171413898468,
      "H3N2 A/Texas/1/1977": 1.0,
      "H3N2 A/Sichuan/2/1987": 0.7688537240028381,
      "H3N2 A/Wuhan/359/1995": 0.5020452737808228
    },
    "H3N2 A/Bangkok/1/1979": {
      "H3N2 A/Texas/1/1977": 1.0,
      "H3N2 A/Wuhan/359/1995": 0.10141879320144653
    },
    "H3N2 A/Texas/50/2012": {
      "H3N2 A/Hong Kong/4801/2014": 1.0,
      "H3N2 A/Sichuan/2/1987": 0.1226196140050888
    },
    "H3N2 A/Texas/1/1977": {
      "H3N2 A/Bangkok/1/1979": 1.0
    },
    "H3N2 A/Sichuan/2/1987": {
      "H3N2 A/Beijing/32/1992": 1.0,
      "H3N2 A/Hong Kong/4801/2014": 0.12470134347677231,
      "H3N2 A/Hong Kong/1/1968": 0.1692236363887787,
      "H3N2 A/Bangkok/1/1979": 0.17565980553627014,
      "H3N2 A/Texas/50/2012": 0.14482341706752777,
      "H3N2 A/Wuhan/359/1995": 0.21031250059604645
    },
    "H3N2 A/Wuhan/359/1995": {
      "H3N2 A/Beijing/32/1992": 0.5212423801422119,
      "H3N2 A/Bangkok/1/1979": 1.0,
      "H3N2 A/Texas/50/2012": 0.1424110382795334,
      "H3N2 A/Texas/1/1977": 0.4270175099372864,
      "H3N2 A/Sichuan/2/1987": 0.493306964635849
    }
  },
  "H3N2 A/Beijing/32/1992": {
    "H3N2 A/Beijing/353/1989": {
      "H3N2 A/Hong Kong/1/1968": 0.9709389805793762,
      "H3N2 A/Texas/1/1977": 0.1713024526834488,
      "H3N2 A/Sichuan/2/1987": 1.0
    },
    "H3N2 A/Hong Kong/4801/2014": {
      "H3N2 A/Texas/50/2012": 1.0,
      "H3N2 A/Sichuan/2/1987": 0.11196145415306091
    },
    "H3N2 A/Hong Kong/1/1968": {
      "H3N2 A/Beijing/353/1989": 1.0
    },
    "H3N2 A/Bangkok/1/1979": {
      "H3N2 A/Texas/1/1977": 1.0,
      "H3N2 A/Wuhan/359/1995": 0.10199185460805893
    },
    "H3N2 A/Texas/50/2012": {
      "H3N2 A/Hong Kong/4801/2014": 1.0,
      "H3N2 A/Sichuan/2/1987": 0.1679082214832306
    },
    "H3N2 A/Texas/1/1977": {
      "H3N2 A/Bangkok/1/1979": 1.0
    },
    "H3N2 A/Sichuan/2/1987": {
      "H3N2 A/Beijing/353/1989": 1.0,
      "H3N2 A/Hong Kong/4801/2014": 0.18521519005298615,
      "H3N2 A/Bangkok/1/1979": 0.21969947218894958,
      "H3N2 A/Texas/50/2012": 0.2556988000869751,
      "H3N2 A/Texas/1/1977": 0.16957147419452667,
      "H3N2 A/Wuhan/359/1995": 0.3924182057380676
    },
    "H3N2 A/Wuhan/359/1995": {
      "H3N2 A/Bangkok/1/1979": 1.0,
      "H3N2 A/Texas/1/1977": 0.5973427891731262,
      "H3N2 A/Sichuan/2/1987": 0.8983845114707947
    }
  },
  "H3N2 A/Hong Kong/4801/2014": {
    "H3N2 A/Beijing/353/1989": {
      "H3N2 A/Beijing/32/1992": 0.5777637958526611,
      "H3N2 A/Hong Kong/1/1968": 1.0,
      "H3N2 A/Texas/1/1977": 0.24067674577236176,
      "H3N2 A/Sichuan/2/1987": 0.6543351411819458
    },
    "H3N2 A/Beijing/32/1992": {
      "H3N2 A/Beijing/353/1989": 0.7100354433059692,
      "H3N2 A/Texas/50/2012": 0.2845005989074707,
      "H3N2 A/Sichuan/2/1987": 1.0,
      "H3N2 A/Wuhan/359/1995": 0.22665570676326752
    },
    "H3N2 A/Hong Kong/1/1968": {
      "H3N2 A/Beijing/353/1989": 1.0
    },
    "H3N2 A/Bangkok/1/1979": {
      "H3N2 A/Texas/1/1977": 1.0,
      "H3N2 A/Wuhan/359/1995": 0.10009992122650146
    },
    "H3N2 A/Texas/50/2012": {
      "H3N2 A/Beijing/32/1992": 0.5818455815315247,
      "H3N2 A/Sichuan/2/1987": 1.0
    },
    "H3N2 A/Texas/1/1977": {
      "H3N2 A/Beijing/353/1989": 0.10625850409269333,
      "H3N2 A/Bangkok/1/1979": 1.0
    },
    "H3N2 A/Sichuan/2/1987": {
      "H3N2 A/Beijing/353/1989": 0.6885808706283569,
      "H3N2 A/Beijing/32/1992": 1.0,
      "H3N2 A/Bangkok/1/1979": 0.2284669280052185,
      "H3N2 A/Texas/50/2012": 0.41490647196769714,
      "H3N2 A/Texas/1/1977": 0.11328676342964172,
      "H3N2 A/Wuhan/359/1995": 0.25443145632743835
    },
    "H3N2 A/Wuhan/359/1995": {
      "H3N2 A/Beijing/32/1992": 0.500079870223999,
      "H3N2 A/Bangkok/1/1979": 1.0,
      "H3N2 A/Texas/1/1977": 0.4612463116645813,
      "H3N2 A/Sichuan/2/1987": 0.41020992398262024
    }
  },
  "H3N2 A/Hong Kong/1/1968": {
    "H3N2 A/Beijing/353/1989": {
      "H3N2 A/Beijing/32/1992": 0.7181716561317444,
      "H3N2 A/Texas/1/1977": 0.3695219159126282,
      "H3N2 A/Sichuan/2/1987": 1.0
    },
    "H3N2 A/Beijing/32/1992": {
      "H3N2 A/Beijing/353/1989": 0.8077300190925598,
      "H3N2 A/Hong Kong/4801/2014": 0.176441952586174,
      "H3N2 A/Texas/50/2012": 0.13963103294372559,
      "H3N2 A/Sichuan/2/1987": 1.0,
      "H3N2 A/Wuhan/359/1995": 0.22613058984279633
    },
    "H3N2 A/Hong Kong/4801/2014": {
      "H3N2 A/Texas/50/2012": 1.0
    },
    "H3N2 A/Bangkok/1/1979": {
      "H3N2 A/Texas/1/1977": 1.0,
      "H3N2 A/Sichuan/2/1987": 0.11331991851329803
    },
    "H3N2 A/Texas/50/2012": {
      "H3N2 A/Hong Kong/4801/2014": 1.0,
      "H3N2 A/Sichuan/2/1987": 0.12272445112466812
    },
    "H3N2 A/Texas/1/1977": {
      "H3N2 A/Beijing/353/1989": 0.1248638853430748,
      "H3N2 A/Bangkok/1/1979": 1.0
    },
    "H3N2 A/Sichuan/2/1987": {
      "H3N2 A/Beijing/353/1989": 0.9047835469245911,
      "H3N2 A/Beijing/32/1992": 1.0,
      "H3N2 A/Hong Kong/4801/2014": 0.17780086398124695,
      "H3N2 A/Bangkok/1/1979": 0.3088911771774292,
      "H3N2 A/Texas/50/2012": 0.23144890367984772,
      "H3N2 A/Texas/1/1977": 0.1315544694662094,
      "H3N2 A/Wuhan/359/1995": 0.2546379864215851
    },
    "H3N2 A/Wuhan/359/1995": {
      "H3N2 A/Beijing/32/1992": 0.43501606583595276,
      "H3N2 A/Bangkok/1/1979": 1.0,
      "H3N2 A/Texas/1/1977": 0.580399751663208,
      "H3N2 A/Sichuan/2/1987": 0.395541787147522
    }
  },
  "H3N2 A/Bangkok/1/1979": {
    "H3N2 A/Beijing/353/1989": {
      "H3N2 A/Beijing/32/1992": 0.6006899476051331,
      "H3N2 A/Hong Kong/1/1968": 1.0,
      "H3N2 A/Texas/1/1977": 0.309292733669281,
      "H3N2 A/Sichuan/2/1987": 0.6034574508666992
    },
    "H3N2 A/Beijing/32/1992": {
      "H3N2 A/Beijing/353/1989": 0.7676002979278564,
      "H3N2 A/Hong Kong/4801/2014": 0.180790513753891,
      "H3N2 A/Texas/50/2012": 0.1353207379579544,
      "H3N2 A/Sichuan/2/1987": 1.0,
      "H3N2 A/Wuhan/359/1995": 0.2320052981376648
    },
    "H3N2 A/Hong Kong/4801/2014": {
      "H3N2 A/Texas/50/2012": 1.0
    },
    "H3N2 A/Hong Kong/1/1968": {
      "H3N2 A/Beijing/353/1989": 1.0,
      "H3N2 A/Sichuan/2/1987": 0.10983052849769592
    },
    "H3N2 A/Texas/50/2012": {
      "H3N2 A/Hong Kong/4801/2014": 1.0,
      "H3N2 A/Sichuan/2/1987": 0.1301860511302948
    },
    "H3N2 A/Texas/1/1977": {
      "H3N2 A/Beijing/353/1989": 1.0,
      "H3N2 A/Beijing/32/1992": 0.1959301382303238,
      "H3N2 A/Hong Kong/4801/2014": 0.10591982305049896,
      "H3N2 A/Texas/50/2012": 0.21243759989738464,
      "H3N2 A/Sichuan/2/1987": 0.8292190432548523,
      "H3N2 A/Wuhan/359/1995": 0.883256196975708
    },
    "H3N2 A/Sichuan/2/1987": {
      "H3N2 A/Beijing/353/1989": 0.6951225399971008,
      "H3N2 A/Beijing/32/1992": 1.0,
      "H3N2 A/Hong Kong/4801/2014": 0.14681145548820496,
      "H3N2 A/Texas/50/2012": 0.23848533630371094,
      "H3N2 A/Texas/1/1977": 0.2968558371067047,
      "H3N2 A/Wuhan/359/1995": 0.3352244794368744
    },
    "H3N2 A/Wuhan/359/1995": {
      "H3N2 A/Beijing/32/1992": 0.3177923262119293,
      "H3N2 A/Texas/50/2012": 0.18263423442840576,
      "H3N2 A/Texas/1/1977": 1.0,
      "H3N2 A/Sichuan/2/1987": 0.4018375873565674
    }
  },
  "H3N2 A/Texas/50/2012": {
    "H3N2 A/Beijing/353/1989": {
      "H3N2 A/Beijing/32/1992": 0.6071532964706421,
      "H3N2 A/Hong Kong/1/1968": 1.0,
      "H3N2 A/Texas/1/1977": 0.24648252129554749,