{
  "H3N2 A/Beijing/32/1992": {
    "H3N2 A/Sydney/5/1997": {
      "H3N2 A/Wyoming/3/2003": 1.0,
      "H3N2 A/New York/55/2004": 0.7688984274864197,
      "H3N2 A/Wuhan/359/1995": 0.4326038062572479
    },
    "H3N2 A/Wyoming/3/2003": {
      "H3N2 A/Sydney/5/1997": 1.0
    },
    "H3N2 A/New York/55/2004": {
      "H3N2 A/Sydney/5/1997": 1.0
    },
    "H3N2 A/Wuhan/359/1995": {
      "H3N2 A/Sydney/5/1997": 1.0
    }
  },
  "H3N2 A/Sydney/5/1997": {
    "H3N2 A/Beijing/32/1992": {
      "H3N2 A/Wyoming/3/2003": 1.0,
      "H3N2 A/New York/55/2004": 0.22159263491630554,
      "H3N2 A/Wuhan/359/1995": 0.24471773207187653
    },
    "H3N2 A/Wyoming/3/2003": {
      "H3N2 A/Beijing/32/1992": 0.7219725847244263,
      "H3N2 A/New York/55/2004": 1.0,
      "H3N2 A/Wuhan/359/1995": 0.3112397789955139
    },
    "H3N2 A/New York/55/2004": {
      "H3N2 A/Wyoming/3/2003": 0.4780352711677551,
      "H3N2 A/Wuhan/359/1995": 1.0
    },
    "H3N2 A/Wuhan/359/1995": {
      "H3N2 A/Beijing/32/1992": 0.2858600914478302,
      "H3N2 A/Wyoming/3/2003": 1.0,
      "H3N2 A/New York/55/2004": 0.7832170128822327
    }
  },
  "H3N2 A/Wyoming/3/2003": {
    "H3N2 A/Beijing/32/1992": {
      "H3N2 A/Sydney/5/1997": 1.0
    },
    "H3N2 A/Sydney/5/1997": {
      "H3N2 A/Beijing/32/1992": 0.2194807529449463,
      "H3N2 A/New York/55/2004": 1.0,
      "H3N2 A/Wuhan/359/1995": 0.5065931677818298
    },
    "H3N2 A/New York/55/2004": {
      "H3N2 A/Sydney/5/1997": 1.0
    },
    "H3N2 A/Wuhan/359/1995": {
      "H3N2 A/Sydney/5/1997": 1.0
    }
  },
  "H3N2 A/New York/55/2004": {
    "H3N2 A/Beijing/32/1992": {
      "H3N2 A/Sydney/5/1997": 1.0,
      "H3N2 A/Wyoming/3/2003": 0.38559508323669434
    },
    "H3N2 A/Sydney/5/1997": {
      "H3N2 A/Beijing/32/1992": 0.12626226246356964,
      "H3N2 A/Wyoming/3/2003": 1.0,
      "H3N2 A/Wuhan/359/1995": 0.6721262335777283
    },
    "H3N2 A/Wyoming/3/2003": {
      "H3N2 A/Beijing/32/1992": 0.13128578662872314,
      "H3N2 A/Sydney/5/1997": 1.0
    },
    "H3N2 A/Wuhan/359/1995": {
      "H3N2 A/Sydney/5/1997": 1.0
    }
  },
  "H3N2 A/Wuhan/359/1995": {
    "H3N2 A/Beijing/32/1992": {
      "H3N2 A/Sydney/5/1997": 1.0,
      "H3N2 A/Wyoming/3/2003": 0.376238077878952
    },
    "H3N2 A/Sydney/5/1997": {
      "H3N2 A/Wyoming/3/2003": 1.0,
      "H3N2 A/New York/55/2004": 0.7450446486473083
    },
    "H3N2 A/Wyoming/3/2003": {
      "H3N2 A/Beijing/32/1992": 0.13429178297519684,
      "H3N2 A/Sydney/5/1997": 1.0
    },
    "H3N2 A/New York/55/2004": {
      "H3N2 A/Sydney/5/1997": 1.0
    }
  }
}