{
  "H3N2 A/Beijing/353/1989": {
    "H3N2 A/Beijing/32/1992": {
      "H3N2 A/Hong Kong/4801/2014": 0.1244111955165863,
      "H3N2 A/Texas/50/2012": 0.1160992980003357,
      "H3N2 A/Sichuan/2/1987": 1.0,
      "H3N2 A/Wuhan/359/1995": 0.18410630524158478
    },
    "H3N2 A/Hong Kong/4801/2014": {
      "H3N2 A/Texas/50/2012": 1.0,
      "H3N2 A/Sichuan/2/1987": 0.10248938947916031
    },
    "H3N2 A/Hong Kong/1/1968": {
      "H3N2 A/Beijing/32/1992": 0.11728402972221375,
      "H3N2 A/Hong Kong/4801/2014": 0.4289996922016144,
      "H3N2 A/Bangkok/1/1979": 0.16922400891780853,
      "H3N2 A/Texas/1/1977": 1.0,
      "H3N2 A/Sichuan/2/1987": 0.7688973546028137,
      "H3N2 A/Wuhan/359/1995": 0.5020409822463989
    },
    "H3N2 A/Bangkok/1/1979": {
      "H3N2 A/Texas/1/1977": 1.0,
      "H3N2 A/Wuhan/359/1995": 0.10141940414905548
    },
    "H3N2 A/Texas/50/2012": {
      "H3N2 A/Hong Kong/4801/2014": 1.0,
      "H3N2 A/Sichuan/2/1987": 0.12261789292097092
    },
    "H3N2 A/Texas/1/1977": {
      "H3N2 A/Bangkok/1/1979": 1.0
    },
    "H3N2 A/Sichuan/2/1987": {
      "H3N2 A/Beijing/32/1992": 1.0,
      "H3N2 A/Hong Kong/4801/2014": 0.12469707429409027,
      "H3N2 A/Hong Kong/1/1968": 0.16922076046466827,
      "H3N2 A/Bangkok/1/1979": 0.17565622925758362,
      "H3N2 A/Texas/50/2012": 0.14481711387634277,
      "H3N2 A/Wuhan/359/1995": 0.21031133830547333
    },
    "H3N2 A/Wuhan/359/1995": {
      "H3N2 A/Beijing/32/1992": 0.5212703347206116,
      "H3N2 A/Bangkok/1/1979": 1.0,
      "H3N2 A/Texas/50/2012": 0.14241331815719604,
      "H3N2 A/Texas/1/1977": 0.4270293414592743,
      "H3N2 A/Sichuan/2/1987": 0.4933277666568756
    }
  },
  "H3N2 A/Beijing/32/1992": {
    "H3N2 A/Beijing/353/1989": {
      "H3N2 A/Hong Kong/1/1968": 0.9709337949752808,
      "H3N2 A/Texas/1/1977": 0.1713014841079712,
      "H3N2 A/Sichuan/2/1987": 1.0
    },
    "H3N2 A/Hong Kong/4801/2014": {
      "H3N2 A/Texas/50/2012": 1.0,
      "H3N2 A/Sichuan/2/1987": 0.11195831745862961
    },
    "H3N2 A/Hong Kong/1/1968": {
      "H3N2 A/Beijing/353/1989": 1.0
    },
    "H3N2 A/Bangkok/1/1979": {
      "H3N2 A/Texas/1/1977": 1.0,
      "H3N2 A/Wuhan/359/1995": 0.10198984295129776
    },
    "H3N2 A/Texas/50/2012": {
      "H3N2 A/Hong Kong/4801/2014": 1.0,
      "H3N2 A/Sichuan/2/1987": 0.16790726780891418
    },
    "H3N2 A/Texas/1/1977": {
      "H3N2 A/Bangkok/1/1979": 1.0
    },
    "H3N2 A/Sichuan/2/1987": {
      "H3N2 A/Beijing/353/1989": 1.0,
      "H3N2 A/Hong Kong/4801/2014": 0.18521623313426971,
      "H3N2 A/Bangkok/1/1979": 0.21969929337501526,
      "H3N2 A/Texas/50/2012": 0.25570011138916016,
      "H3N2 A/Texas/1/1977": 0.16957080364227295,
      "H3N2 A/Wuhan/359/1995": 0.3924177587032318
    },
    "H3N2 A/Wuhan/359/1995": {
      "H3N2 A/Bangkok/1/1979": 1.0,
      "H3N2 A/Texas/1/1977": 0.5973470211029053,
      "H3N2 A/Sichuan/2/1987": 0.8983856439590454
    }
  },
  "H3N2 A/Hong Kong/4801/2014": {
    "H3N2 A/Beijing/353/1989": {
      "H3N2 A/Beijing/32/1992": 0.577742338180542,
      "H3N2 A/Hong Kong/1/1968": 1.0,
      "H3N2 A/Texas/1/1977": 0.24067172408103943,
      "H3N2 A/Sichuan/2/1987": 0.6543300747871399
    },
    "H3N2 A/Beijing/32/1992": {
      "H3N2 A/Beijing/353/1989": 0.71003258228302,
      "H3N2 A/Texas/50/2012": 0.28451135754585266,
      "H3N2 A/Sichuan/2/1987": 1.0,
      "H3N2 A/Wuhan/359/1995": 0.22665546834468842
    },
    "H3N2 A/Hong Kong/1/1968": {
      "H3N2 A/Beijing/353/1989": 1.0
    },
    "H3N2 A/Bangkok/1/1979": {
      "H3N2 A/Texas/1/1977": 1.0,
      "H3N2 A/Wuhan/359/1995": 0.10010029375553131
    },
    "H3N2 A/Texas/50/2012": {
      "H3N2 A/Beijing/32/1992": 0.5818455219268799,
      "H3N2 A/Sichuan/2/1987": 1.0
    },
    "H3N2 A/Texas/1/1977": {
      "H3N2 A/Beijing/353/1989": 0.10625801235437393,
      "H3N2 A/Bangkok/1/1979": 1.0
    },
    "H3N2 A/Sichuan/2/1987": {
      "H3N2 A/Beijing/353/1989": 0.6885850429534912,
      "H3N2 A/Beijing/32/1992": 1.0,
      "H3N2 A/Bangkok/1/1979": 0.22847110033035278,
      "H3N2 A/Texas/50/2012": 0.4149096608161926,
      "H3N2 A/Texas/1/1977": 0.1132856011390686,
      "H3N2 A/Wuhan/359/1995": 0.2544401288032532
    },
    "H3N2 A/Wuhan/359/1995": {
      "H3N2 A/Beijing/32/1992": 0.5000830888748169,
      "H3N2 A/Bangkok/1/1979": 1.0,
      "H3N2 A/Texas/1/1977": 0.4612515866756439,
      "H3N2 A/Sichuan/2/1987": 0.4102047085762024
    }
  },
  "H3N2 A/Hong Kong/1/1968": {
    "H3N2 A/Beijing/353/1989": {
      "H3N2 A/Beijing/32/1992": 0.7181743383407593,
      "H3N2 A/Texas/1/1977": 0.36951854825019836,
      "H3N2 A/Sichuan/2/1987": 1.0
    },
    "H3N2 A/Beijing/32/1992": {
      "H3N2 A/Beijing/353/1989": 0.8077543377876282,
      "H3N2 A/Hong Kong/4801/2014": 0.17645113170146942,
      "H3N2 A/Texas/50/2012": 0.1396295726299286,
      "H3N2 A/Sichuan/2/1987": 1.0,
      "H3N2 A/Wuhan/359/1995": 0.22613510489463806
    },
    "H3N2 A/Hong Kong/4801/2014": {
      "H3N2 A/Texas/50/2012": 1.0
    },
    "H3N2 A/Bangkok/1/1979": {
      "H3N2 A/Texas/1/1977": 1.0,
      "H3N2 A/Sichuan/2/1987": 0.11331925541162491
    },
    "H3N2 A/Texas/50/2012": {
      "H3N2 A/Hong Kong/4801/2014": 1.0,
      "H3N2 A/Sichuan/2/1987": 0.12272574007511139
    },
    "H3N2 A/Texas/1/1977": {
      "H3N2 A/Beijing/353/1989": 0.1248626559972763,
      "H3N2 A/Bangkok/1/1979": 1.0
    },
    "H3N2 A/Sichuan/2/1987": {
      "H3N2 A/Beijing/353/1989": 0.9048097133636475,
      "H3N2 A/Beijing/32/1992": 1.0,
      "H3N2 A/Hong Kong/4801/2014": 0.17780350148677826,
      "H3N2 A/Bangkok/1/1979": 0.30888882279396057,
      "H3N2 A/Texas/50/2012": 0.23145052790641785,
      "H3N2 A/Texas/1/1977": 0.13154952228069305,
      "H3N2 A/Wuhan/359/1995": 0.2546330690383911
    },
    "H3N2 A/Wuhan/359/1995": {
      "H3N2 A/Beijing/32/1992": 0.4350148141384125,
      "H3N2 A/Bangkok/1/1979": 1.0,
      "H3N2 A/Texas/1/1977": 0.5804056525230408,
      "H3N2 A/Sichuan/2/1987": 0.39553359150886536
    }
  },
  "H3N2 A/Bangkok/1/1979": {
    "H3N2 A/Beijing/353/1989": {
      "H3N2 A/Beijing/32/1992": 0.6006739735603333,
      "H3N2 A/Hong Kong/1/1968": 1.0,
      "H3N2 A/Texas/1/1977": 0.30929189920425415,
      "H3N2 A/Sichuan/2/1987": 0.6034590005874634
    },
    "H3N2 A/Beijing/32/1992": {
      "H3N2 A/Beijing/353/1989": 0.7675997018814087,
      "H3N2 A/Hong Kong/4801/2014": 0.18079380691051483,
      "H3N2 A/Texas/50/2012": 0.13532480597496033,
      "H3N2 A/Sichuan/2/1987": 1.0,
      "H3N2 A/Wuhan/359/1995": 0.23200492560863495
    },
    "H3N2 A/Hong Kong/4801/2014": {
      "H3N2 A/Texas/50/2012": 1.0
    },
    "H3N2 A/Hong Kong/1/1968": {
      "H3N2 A/Beijing/353/1989": 1.0,
      "H3N2 A/Sichuan/2/1987": 0.10983490943908691
    },
    "H3N2 A/Texas/50/2012": {
      "H3N2 A/Hong Kong/4801/2014": 1.0,
      "H3N2 A/Sichuan/2/1987": 0.13018499314785004
    },
    "H3N2 A/Texas/1/1977": {
      "H3N2 A/Beijing/353/1989": 1.0,
      "H3N2 A/Beijing/32/1992": 0.19592063128948212,
      "H3N2 A/Hong Kong/4801/2014": 0.10591261088848114,
      "H3N2 A/Texas/50/2012": 0.21244622766971588,
      "H3N2 A/Sichuan/2/1987": 0.8291987180709839,
      "H3N2 A/Wuhan/359/1995": 0.8832366466522217
    },
    "H3N2 A/Sichuan/2/1987": {
      "H3N2 A/Beijing/353/1989": 0.6951418519020081,
      "H3N2 A/Beijing/32/1992": 1.0,
      "H3N2 A/Hong Kong/4801/2014": 0.1468096524477005,
      "H3N2 A/Texas/50/2012": 0.23848284780979156,
      "H3N2 A/Texas/1/1977": 0.29686349630355835,
      "H3N2 A/Wuhan/359/1995": 0.3352297246456146
    },
    "H3N2 A/Wuhan/359/1995": {
      "H3N2 A/Beijing/32/1992": 0.3177860379219055,
      "H3N2 A/Texas/50/2012": 0.18263274431228638,
      "H3N2 A/Texas/1/1977": 1.0,
      "H3N2 A/Sichuan/2/1987": 0.4018295407295227
    }
  },
  "H3N2 A/Texas/50/2012": {
    "H3N2 A/Beijing/353/1989": {
      "H3N2 A/Beijing/32/1992": 0.6071450114250183,
      "H3N2 A/Hong Kong/1/1968": 1.0,
      "H3N2 A/Texas/1/1977": 0.24648486077785492,