{
  "H3N2 A/Beijing/32/1992": {
    "H3N2 A/Sydney/5/1997": {
      "H3N2 A/Wyoming/3/2003": 1.0
    },
    "H3N2 A/Wyoming/3/2003": {
      "H3N2 A/Sydney/5/1997": 1.0,
      "H3N2 A/New York/55/2004": 0.24361927807331085
    },
    "H3N2 A/New York/55/2004": {
      "H3N2 A/Sydney/5/1997": 0.18149863183498383,
      "H3N2 A/Wyoming/3/2003": 1.0
    },
    "H3N2 A/Wuhan/359/1995": {
      "H3N2 A/Sydney/5/1997": 0.16300182044506073,
      "H3N2 A/New York/55/2004": 1.0
    }
  },
  "H3N2 A/Sydney/5/1997": {
    "H3N2 A/Beijing/32/1992": {
      "H3N2 A/Wyoming/3/2003": 0.3106471002101898,
      "H3N2 A/New York/55/2004": 1.0,
      "H3N2 A/Wuhan/359/1995": 0.4072462320327759
    },
    "H3N2 A/Wyoming/3/2003": {
      "H3N2 A/New York/55/2004": 1.0
    },
    "H3N2 A/New York/55/2004": {
      "H3N2 A/Beijing/32/1992": 0.38504230976104736,
      "H3N2 A/Wyoming/3/2003": 1.0
    },
    "H3N2 A/Wuhan/359/1995": {
      "H3N2 A/Beijing/32/1992": 1.0,
      "H3N2 A/Wyoming/3/2003": 0.3098706007003784,
      "H3N2 A/New York/55/2004": 0.46676772832870483
    }
  },
  "H3N2 A/Wyoming/3/2003": {
    "H3N2 A/Beijing/32/1992": {
      "H3N2 A/Sydney/5/1997": 0.47784891724586487,
      "H3N2 A/New York/55/2004": 1.0,
      "H3N2 A/Wuhan/359/1995": 0.401995986700058
    },
    "H3N2 A/Sydney/5/1997": {
      "H3N2 A/Beijing/32/1992": 0.47097715735435486,
      "H3N2 A/New York/55/2004": 1.0
    },
    "H3N2 A/New York/55/2004": {
      "H3N2 A/Beijing/32/1992": 0.8828301429748535,
      "H3N2 A/Sydney/5/1997": 1.0
    },
    "H3N2 A/Wuhan/359/1995": {
      "H3N2 A/Beijing/32/1992": 1.0,
      "H3N2 A/Sydney/5/1997": 0.1697443276643753,
      "H3N2 A/New York/55/2004": 0.28439709544181824
    }
  },
  "H3N2 A/New York/55/2004": {
    "H3N2 A/Beijing/32/1992": {
      "H3N2 A/Sydney/5/1997": 1.0,
      "H3N2 A/Wyoming/3/2003": 0.6206030249595642,
      "H3N2 A/Wuhan/359/1995": 0.4383459985256195
    },
    "H3N2 A/Sydney/5/1997": {
      "H3N2 A/Wyoming/3/2003": 1.0
    },
    "H3N2 A/Wyoming/3/2003": {
      "H3N2 A/Sydney/5/1997": 1.0
    },
    "H3N2 A/Wuhan/359/1995": {
      "H3N2 A/Beijing/32/1992": 1.0
    }
  },
  "H3N2 A/Wuhan/359/1995": {
    "H3N2 A/Beijing/32/1992": {
      "H3N2 A/Sydney/5/1997": 0.39446723461151123,
      "H3N2 A/New York/55/2004": 1.0
    },
    "H3N2 A/Sydney/5/1997": {
      "H3N2 A/Wyoming/3/2003": 1.0
    },
    "H3N2 A/Wyoming/3/2003": {
      "H3N2 A/Sydney/5/1997": 1.0,
      "H3N2 A/New York/55/2004": 0.1721317619085312
    },
    "H3N2 A/New York/55/2004": {
      "H3N2 A/Beijing/32/1992": 0.46264520287513733,
      "H3N2 A/Sydney/5/1997": 0.16413672268390656,
      "H3N2 A/Wyoming/3/2003": 1.0
    }
  }
}