{
  "H3N2 A/Beijing/353/1989": {
    "H3N2 A/Beijing/32/1992": {
      "H3N2 A/Hong Kong/1/1968": 0.3657918870449066,
      "H3N2 A/Texas/50/2012": 0.3372667729854584,
      "H3N2 A/Texas/1/1977": 0.3015836477279663,
      "H3N2 A/Wuhan/359/1995": 1.0
    },
    "H3N2 A/Hong Kong/4801/2014": {
      "H3N2 A/Texas/50/2012": 1.0,
      "H3N2 A/Texas/1/1977": 0.3907395005226135
    },
    "H3N2 A/Hong Kong/1/1968": {
      "H3N2 A/Beijing/32/1992": 0.25584545731544495,
      "H3N2 A/Hong Kong/4801/2014": 1.0,
      "H3N2 A/Texas/50/2012": 0.9675904512405396,
      "H3N2 A/Texas/1/1977": 0.7985016107559204,
      "H3N2 A/Sichuan/2/1987": 0.14553481340408325
    },
    "H3N2 A/Bangkok/1/1979": {
      "H3N2 A/Texas/1/1977": 1.0,
      "H3N2 A/Sichuan/2/1987": 0.39512357115745544
    },
    "H3N2 A/Texas/50/2012": {
      "H3N2 A/Hong Kong/4801/2014": 1.0
    },
    "H3N2 A/Texas/1/1977": {
      "H3N2 A/Hong Kong/4801/2014": 0.43927016854286194,
      "H3N2 A/Bangkok/1/1979": 1.0,
      "H3N2 A/Texas/50/2012": 0.12638263404369354,
      "H3N2 A/Sichuan/2/1987": 0.2283077985048294
    },
    "H3N2 A/Sichuan/2/1987": {
      "H3N2 A/Hong Kong/4801/2014": 0.16059041023254395,
      "H3N2 A/Bangkok/1/1979": 1.0,
      "H3N2 A/Texas/50/2012": 0.22865206003189087,
      "H3N2 A/Texas/1/1977": 0.7754037976264954,
      "H3N2 A/Wuhan/359/1995": 0.17638857662677765
    },
    "H3N2 A/Wuhan/359/1995": {
      "H3N2 A/Beijing/32/1992": 0.17908141016960144,
      "H3N2 A/Texas/50/2012": 1.0
    }
  },
  "H3N2 A/Beijing/32/1992": {
    "H3N2 A/Beijing/353/1989": {
      "H3N2 A/Hong Kong/1/1968": 0.7814381718635559,
      "H3N2 A/Texas/50/2012": 1.0
    },
    "H3N2 A/Hong Kong/4801/2014": {
      "H3N2 A/Texas/50/2012": 1.0,
      "H3N2 A/Texas/1/1977": 0.3955079913139343
    },
    "H3N2 A/Hong Kong/1/1968": {
      "H3N2 A/Beijing/353/1989": 1.0,
      "H3N2 A/Hong Kong/4801/2014": 0.9114147424697876,
      "H3N2 A/Texas/50/2012": 0.5806284546852112,
      "H3N2 A/Texas/1/1977": 0.7366437315940857,
      "H3N2 A/Sichuan/2/1987": 0.14397665858268738
    },
    "H3N2 A/Bangkok/1/1979": {
      "H3N2 A/Texas/1/1977": 1.0,
      "H3N2 A/Sichuan/2/1987": 0.3938137888908386
    },
    "H3N2 A/Texas/50/2012": {
      "H3N2 A/Hong Kong/4801/2014": 1.0
    },
    "H3N2 A/Texas/1/1977": {
      "H3N2 A/Hong Kong/4801/2014": 0.43669259548187256,
      "H3N2 A/Bangkok/1/1979": 1.0,
      "H3N2 A/Texas/50/2012": 0.1262904703617096,
      "H3N2 A/Sichuan/2/1987": 0.2263057827949524
    },
    "H3N2 A/Sichuan/2/1987": {
      "H3N2 A/Hong Kong/4801/2014": 0.15844258666038513,
      "H3N2 A/Bangkok/1/1979": 1.0,
      "H3N2 A/Texas/50/2012": 0.23955893516540527,
      "H3N2 A/Texas/1/1977": 0.7733626961708069,
      "H3N2 A/Wuhan/359/1995": 0.17874641716480255
    },
    "H3N2 A/Wuhan/359/1995": {
      "H3N2 A/Texas/50/2012": 1.0
    }
  },
  "H3N2 A/Hong Kong/4801/2014": {
    "H3N2 A/Beijing/353/1989": {
      "H3N2 A/Hong Kong/1/1968": 0.756649374961853,
      "H3N2 A/Texas/50/2012": 1.0
    },
    "H3N2 A/Beijing/32/1992": {
      "H3N2 A/Beijing/353/1989": 0.13017317652702332,
      "H3N2 A/Hong Kong/1/1968": 0.3493378758430481,
      "H3N2 A/Texas/50/2012": 0.13378912210464478,
      "H3N2 A/Texas/1/1977": 0.466236412525177,
      "H3N2 A/Wuhan/359/1995": 1.0
    },
    "H3N2 A/Hong Kong/1/1968": {
      "H3N2 A/Beijing/353/1989": 0.6405639052391052,
      "H3N2 A/Beijing/32/1992": 0.19186167418956757,
      "H3N2 A/Texas/50/2012": 1.0,
      "H3N2 A/Texas/1/1977": 0.7575365304946899,
      "H3N2 A/Sichuan/2/1987": 0.1531929224729538
    },
    "H3N2 A/Bangkok/1/1979": {
      "H3N2 A/Texas/1/1977": 1.0,
      "H3N2 A/Sichuan/2/1987": 0.39869388937950134
    },
    "H3N2 A/Texas/50/2012": {
      "H3N2 A/Beijing/32/1992": 0.2153254747390747,
      "H3N2 A/Hong Kong/1/1968": 0.9138388633728027,
      "H3N2 A/Texas/1/1977": 0.1948549598455429,
      "H3N2 A/Sichuan/2/1987": 0.1970278024673462,
      "H3N2 A/Wuhan/359/1995": 1.0
    },
    "H3N2 A/Texas/1/1977": {
      "H3N2 A/Hong Kong/1/1968": 0.13923782110214233,
      "H3N2 A/Bangkok/1/1979": 1.0,
      "H3N2 A/Sichuan/2/1987": 0.17011815309524536
    },
    "H3N2 A/Sichuan/2/1987": {
      "H3N2 A/Bangkok/1/1979": 1.0,
      "H3N2 A/Texas/1/1977": 0.5835058689117432,
      "H3N2 A/Wuhan/359/1995": 0.19032025337219238
    },
    "H3N2 A/Wuhan/359/1995": {
      "H3N2 A/Beijing/32/1992": 0.22295422852039337,
      "H3N2 A/Texas/50/2012": 1.0,
      "H3N2 A/Sichuan/2/1987": 0.11977462470531464
    }
  },
  "H3N2 A/Hong Kong/1/1968": {
    "H3N2 A/Beijing/353/1989": {
      "H3N2 A/Texas/50/2012": 1.0
    },
    "H3N2 A/Beijing/32/1992": {
      "H3N2 A/Beijing/353/1989": 0.13611915707588196,
      "H3N2 A/Texas/50/2012": 0.29924070835113525,
      "H3N2 A/Texas/1/1977": 0.3840327858924866,
      "H3N2 A/Wuhan/359/1995": 1.0
    },
    "H3N2 A/Hong Kong/4801/2014": {
      "H3N2 A/Texas/50/2012": 1.0,
      "H3N2 A/Texas/1/1977": 0.39429935812950134
    },
    "H3N2 A/Bangkok/1/1979": {
      "H3N2 A/Texas/1/1977": 1.0,
      "H3N2 A/Sichuan/2/1987": 0.3936891555786133
    },
    "H3N2 A/Texas/50/2012": {
      "H3N2 A/Hong Kong/4801/2014": 1.0
    },
    "H3N2 A/Texas/1/1977": {
      "H3N2 A/Hong Kong/4801/2014": 0.43886467814445496,
      "H3N2 A/Bangkok/1/1979": 1.0,
      "H3N2 A/Texas/50/2012": 0.1180114820599556,
      "H3N2 A/Sichuan/2/1987": 0.21536357700824738
    },
    "H3N2 A/Sichuan/2/1987": {
      "H3N2 A/Hong Kong/4801/2014": 0.1684236079454422,
      "H3N2 A/Bangkok/1/1979": 1.0,
      "H3N2 A/Texas/50/2012": 0.23619234561920166,
      "H3N2 A/Texas/1/1977": 0.7613928914070129,
      "H3N2 A/Wuhan/359/1995": 0.18047593533992767
    },
    "H3N2 A/Wuhan/359/1995": {
      "H3N2 A/Beijing/32/1992": 0.17731992900371552,
      "H3N2 A/Texas/50/2012": 1.0
    }
  },
  "H3N2 A/Bangkok/1/1979": {
    "H3N2 A/Beijing/353/1989": {
      "H3N2 A/Hong Kong/1/1968": 0.7500459551811218,
      "H3N2 A/Texas/50/2012": 1.0
    },
    "H3N2 A/Beijing/32/1992": {
      "H3N2 A/Hong Kong/1/1968": 0.33404380083084106,
      "H3N2 A/Texas/50/2012": 0.33834853768348694,
      "H3N2 A/Texas/1/1977": 0.22568805515766144,
      "H3N2 A/Wuhan/359/1995": 1.0
    },
    "H3N2 A/Hong Kong/4801/2014": {
      "H3N2 A/Texas/50/2012": 1.0,
      "H3N2 A/Texas/1/1977": 0.38478150963783264
    },
    "H3N2 A/Hong Kong/1/1968": {
      "H3N2 A/Beijing/353/1989": 0.8630014657974243,
      "H3N2 A/Beijing/32/1992": 0.21737371385097504,
      "H3N2 A/Hong Kong/4801/2014": 1.0,
      "H3N2 A/Texas/50/2012": 0.5181444883346558,
      "H3N2 A/Texas/1/1977": 0.7388167977333069,
      "H3N2 A/Sichuan/2/1987": 0.14029979705810547
    },
    "H3N2 A/Texas/50/2012": {
      "H3N2 A/Hong Kong/4801/2014": 1.0
    },
    "H3N2 A/Texas/1/1977": {
      "H3N2 A/Hong Kong/4801/2014": 1.0,
      "H3N2 A/Hong Kong/1/1968": 0.25395894050598145,
      "H3N2 A/Texas/50/2012": 0.3775017261505127,
      "H3N2 A/Sichuan/2/1987": 0.8418481349945068,
      "H3N2 A/Wuhan/359/1995": 0.2814866006374359
    },
    "H3N2 A/Sichuan/2/1987": {
      "H3N2 A/Hong Kong/4801/2014": 0.11338166147470474,
      "H3N2 A/Texas/50/2012": 0.13569378852844238,
      "H3N2 A/Texas/1/1977": 1.0,
      "H3N2 A/Wuhan/359/1995": 0.12570999562740326
    },
    "H3N2 A/Wuhan/359/1995": {
      "H3N2 A/Beijing/32/1992": 0.17447152733802795,
      "H3N2 A/Texas/50/2012": 1.0
    }
  },
  "H3N2 A/Texas/50/2012": {
    "H3N2 A/Beijing/353/1989": {
      "H3N2 A/Hong Kong/1/1968": 1.0
    },
    "H3N2 A/Beijing/32/1992": {
      "H3N2 A/Hong Kong/1/1968": 0.3184448182582855,
      "H3N2 A/Texas/1/1977": 0.41748204827308655,
      "H3N2 A/Sichuan/2/1987": 0.10348733514547348,
      "H3N2 A/Wuhan/359/1995": 1.0
    },
    "H3N2 A/Hong Kong/4801/2014": {
      "H3N2 A/Hong Kong/1/1968": 0.3262454569339752,
      "H3N2 A/Texas/1/1977": 1.0,
      "H3N2 A/Wuhan/359/1995": 0.1159634217619896
    },
    "H3N2 A/Hong Kong/1/1968": {
      "H3N2 A/Beijing/353/1989": 0.623228132724762,