{
  "H3N2 A/Sydney/5/1997": {
    "H3N2 A/Hong Kong/4801/2014": {
      "H3N2 A/New York/55/2004": 0.27612730860710144,
      "H3N2 A/Texas/50/2012": 1.0
    },
    "H3N2 A/Hong Kong/1/1968": {
      "H3N2 A/Hong Kong/4801/2014": 0.5721805691719055,
      "H3N2 A/New York/55/2004": 0.4144536554813385,
      "H3N2 A/Texas/1/1977": 1.0
    },
    "H3N2 A/New York/55/2004": {
      "H3N2 A/Hong Kong/4801/2014": 0.5368964076042175,
      "H3N2 A/Hong Kong/1/1968": 0.27854910492897034,
      "H3N2 A/Texas/50/2012": 1.0
    },
    "H3N2 A/Texas/50/2012": {
      "H3N2 A/Hong Kong/4801/2014": 1.0,
      "H3N2 A/New York/55/2004": 0.4998319745063782
    },
    "H3N2 A/Texas/1/1977": {
      "H3N2 A/Hong Kong/4801/2014": 0.6406247615814209,
      "H3N2 A/Hong Kong/1/1968": 1.0,
      "H3N2 A/Texas/50/2012": 0.5209691524505615
    }
  },
  "H3N2 A/Hong Kong/4801/2014": {
    "H3N2 A/Sydney/5/1997": {
      "H3N2 A/New York/55/2004": 1.0
    },
    "H3N2 A/Hong Kong/1/1968": {
      "H3N2 A/Sydney/5/1997": 0.2309834212064743,
      "H3N2 A/New York/55/2004": 0.21750639379024506,
      "H3N2 A/Texas/50/2012": 0.4993566572666168,
      "H3N2 A/Texas/1/1977": 1.0
    },
    "H3N2 A/New York/55/2004": {
      "H3N2 A/Sydney/5/1997": 0.45354169607162476,
      "H3N2 A/Texas/50/2012": 1.0
    },
    "H3N2 A/Texas/50/2012": {
      "H3N2 A/New York/55/2004": 1.0
    },
    "H3N2 A/Texas/1/1977": {
      "H3N2 A/Sydney/5/1997": 1.0,
      "H3N2 A/Hong Kong/1/1968": 0.43065309524536133
    }
  },
  "H3N2 A/Hong Kong/1/1968": {
    "H3N2 A/Sydney/5/1997": {
      "H3N2 A/New York/55/2004": 1.0
    },
    "H3N2 A/Hong Kong/4801/2014": {
      "H3N2 A/New York/55/2004": 0.1463523656129837,
      "H3N2 A/Texas/50/2012": 1.0
    },
    "H3N2 A/New York/55/2004": {
      "H3N2 A/Sydney/5/1997": 0.7754670977592468,
      "H3N2 A/Hong Kong/4801/2014": 0.22753657400608063,
      "H3N2 A/Texas/50/2012": 1.0
    },
    "H3N2 A/Texas/50/2012": {
      "H3N2 A/Hong Kong/4801/2014": 1.0,
      "H3N2 A/New York/55/2004": 0.507548451423645
    },
    "H3N2 A/Texas/1/1977": {
      "H3N2 A/Sydney/5/1997": 1.0,
      "H3N2 A/New York/55/2004": 0.23798981308937073,
      "H3N2 A/Texas/50/2012": 0.1432429999113083
    }
  },
  "H3N2 A/New York/55/2004": {
    "H3N2 A/Sydney/5/1997": {
      "H3N2 A/Hong Kong/4801/2014": 0.2788599729537964,
      "H3N2 A/Hong Kong/1/1968": 1.0,
      "H3N2 A/Texas/50/2012": 0.17895513772964478
    },
    "H3N2 A/Hong Kong/4801/2014": {
      "H3N2 A/Texas/50/2012": 1.0
    },
    "H3N2 A/Hong Kong/1/1968": {
      "H3N2 A/Hong Kong/4801/2014": 0.1779666692018509,
      "H3N2 A/Texas/1/1977": 1.0
    },
    "H3N2 A/Texas/50/2012": {
      "H3N2 A/Hong Kong/4801/2014": 1.0
    },
    "H3N2 A/Texas/1/1977": {
      "H3N2 A/Sydney/5/1997": 1.0,
      "H3N2 A/Hong Kong/1/1968": 0.2350362241268158,
      "H3N2 A/Texas/50/2012": 0.12321152538061142
    }
  },
  "H3N2 A/Texas/50/2012": {
    "H3N2 A/Sydney/5/1997": {
      "H3N2 A/New York/55/2004": 1.0
    },
    "H3N2 A/Hong Kong/4801/2014": {
      "H3N2 A/Hong Kong/1/1968": 0.16766387224197388,
      "H3N2 A/New York/55/2004": 1.0
    },
    "H3N2 A/Hong Kong/1/1968": {
      "H3N2 A/Hong Kong/4801/2014": 0.3034721612930298,
      "H3N2 A/New York/55/2004": 0.11921665817499161,
      "H3N2 A/Texas/1/1977": 1.0
    },
    "H3N2 A/New York/55/2004": {
      "H3N2 A/Sydney/5/1997": 0.8209884166717529,
      "H3N2 A/Hong Kong/4801/2014": 1.0,
      "H3N2 A/Hong Kong/1/1968": 0.1478368490934372
    },
    "H3N2 A/Texas/1/1977": {
      "H3N2 A/Sydney/5/1997": 1.0,
      "H3N2 A/Hong Kong/1/1968": 0.29604798555374146,
      "H3N2 A/New York/55/2004": 0.2173341065645218
    }
  },
  "H3N2 A/Texas/1/1977": {
    "H3N2 A/Sydney/5/1997": {
      "H3N2 A/New York/55/2004": 1.0
    },
    "H3N2 A/Hong Kong/4801/2014": {
      "H3N2 A/New York/55/2004": 0.23662623763084412,
      "H3N2 A/Texas/50/2012": 1.0
    },
    "H3N2 A/Hong Kong/1/1968": {
      "H3N2 A/Hong Kong/4801/2014": 0.7390099763870239,
      "H3N2 A/New York/55/2004": 1.0,
      "H3N2 A/Texas/50/2012": 0.15312400460243225
    },
    "H3N2 A/New York/55/2004": {
      "H3N2 A/Sydney/5/1997": 0.7501908540725708,
      "H3N2 A/Hong Kong/4801/2014": 0.35862305760383606,
      "H3N2 A/Hong Kong/1/1968": 0.20634940266609192,
      "H3N2 A/Texas/50/2012": 1.0
    },
    "H3N2 A/Texas/50/2012": {
      "H3N2 A/Hong Kong/4801/2014": 1.0,
      "H3N2 A/New York/55/2004": 0.5229061841964722
    }
  }
}