{
  "H3N2 A/Beijing/353/1989": {
    "H3N2 A/Beijing/32/1992": {
      "H3N2 A/Sydney/5/1997": 1.0
    },
    "H3N2 A/Sydney/5/1997": {
      "H3N2 A/Beijing/32/1992": 0.5552104115486145,
      "H3N2 A/Bangkok/1/1979": 0.7623627185821533,
      "H3N2 A/Wuhan/359/1995": 1.0
    },
    "H3N2 A/Bangkok/1/1979": {
      "H3N2 A/Sydney/5/1997": 1.0
    },
    "H3N2 A/Texas/50/2012": {
      "H3N2 A/Beijing/32/1992": 0.25906187295913696,
      "H3N2 A/Sydney/5/1997": 0.441386342048645,
      "H3N2 A/Wuhan/359/1995": 1.0
    },
    "H3N2 A/Wuhan/359/1995": {
      "H3N2 A/Sydney/5/1997": 1.0
    }
  },
  "H3N2 A/Beijing/32/1992": {
    "H3N2 A/Beijing/353/1989": {
      "H3N2 A/Sydney/5/1997": 1.0,
      "H3N2 A/Texas/50/2012": 0.536866307258606,
      "H3N2 A/Wuhan/359/1995": 0.11988424509763718
    },
    "H3N2 A/Sydney/5/1997": {
      "H3N2 A/Beijing/353/1989": 0.8798462152481079,
      "H3N2 A/Bangkok/1/1979": 0.6925627589225769,
      "H3N2 A/Wuhan/359/1995": 1.0
    },
    "H3N2 A/Bangkok/1/1979": {
      "H3N2 A/Sydney/5/1997": 1.0
    },
    "H3N2 A/Texas/50/2012": {
      "H3N2 A/Sydney/5/1997": 0.2858380973339081,
      "H3N2 A/Wuhan/359/1995": 1.0
    },
    "H3N2 A/Wuhan/359/1995": {
      "H3N2 A/Sydney/5/1997": 1.0
    }
  },
  "H3N2 A/Sydney/5/1997": {
    "H3N2 A/Beijing/353/1989": {
      "H3N2 A/Texas/50/2012": 1.0
    },
    "H3N2 A/Beijing/32/1992": {
      "H3N2 A/Beijing/353/1989": 0.6084527969360352,
      "H3N2 A/Bangkok/1/1979": 0.11569705605506897,
      "H3N2 A/Wuhan/359/1995": 1.0
    },
    "H3N2 A/Bangkok/1/1979": {
      "H3N2 A/Texas/50/2012": 1.0,
      "H3N2 A/Wuhan/359/1995": 0.35781329870224
    },
    "H3N2 A/Texas/50/2012": {
      "H3N2 A/Beijing/353/1989": 0.24923676252365112,
      "H3N2 A/Beijing/32/1992": 0.1777057647705078,
      "H3N2 A/Wuhan/359/1995": 1.0
    },
    "H3N2 A/Wuhan/359/1995": {
      "H3N2 A/Beijing/32/1992": 0.25248411297798157,
      "H3N2 A/Bangkok/1/1979": 0.17940081655979156,
      "H3N2 A/Texas/50/2012": 1.0
    }
  },
  "H3N2 A/Bangkok/1/1979": {
    "H3N2 A/Beijing/353/1989": {
      "H3N2 A/Sydney/5/1997": 1.0,
      "H3N2 A/Texas/50/2012": 0.5881670117378235,
      "H3N2 A/Wuhan/359/1995": 0.13996146619319916
    },
    "H3N2 A/Beijing/32/1992": {
      "H3N2 A/Sydney/5/1997": 1.0
    },
    "H3N2 A/Sydney/5/1997": {
      "H3N2 A/Beijing/353/1989": 0.4211692214012146,
      "H3N2 A/Beijing/32/1992": 0.31140148639678955,
      "H3N2 A/Wuhan/359/1995": 1.0
    },
    "H3N2 A/Texas/50/2012": {
      "H3N2 A/Beijing/32/1992": 0.26612526178359985,
      "H3N2 A/Sydney/5/1997": 0.41332194209098816,
      "H3N2 A/Wuhan/359/1995": 1.0
    },
    "H3N2 A/Wuhan/359/1995": {
      "H3N2 A/Sydney/5/1997": 1.0
    }
  },
  "H3N2 A/Texas/50/2012": {
    "H3N2 A/Beijing/353/1989": {
      "H3N2 A/Sydney/5/1997": 1.0,
      "H3N2 A/Wuhan/359/1995": 0.12946997582912445
    },
    "H3N2 A/Beijing/32/1992": {
      "H3N2 A/Sydney/5/1997": 1.0
    },
    "H3N2 A/Sydney/5/1997": {
      "H3N2 A/Beijing/353/1989": 1.0,
      "H3N2 A/Beijing/32/1992": 0.36166590452194214,
      "H3N2 A/Bangkok/1/1979": 0.5185887217521667,
      "H3N2 A/Wuhan/359/1995": 0.37194857001304626
    },
    "H3N2 A/Bangkok/1/1979": {
      "H3N2 A/Sydney/5/1997": 1.0
    },
    "H3N2 A/Wuhan/359/1995": {
      "H3N2 A/Sydney/5/1997": 1.0
    }
  },
  "H3N2 A/Wuhan/359/1995": {
    "H3N2 A/Beijing/353/1989": {
      "H3N2 A/Sydney/5/1997": 1.0,
      "H3N2 A/Texas/50/2012": 0.6225087642669678
    },
    "H3N2 A/Beijing/32/1992": {
      "H3N2 A/Sydney/5/1997": 1.0
    },
    "H3N2 A/Sydney/5/1997": {
      "H3N2 A/Beijing/353/1989": 0.5239421129226685,
      "H3N2 A/Beijing/32/1992": 0.5123401880264282,
      "H3N2 A/Bangkok/1/1979": 1.0
    },
    "H3N2 A/Bangkok/1/1979": {
      "H3N2 A/Sydney/5/1997": 1.0
    },
    "H3N2 A/Texas/50/2012": {
      "H3N2 A/Beijing/353/1989": 0.6252812743186951,
      "H3N2 A/Beijing/32/1992": 1.0,
      "H3N2 A/Bangkok/1/1979": 0.1793164759874344
    }
  }
}