{
  "H3N2 A/Perth/16/2009": {
    "H3N2 A/Beijing/32/1992": {
      "H3N2 A/Panama/2007/1999": 0.7717287540435791,
      "H3N2 A/Sydney/5/1997": 0.46672722697257996,
      "H3N2 A/California/7/2004": 0.28052547574043274,
      "H3N2 A/Brisbane/10/2007": 0.6601639986038208,
      "H3N2 A/Fujian/411/2002": 0.24318552017211914,
      "H3N2 A/Wuhan/359/1995": 0.3997909128665924,
      "H3N2 A/Wisconsin/67/2005": 1.0
    },
    "H3N2 A/Panama/2007/1999": {
      "H3N2 A/Sydney/5/1997": 1.0,
      "H3N2 A/California/7/2004": 0.1758555769920349,
      "H3N2 A/Fujian/411/2002": 0.9101256132125854,
      "H3N2 A/Wuhan/359/1995": 0.23544183373451233,
      "H3N2 A/Wisconsin/67/2005": 0.17452864348888397
    },
    "H3N2 A/Sydney/5/1997": {
      "H3N2 A/Panama/2007/1999": 1.0,
      "H3N2 A/California/7/2004": 0.5017336010932922,
      "H3N2 A/Fujian/411/2002": 0.16726142168045044,
      "H3N2 A/Wuhan/359/1995": 0.23076117038726807
    },
    "H3N2 A/California/7/2004": {
      "H3N2 A/Panama/2007/1999": 0.14263221621513367,
      "H3N2 A/Brisbane/10/2007": 0.6239691376686096,
      "H3N2 A/Fujian/411/2002": 0.3055536150932312,
      "H3N2 A/Wisconsin/67/2005": 1.0
    },
    "H3N2 A/Brisbane/10/2007": {
      "H3N2 A/Beijing/32/1992": 0.114606574177742,
      "H3N2 A/California/7/2004": 0.5870741009712219,
      "H3N2 A/Wisconsin/67/2005": 1.0
    },
    "H3N2 A/Fujian/411/2002": {
      "H3N2 A/Panama/2007/1999": 1.0,
      "H3N2 A/Sydney/5/1997": 0.16465523838996887,
      "H3N2 A/California/7/2004": 0.437222421169281,
      "H3N2 A/Wuhan/359/1995": 0.12568804621696472
    },
    "H3N2 A/Wuhan/359/1995": {
      "H3N2 A/Beijing/32/1992": 0.12328680604696274,
      "H3N2 A/Panama/2007/1999": 1.0,
      "H3N2 A/Sydney/5/1997": 0.21413654088974,
      "H3N2 A/Fujian/411/2002": 0.4010009765625
    },
    "H3N2 A/Wisconsin/67/2005": {
      "H3N2 A/Beijing/32/1992": 0.15036916732788086,
      "H3N2 A/California/7/2004": 0.7752059102058411,
      "H3N2 A/Brisbane/10/2007": 1.0
    }
  },
  "H3N2 A/Beijing/32/1992": {
    "H3N2 A/Perth/16/2009": {
      "H3N2 A/Panama/2007/1999": 0.187910795211792,
      "H3N2 A/Sydney/5/1997": 0.1284119337797165,
      "H3N2 A/California/7/2004": 0.13815529644489288,
      "H3N2 A/Brisbane/10/2007": 0.3630821108818054,
      "H3N2 A/Wuhan/359/1995": 0.1405099481344223,
      "H3N2 A/Wisconsin/67/2005": 1.0
    },
    "H3N2 A/Panama/2007/1999": {
      "H3N2 A/Perth/16/2009": 0.22731530666351318,
      "H3N2 A/Sydney/5/1997": 0.9712011814117432,
      "H3N2 A/California/7/2004": 0.16608509421348572,
      "H3N2 A/Fujian/411/2002": 1.0,
      "H3N2 A/Wuhan/359/1995": 0.255856990814209
    },
    "H3N2 A/Sydney/5/1997": {
      "H3N2 A/Perth/16/2009": 0.13795079290866852,
      "H3N2 A/Panama/2007/1999": 1.0,
      "H3N2 A/California/7/2004": 0.42345884442329407,
      "H3N2 A/Fujian/411/2002": 0.18550623953342438,
      "H3N2 A/Wuhan/359/1995": 0.25206243991851807
    },
    "H3N2 A/California/7/2004": {
      "H3N2 A/Panama/2007/1999": 0.17748235166072845,
      "H3N2 A/Sydney/5/1997": 0.122166208922863,
      "H3N2 A/Brisbane/10/2007": 0.6639223694801331,
      "H3N2 A/Fujian/411/2002": 0.4324817955493927,
      "H3N2 A/Wisconsin/67/2005": 1.0
    },
    "H3N2 A/Brisbane/10/2007": {
      "H3N2 A/Perth/16/2009": 0.3623441457748413,
      "H3N2 A/California/7/2004": 0.6681724190711975,
      "H3N2 A/Wisconsin/67/2005": 1.0
    },
    "H3N2 A/Fujian/411/2002": {
      "H3N2 A/Panama/2007/1999": 1.0,
      "H3N2 A/Sydney/5/1997": 0.17086239159107208,
      "H3N2 A/California/7/2004": 0.45644697546958923,
      "H3N2 A/Wuhan/359/1995": 0.12950000166893005
    },
    "H3N2 A/Wuhan/359/1995": {
      "H3N2 A/Panama/2007/1999": 1.0,
      "H3N2 A/Sydney/5/1997": 0.2649305760860443,
      "H3N2 A/Fujian/411/2002": 0.4567439556121826
    },
    "H3N2 A/Wisconsin/67/2005": {
      "H3N2 A/Perth/16/2009": 0.9801297187805176,
      "H3N2 A/California/7/2004": 0.9126235246658325,
      "H3N2 A/Brisbane/10/2007": 1.0
    }
  },
  "H3N2 A/Panama/2007/1999": {
    "H3N2 A/Perth/16/2009": {
      "H3N2 A/Beijing/32/1992": 0.30289995670318604,
      "H3N2 A/Sydney/5/1997": 0.21165698766708374,
      "H3N2 A/California/7/2004": 0.15169517695903778,
      "H3N2 A/Brisbane/10/2007": 0.33846715092658997,
      "H3N2 A/Wuhan/359/1995": 0.14290408790111542,
      "H3N2 A/Wisconsin/67/2005": 1.0
    },
    "H3N2 A/Beijing/32/1992": {
      "H3N2 A/Perth/16/2009": 1.0,
      "H3N2 A/Sydney/5/1997": 0.29123449325561523,
      "H3N2 A/California/7/2004": 0.11646096408367157,
      "H3N2 A/Brisbane/10/2007": 0.2279358208179474,
      "H3N2 A/Fujian/411/2002": 0.2108519822359085,
      "H3N2 A/Wuhan/359/1995": 0.37152358889579773,
      "H3N2 A/Wisconsin/67/2005": 0.2881726026535034
    },
    "H3N2 A/Sydney/5/1997": {
      "H3N2 A/Perth/16/2009": 0.316923052072525,
      "H3N2 A/Beijing/32/1992": 0.13116927444934845,
      "H3N2 A/California/7/2004": 0.8112453818321228,
      "H3N2 A/Brisbane/10/2007": 0.12602576613426208,
      "H3N2 A/Fujian/411/2002": 1.0,
      "H3N2 A/Wuhan/359/1995": 0.43557411432266235
    },
    "H3N2 A/California/7/2004": {
      "H3N2 A/Sydney/5/1997": 0.2526121735572815,
      "H3N2 A/Brisbane/10/2007": 0.6370872259140015,
      "H3N2 A/Fujian/411/2002": 0.5828549265861511,
      "H3N2 A/Wisconsin/67/2005": 1.0
    },
    "H3N2 A/Brisbane/10/2007": {
      "H3N2 A/Perth/16/2009": 0.3317849636077881,
      "H3N2 A/Beijing/32/1992": 0.12883971631526947,
      "H3N2 A/California/7/2004": 0.6052475571632385,
      "H3N2 A/Wisconsin/67/2005": 1.0
    },
    "H3N2 A/Fujian/411/2002": {
      "H3N2 A/Sydney/5/1997": 0.9769230484962463,
      "H3N2 A/California/7/2004": 1.0,
      "H3N2 A/Wuhan/359/1995": 0.27862200140953064,
      "H3N2 A/Wisconsin/67/2005": 0.1369682252407074
    },
    "H3N2 A/Wuhan/359/1995": {
      "H3N2 A/Beijing/32/1992": 0.3167872428894043,
      "H3N2 A/Sydney/5/1997": 0.5288264155387878,
      "H3N2 A/Fujian/411/2002": 1.0
    },
    "H3N2 A/Wisconsin/67/2005": {
      "H3N2 A/Perth/16/2009": 0.9541447162628174,
      "H3N2 A/Beijing/32/1992": 0.18157441914081573,
      "H3N2 A/California/7/2004": 0.883388340473175,
      "H3N2 A/Brisbane/10/2007": 1.0
    }
  },
  "H3N2 A/Sydney/5/1997": {
    "H3N2 A/Perth/16/2009": {
      "H3N2 A/Beijing/32/1992": 0.40562909841537476,
      "H3N2 A/Panama/2007/1999": 0.2648249566555023,
      "H3N2 A/California/7/2004": 0.13155648112297058,
      "H3N2 A/Brisbane/10/2007": 0.3055134117603302,
      "H3N2 A/Wuhan/359/1995": 0.168663889169693,
      "H3N2 A/Wisconsin/67/2005": 1.0
    },
    "H3N2 A/Beijing/32/1992": {
      "H3N2 A/Perth/16/2009": 1.0,
      "H3N2 A/Panama/2007/1999": 0.5049413442611694,
      "H3N2 A/California/7/2004": 0.12542106211185455,
      "H3N2 A/Brisbane/10/2007": 0.20596039295196533,
      "H3N2 A/Fujian/411/2002": 0.19752855598926544,
      "H3N2 A/Wuhan/359/1995": 0.31270647048950195,
      "H3N2 A/Wisconsin/67/2005": 0.2788366973400116
    },
    "H3N2 A/Panama/2007/1999": {
      "H3N2 A/Perth/16/2009": 0.23322421312332153,
      "H3N2 A/California/7/2004": 0.23225095868110657,
      "H3N2 A/Fujian/411/2002": 1.0,
      "H3N2 A/Wuhan/359/1995": 0.27848705649375916
    },
    "H3N2 A/California/7/2004": {
      "H3N2 A/Panama/2007/1999": 0.25962966680526733,
      "H3N2 A/Brisbane/10/2007": 0.6417394280433655,
      "H3N2 A/Fujian/411/2002": 0.46758341789245605,
      "H3N2 A/Wisconsin/67/2005": 1.0
    },
    "H3N2 A/Brisbane/10/2007": {
      "H3N2 A/Perth/16/2009": 0.2966672480106354,
      "H3N2 A/Beijing/32/1992": 0.12297527492046356,
      "H3N2 A/California/7/2004": 0.5982935428619385,
      "H3N2 A/Wisconsin/67/2005": 1.0
    },
    "H3N2 A/Fujian/411/2002": {
      "H3N2 A/Panama/2007/1999": 1.0,
      "H3N2 A/California/7/2004": 0.41791948676109314,
      "H3N2 A/Wuhan/359/1995": 0.14699293673038483
    },
    "H3N2 A/Wuhan/359/1995": {
      "H3N2 A/Beijing/32/1992": 0.13358592987060547,
      "H3N2 A/Panama/2007/1999": 1.0,