{
  "H3N2 A/Perth/16/2009": {
    "H3N2 A/Beijing/32/1992": {
      "H3N2 A/Panama/2007/1999": 0.7716667056083679,
      "H3N2 A/Sydney/5/1997": 0.46665728092193604,
      "H3N2 A/California/7/2004": 0.28050005435943604,
      "H3N2 A/Brisbane/10/2007": 0.660159707069397,
      "H3N2 A/Fujian/411/2002": 0.24319380521774292,
      "H3N2 A/Wuhan/359/1995": 0.39976102113723755,
      "H3N2 A/Wisconsin/67/2005": 1.0
    },
    "H3N2 A/Panama/2007/1999": {
      "H3N2 A/Sydney/5/1997": 1.0,
      "H3N2 A/California/7/2004": 0.1758522093296051,
      "H3N2 A/Fujian/411/2002": 0.9100860953330994,
      "H3N2 A/Wuhan/359/1995": 0.235441192984581,
      "H3N2 A/Wisconsin/67/2005": 0.17452464997768402
    },
    "H3N2 A/Sydney/5/1997": {
      "H3N2 A/Panama/2007/1999": 1.0,
      "H3N2 A/California/7/2004": 0.5017267465591431,
      "H3N2 A/Fujian/411/2002": 0.16728532314300537,
      "H3N2 A/Wuhan/359/1995": 0.2308143973350525
    },
    "H3N2 A/California/7/2004": {
      "H3N2 A/Panama/2007/1999": 0.14263364672660828,
      "H3N2 A/Brisbane/10/2007": 0.6238105297088623,
      "H3N2 A/Fujian/411/2002": 0.30551210045814514,
      "H3N2 A/Wisconsin/67/2005": 1.0
    },
    "H3N2 A/Brisbane/10/2007": {
      "H3N2 A/Beijing/32/1992": 0.11460983753204346,
      "H3N2 A/California/7/2004": 0.5870945453643799,
      "H3N2 A/Wisconsin/67/2005": 1.0
    },
    "H3N2 A/Fujian/411/2002": {
      "H3N2 A/Panama/2007/1999": 1.0,
      "H3N2 A/Sydney/5/1997": 0.16465070843696594,
      "H3N2 A/California/7/2004": 0.4372158348560333,
      "H3N2 A/Wuhan/359/1995": 0.1257002204656601
    },
    "H3N2 A/Wuhan/359/1995": {
      "H3N2 A/Beijing/32/1992": 0.12327352166175842,
      "H3N2 A/Panama/2007/1999": 1.0,
      "H3N2 A/Sydney/5/1997": 0.21412059664726257,
      "H3N2 A/Fujian/411/2002": 0.4009783864021301
    },
    "H3N2 A/Wisconsin/67/2005": {
      "H3N2 A/Beijing/32/1992": 0.15038298070430756,
      "H3N2 A/California/7/2004": 0.7752570509910583,
      "H3N2 A/Brisbane/10/2007": 1.0
    }
  },
  "H3N2 A/Beijing/32/1992": {
    "H3N2 A/Perth/16/2009": {
      "H3N2 A/Panama/2007/1999": 0.18800422549247742,
      "H3N2 A/Sydney/5/1997": 0.12845072150230408,
      "H3N2 A/California/7/2004": 0.13816624879837036,
      "H3N2 A/Brisbane/10/2007": 0.36321282386779785,
      "H3N2 A/Wuhan/359/1995": 0.14054173231124878,
      "H3N2 A/Wisconsin/67/2005": 1.0
    },
    "H3N2 A/Panama/2007/1999": {
      "H3N2 A/Perth/16/2009": 0.22728845477104187,
      "H3N2 A/Sydney/5/1997": 0.9711859226226807,
      "H3N2 A/California/7/2004": 0.16608379781246185,
      "H3N2 A/Fujian/411/2002": 1.0,
      "H3N2 A/Wuhan/359/1995": 0.2558211088180542
    },
    "H3N2 A/Sydney/5/1997": {
      "H3N2 A/Perth/16/2009": 0.13798260688781738,
      "H3N2 A/Panama/2007/1999": 1.0,
      "H3N2 A/California/7/2004": 0.4234532415866852,
      "H3N2 A/Fujian/411/2002": 0.18553531169891357,
      "H3N2 A/Wuhan/359/1995": 0.25210219621658325
    },
    "H3N2 A/California/7/2004": {
      "H3N2 A/Panama/2007/1999": 0.1774832010269165,
      "H3N2 A/Sydney/5/1997": 0.12216389179229736,
      "H3N2 A/Brisbane/10/2007": 0.6639101505279541,
      "H3N2 A/Fujian/411/2002": 0.4324699342250824,
      "H3N2 A/Wisconsin/67/2005": 1.0
    },
    "H3N2 A/Brisbane/10/2007": {
      "H3N2 A/Perth/16/2009": 0.36235126852989197,
      "H3N2 A/California/7/2004": 0.6681515574455261,
      "H3N2 A/Wisconsin/67/2005": 1.0
    },
    "H3N2 A/Fujian/411/2002": {
      "H3N2 A/Panama/2007/1999": 1.0,
      "H3N2 A/Sydney/5/1997": 0.17084655165672302,
      "H3N2 A/California/7/2004": 0.45646944642066956,
      "H3N2 A/Wuhan/359/1995": 0.12949465215206146
    },
    "H3N2 A/Wuhan/359/1995": {
      "H3N2 A/Panama/2007/1999": 1.0,
      "H3N2 A/Sydney/5/1997": 0.2649442255496979,
      "H3N2 A/Fujian/411/2002": 0.4568035304546356
    },
    "H3N2 A/Wisconsin/67/2005": {
      "H3N2 A/Perth/16/2009": 0.9799495339393616,
      "H3N2 A/California/7/2004": 0.9125821590423584,
      "H3N2 A/Brisbane/10/2007": 1.0
    }
  },
  "H3N2 A/Panama/2007/1999": {
    "H3N2 A/Perth/16/2009": {
      "H3N2 A/Beijing/32/1992": 0.3028850853443146,
      "H3N2 A/Sydney/5/1997": 0.21166019141674042,
      "H3N2 A/California/7/2004": 0.15169622004032135,
      "H3N2 A/Brisbane/10/2007": 0.3384547829627991,
      "H3N2 A/Wuhan/359/1995": 0.14289718866348267,
      "H3N2 A/Wisconsin/67/2005": 1.0
    },
    "H3N2 A/Beijing/32/1992": {
      "H3N2 A/Perth/16/2009": 1.0,
      "H3N2 A/Sydney/5/1997": 0.29124483466148376,
      "H3N2 A/California/7/2004": 0.11646950244903564,
      "H3N2 A/Brisbane/10/2007": 0.2279464304447174,
      "H3N2 A/Fujian/411/2002": 0.21085384488105774,
      "H3N2 A/Wuhan/359/1995": 0.3715570271015167,
      "H3N2 A/Wisconsin/67/2005": 0.2881712019443512
    },
    "H3N2 A/Sydney/5/1997": {
      "H3N2 A/Perth/16/2009": 0.3169919550418854,
      "H3N2 A/Beijing/32/1992": 0.13117548823356628,
      "H3N2 A/California/7/2004": 0.8112372756004333,
      "H3N2 A/Brisbane/10/2007": 0.12603002786636353,
      "H3N2 A/Fujian/411/2002": 1.0,
      "H3N2 A/Wuhan/359/1995": 0.43558767437934875
    },
    "H3N2 A/California/7/2004": {
      "H3N2 A/Sydney/5/1997": 0.2526111900806427,
      "H3N2 A/Brisbane/10/2007": 0.6370855569839478,
      "H3N2 A/Fujian/411/2002": 0.5828622579574585,
      "H3N2 A/Wisconsin/67/2005": 1.0
    },
    "H3N2 A/Brisbane/10/2007": {
      "H3N2 A/Perth/16/2009": 0.33177730441093445,
      "H3N2 A/Beijing/32/1992": 0.12883490324020386,
      "H3N2 A/California/7/2004": 0.6052640676498413,
      "H3N2 A/Wisconsin/67/2005": 1.0
    },
    "H3N2 A/Fujian/411/2002": {
      "H3N2 A/Sydney/5/1997": 0.9769492149353027,
      "H3N2 A/California/7/2004": 1.0,
      "H3N2 A/Wuhan/359/1995": 0.2786272466182709,
      "H3N2 A/Wisconsin/67/2005": 0.1369655579328537
    },
    "H3N2 A/Wuhan/359/1995": {
      "H3N2 A/Beijing/32/1992": 0.3168049156665802,
      "H3N2 A/Sydney/5/1997": 0.5288098454475403,
      "H3N2 A/Fujian/411/2002": 1.0
    },
    "H3N2 A/Wisconsin/67/2005": {
      "H3N2 A/Perth/16/2009": 0.95420241355896,
      "H3N2 A/Beijing/32/1992": 0.18157775700092316,
      "H3N2 A/California/7/2004": 0.8834189772605896,
      "H3N2 A/Brisbane/10/2007": 1.0
    }
  },
  "H3N2 A/Sydney/5/1997": {
    "H3N2 A/Perth/16/2009": {
      "H3N2 A/Beijing/32/1992": 0.40569353103637695,
      "H3N2 A/Panama/2007/1999": 0.2648293077945709,
      "H3N2 A/California/7/2004": 0.1315612941980362,
      "H3N2 A/Brisbane/10/2007": 0.30552583932876587,
      "H3N2 A/Wuhan/359/1995": 0.16868481040000916,
      "H3N2 A/Wisconsin/67/2005": 1.0
    },
    "H3N2 A/Beijing/32/1992": {
      "H3N2 A/Perth/16/2009": 1.0,
      "H3N2 A/Panama/2007/1999": 0.5048981308937073,
      "H3N2 A/California/7/2004": 0.12541073560714722,
      "H3N2 A/Brisbane/10/2007": 0.20594988763332367,
      "H3N2 A/Fujian/411/2002": 0.1975221186876297,
      "H3N2 A/Wuhan/359/1995": 0.3127143383026123,
      "H3N2 A/Wisconsin/67/2005": 0.278833270072937
    },
    "H3N2 A/Panama/2007/1999": {
      "H3N2 A/Perth/16/2009": 0.23321957886219025,
      "H3N2 A/California/7/2004": 0.23223759233951569,
      "H3N2 A/Fujian/411/2002": 1.0,
      "H3N2 A/Wuhan/359/1995": 0.27849286794662476
    },
    "H3N2 A/California/7/2004": {
      "H3N2 A/Panama/2007/1999": 0.25962162017822266,
      "H3N2 A/Brisbane/10/2007": 0.6417266130447388,
      "H3N2 A/Fujian/411/2002": 0.46757328510284424,
      "H3N2 A/Wisconsin/67/2005": 1.0
    },
    "H3N2 A/Brisbane/10/2007": {
      "H3N2 A/Perth/16/2009": 0.2966575026512146,
      "H3N2 A/Beijing/32/1992": 0.12296891957521439,
      "H3N2 A/California/7/2004": 0.5982042551040649,
      "H3N2 A/Wisconsin/67/2005": 1.0
    },
    "H3N2 A/Fujian/411/2002": {
      "H3N2 A/Panama/2007/1999": 1.0,
      "H3N2 A/California/7/2004": 0.417921245098114,
      "H3N2 A/Wuhan/359/1995": 0.14699475467205048
    },
    "H3N2 A/Wuhan/359/1995": {
      "H3N2 A/Beijing/32/1992": 0.1335795521736145,