{
  "H3N2 A/Beijing/353/1989": {
    "H3N2 A/Perth/16/2009": {
      "H3N2 A/Beijing/32/1992": 0.15089568495750427,
      "H3N2 A/Texas/50/2012": 1.0,
      "H3N2 A/Wuhan/359/1995": 0.10807674378156662
    },
    "H3N2 A/Beijing/32/1992": {
      "H3N2 A/Perth/16/2009": 1.0,
      "H3N2 A/California/7/2004": 0.16346421837806702,
      "H3N2 A/Brisbane/10/2007": 0.18749862909317017,
      "H3N2 A/Texas/50/2012": 0.349931001663208,
      "H3N2 A/Fujian/411/2002": 0.3501207232475281,
      "H3N2 A/Wuhan/359/1995": 0.44188475608825684
    },
    "H3N2 A/Victoria/3/1975": {
      "H3N2 A/Bangkok/1/1979": 1.0
    },
    "H3N2 A/California/7/2004": {
      "H3N2 A/Brisbane/10/2007": 0.734818696975708,
      "H3N2 A/Texas/50/2012": 0.616650402545929,
      "H3N2 A/Fujian/411/2002": 1.0
    },
    "H3N2 A/Bangkok/1/1979": {
      "H3N2 A/Victoria/3/1975": 1.0
    },
    "H3N2 A/Brisbane/10/2007": {
      "H3N2 A/Beijing/32/1992": 0.10623610764741898,
      "H3N2 A/California/7/2004": 0.45208725333213806,
      "H3N2 A/Texas/50/2012": 1.0
    },
    "H3N2 A/Texas/50/2012": {
      "H3N2 A/Perth/16/2009": 1.0,
      "H3N2 A/California/7/2004": 0.15264101326465607,
      "H3N2 A/Brisbane/10/2007": 0.48076486587524414
    },
    "H3N2 A/Fujian/411/2002": {
      "H3N2 A/California/7/2004": 1.0,
      "H3N2 A/Wuhan/359/1995": 0.2483121156692505
    },
    "H3N2 A/Wuhan/359/1995": {
      "H3N2 A/Perth/16/2009": 0.1396971046924591,
      "H3N2 A/Beijing/32/1992": 0.299692302942276,
      "H3N2 A/Fujian/411/2002": 1.0
    }
  },
  "H3N2 A/Perth/16/2009": {
    "H3N2 A/Beijing/353/1989": {
      "H3N2 A/Victoria/3/1975": 1.0,
      "H3N2 A/Bangkok/1/1979": 1.0
    },
    "H3N2 A/Beijing/32/1992": {
      "H3N2 A/California/7/2004": 0.32624638080596924,
      "H3N2 A/Brisbane/10/2007": 0.4138743281364441,
      "H3N2 A/Texas/50/2012": 1.0,
      "H3N2 A/Fujian/411/2002": 0.44251930713653564,
      "H3N2 A/Wuhan/359/1995": 0.44630908966064453
    },
    "H3N2 A/Victoria/3/1975": {
      "H3N2 A/Beijing/353/1989": 0.5929033756256104,
      "H3N2 A/Bangkok/1/1979": 1.0,
      "H3N2 A/Texas/50/2012": 0.14927682280540466
    },
    "H3N2 A/California/7/2004": {
      "H3N2 A/Brisbane/10/2007": 0.8859715461730957,
      "H3N2 A/Texas/50/2012": 0.8678382039070129,
      "H3N2 A/Fujian/411/2002": 1.0
    },
    "H3N2 A/Bangkok/1/1979": {
      "H3N2 A/Beijing/353/1989": 0.5929074883460999,
      "H3N2 A/Victoria/3/1975": 1.0,
      "H3N2 A/Texas/50/2012": 0.1492762565612793
    },
    "H3N2 A/Brisbane/10/2007": {
      "H3N2 A/Beijing/32/1992": 0.10133480280637741,
      "H3N2 A/California/7/2004": 0.4341072738170624,
      "H3N2 A/Texas/50/2012": 1.0
    },
    "H3N2 A/Texas/50/2012": {
      "H3N2 A/Beijing/32/1992": 0.16830182075500488,
      "H3N2 A/California/7/2004": 0.4113834500312805,
      "H3N2 A/Brisbane/10/2007": 1.0
    },
    "H3N2 A/Fujian/411/2002": {
      "H3N2 A/California/7/2004": 1.0,
      "H3N2 A/Wuhan/359/1995": 0.25587984919548035
    },
    "H3N2 A/Wuhan/359/1995": {
      "H3N2 A/Beijing/32/1992": 0.2661290764808655,
      "H3N2 A/Fujian/411/2002": 1.0
    }
  },
  "H3N2 A/Beijing/32/1992": {
    "H3N2 A/Beijing/353/1989": {
      "H3N2 A/Victoria/3/1975": 1.0,
      "H3N2 A/Bangkok/1/1979": 1.0
    },
    "H3N2 A/Perth/16/2009": {
      "H3N2 A/Texas/50/2012": 1.0,
      "H3N2 A/Wuhan/359/1995": 0.11966618150472641
    },
    "H3N2 A/Victoria/3/1975": {
      "H3N2 A/Beijing/353/1989": 0.5916277766227722,
      "H3N2 A/Bangkok/1/1979": 1.0
    },
    "H3N2 A/California/7/2004": {
      "H3N2 A/Brisbane/10/2007": 0.7502374649047852,
      "H3N2 A/Texas/50/2012": 0.6129042506217957,
      "H3N2 A/Fujian/411/2002": 1.0
    },
    "H3N2 A/Bangkok/1/1979": {
      "H3N2 A/Beijing/353/1989": 0.5916289687156677,
      "H3N2 A/Victoria/3/1975": 1.0
    },
    "H3N2 A/Brisbane/10/2007": {
      "H3N2 A/California/7/2004": 0.4685055613517761,
      "H3N2 A/Texas/50/2012": 1.0
    },
    "H3N2 A/Texas/50/2012": {
      "H3N2 A/Perth/16/2009": 1.0,
      "H3N2 A/California/7/2004": 0.14584960043430328,
      "H3N2 A/Brisbane/10/2007": 0.4680198132991791
    },
    "H3N2 A/Fujian/411/2002": {
      "H3N2 A/California/7/2004": 1.0,
      "H3N2 A/Wuhan/359/1995": 0.27815625071525574
    },
    "H3N2 A/Wuhan/359/1995": {
      "H3N2 A/Perth/16/2009": 0.17371675372123718,
      "H3N2 A/Fujian/411/2002": 1.0
    }
  },
  "H3N2 A/Victoria/3/1975": {
    "H3N2 A/Beijing/353/1989": {
      "H3N2 A/Bangkok/1/1979": 1.0
    },
    "H3N2 A/Perth/16/2009": {
      "H3N2 A/Beijing/32/1992": 0.15056262910366058,
      "H3N2 A/Texas/50/2012": 1.0,
      "H3N2 A/Wuhan/359/1995": 0.10790567845106125
    },
    "H3N2 A/Beijing/32/1992": {
      "H3N2 A/Perth/16/2009": 1.0,
      "H3N2 A/California/7/2004": 0.1635505110025406,
      "H3N2 A/Brisbane/10/2007": 0.1876848340034485,
      "H3N2 A/Texas/50/2012": 0.34968259930610657,
      "H3N2 A/Fujian/411/2002": 0.3497878313064575,
      "H3N2 A/Wuhan/359/1995": 0.4419337511062622
    },
    "H3N2 A/California/7/2004": {
      "H3N2 A/Brisbane/10/2007": 0.7537887692451477,
      "H3N2 A/Texas/50/2012": 0.611997127532959,
      "H3N2 A/Fujian/411/2002": 1.0
    },
    "H3N2 A/Bangkok/1/1979": {
      "H3N2 A/Beijing/353/1989": 1.0,
      "H3N2 A/Brisbane/10/2007": 0.1259211003780365,
      "H3N2 A/Texas/50/2012": 0.11401432752609253
    },
    "H3N2 A/Brisbane/10/2007": {
      "H3N2 A/Beijing/32/1992": 0.10628782957792282,
      "H3N2 A/California/7/2004": 0.4518410861492157,
      "H3N2 A/Texas/50/2012": 1.0
    },
    "H3N2 A/Texas/50/2012": {
      "H3N2 A/Perth/16/2009": 1.0,
      "H3N2 A/California/7/2004": 0.15244214236736298,
      "H3N2 A/Brisbane/10/2007": 0.4777314066886902
    },
    "H3N2 A/Fujian/411/2002": {
      "H3N2 A/California/7/2004": 1.0,
      "H3N2 A/Wuhan/359/1995": 0.24395646154880524
    },
    "H3N2 A/Wuhan/359/1995": {
      "H3N2 A/Perth/16/2009": 0.13969363272190094,
      "H3N2 A/Beijing/32/1992": 0.29980891942977905,
      "H3N2 A/Fujian/411/2002": 1.0
    }
  },
  "H3N2 A/California/7/2004": {
    "H3N2 A/Beijing/353/1989": {
      "H3N2 A/Victoria/3/1975": 1.0,
      "H3N2 A/Bangkok/1/1979": 1.0
    },
    "H3N2 A/Perth/16/2009": {
      "H3N2 A/Beijing/32/1992": 0.13557974994182587,
      "H3N2 A/Texas/50/2012": 1.0
    },
    "H3N2 A/Beijing/32/1992": {
      "H3N2 A/Perth/16/2009": 1.0,
      "H3N2 A/Brisbane/10/2007": 0.21454623341560364,
      "H3N2 A/Texas/50/2012": 0.3910198211669922,
      "H3N2 A/Fujian/411/2002": 0.3583436608314514,
      "H3N2 A/Wuhan/359/1995": 0.39259079098701477
    },
    "H3N2 A/Victoria/3/1975": {
      "H3N2 A/Beijing/353/1989": 0.5546005368232727,
      "H3N2 A/Bangkok/1/1979": 1.0
    },
    "H3N2 A/Bangkok/1/1979": {
      "H3N2 A/Beijing/353/1989": 0.5545953512191772,
      "H3N2 A/Victoria/3/1975": 1.0
    },
    "H3N2 A/Brisbane/10/2007": {
      "H3N2 A/Beijing/32/1992": 0.10300357639789581,
      "H3N2 A/Texas/50/2012": 1.0
    },
    "H3N2 A/Texas/50/2012": {
      "H3N2 A/Perth/16/2009": 1.0,
      "H3N2 A/Brisbane/10/2007": 0.6672080755233765
    },
    "H3N2 A/Fujian/411/2002": {
      "H3N2 A/Beijing/32/1992": 0.2521106004714966,
      "H3N2 A/Brisbane/10/2007": 1.0,
      "H3N2 A/Wuhan/359/1995": 0.6291492581367493
    },
    "H3N2 A/Wuhan/359/1995": {
      "H3N2 A/Perth/16/2009": 0.15574248135089874,
      "H3N2 A/Beijing/32/1992": 0.3143790364265442,
      "H3N2 A/Fujian/411/2002": 1.0
    }
  },
  "H3N2 A/Bangkok/1/1979": {
    "H3N2 A/Beijing/353/1989": {
      "H3N2 A/Victoria/3/1975": 1.0
    },
    "H3N2 A/Perth/16/2009": {
      "H3N2 A/Beijing/32/1992": 0.15057021379470825,
      "H3N2 A/Texas/50/2012": 1.0,
      "H3N2 A/Wuhan/359/1995": 0.10791866481304169
    },
    "H3N2 A/Beijing/32/1992": {
      "H3N2 A/Perth/16/2009": 1.0,
      "H3N2 A/California/7/2004": 0.16352781653404236,
      "H3N2 A/Brisbane/10/2007": 0.18766407668590546,
      "H3N2 A/Texas/50/2012": 0.34970173239707947,