{
  "H3N2 A/Beijing/353/1989": {
    "H3N2 A/Beijing/32/1992": {
      "H3N2 A/Sydney/5/1997": 0.47600531578063965,
      "H3N2 A/Texas/50/2012": 1.0,
      "H3N2 A/Wuhan/359/1995": 0.25475019216537476
    },
    "H3N2 A/Sydney/5/1997": {
      "H3N2 A/Beijing/32/1992": 0.5069975852966309,
      "H3N2 A/Bangkok/1/1979": 0.16410976648330688,
      "H3N2 A/Texas/50/2012": 0.20577475428581238,
      "H3N2 A/Wuhan/359/1995": 1.0
    },
    "H3N2 A/Bangkok/1/1979": {
      "H3N2 A/Sydney/5/1997": 0.3450448215007782,
      "H3N2 A/Texas/50/2012": 1.0
    },
    "H3N2 A/Texas/50/2012": {
      "H3N2 A/Beijing/32/1992": 1.0,
      "H3N2 A/Sydney/5/1997": 0.8778114914894104,
      "H3N2 A/Bangkok/1/1979": 0.2873154282569885
    },
    "H3N2 A/Wuhan/359/1995": {
      "H3N2 A/Beijing/32/1992": 0.4605688750743866,
      "H3N2 A/Sydney/5/1997": 1.0
    }
  },
  "H3N2 A/Beijing/32/1992": {
    "H3N2 A/Beijing/353/1989": {
      "H3N2 A/Bangkok/1/1979": 1.0
    },
    "H3N2 A/Sydney/5/1997": {
      "H3N2 A/Texas/50/2012": 0.4247071146965027,
      "H3N2 A/Wuhan/359/1995": 1.0
    },
    "H3N2 A/Bangkok/1/1979": {
      "H3N2 A/Beijing/353/1989": 1.0
    },
    "H3N2 A/Texas/50/2012": {
      "H3N2 A/Beijing/353/1989": 0.12108559906482697,
      "H3N2 A/Sydney/5/1997": 1.0,
      "H3N2 A/Bangkok/1/1979": 0.11757560074329376
    },
    "H3N2 A/Wuhan/359/1995": {
      "H3N2 A/Sydney/5/1997": 1.0
    }
  },
  "H3N2 A/Sydney/5/1997": {
    "H3N2 A/Beijing/353/1989": {
      "H3N2 A/Bangkok/1/1979": 1.0
    },
    "H3N2 A/Beijing/32/1992": {
      "H3N2 A/Texas/50/2012": 1.0,
      "H3N2 A/Wuhan/359/1995": 0.27943259477615356
    },
    "H3N2 A/Bangkok/1/1979": {
      "H3N2 A/Beijing/353/1989": 1.0
    },
    "H3N2 A/Texas/50/2012": {
      "H3N2 A/Beijing/353/1989": 0.1623798906803131,
      "H3N2 A/Beijing/32/1992": 1.0,
      "H3N2 A/Bangkok/1/1979": 0.18989968299865723,
      "H3N2 A/Wuhan/359/1995": 0.11701097339391708
    },
    "H3N2 A/Wuhan/359/1995": {
      "H3N2 A/Beijing/32/1992": 1.0
    }
  },
  "H3N2 A/Bangkok/1/1979": {
    "H3N2 A/Beijing/353/1989": {
      "H3N2 A/Sydney/5/1997": 0.31246283650398254,
      "H3N2 A/Texas/50/2012": 1.0
    },
    "H3N2 A/Beijing/32/1992": {
      "H3N2 A/Sydney/5/1997": 0.4759509265422821,
      "H3N2 A/Texas/50/2012": 1.0,
      "H3N2 A/Wuhan/359/1995": 0.25478610396385193
    },
    "H3N2 A/Sydney/5/1997": {
      "H3N2 A/Beijing/32/1992": 0.510674774646759,
      "H3N2 A/Texas/50/2012": 0.2154770791530609,
      "H3N2 A/Wuhan/359/1995": 1.0
    },
    "H3N2 A/Texas/50/2012": {
      "H3N2 A/Beijing/353/1989": 0.31103548407554626,
      "H3N2 A/Beijing/32/1992": 1.0,
      "H3N2 A/Sydney/5/1997": 0.8954905867576599
    },
    "H3N2 A/Wuhan/359/1995": {
      "H3N2 A/Beijing/32/1992": 0.4615224301815033,
      "H3N2 A/Sydney/5/1997": 1.0
    }
  },
  "H3N2 A/Texas/50/2012": {
    "H3N2 A/Beijing/353/1989": {
      "H3N2 A/Bangkok/1/1979": 1.0
    },
    "H3N2 A/Beijing/32/1992": {
      "H3N2 A/Sydney/5/1997": 1.0,
      "H3N2 A/Wuhan/359/1995": 0.2948399782180786
    },
    "H3N2 A/Sydney/5/1997": {
      "H3N2 A/Beijing/353/1989": 0.11199494451284409,
      "H3N2 A/Beijing/32/1992": 0.8037666082382202,
      "H3N2 A/Bangkok/1/1979": 0.3327005207538605,
      "H3N2 A/Wuhan/359/1995": 1.0
    },
    "H3N2 A/Bangkok/1/1979": {
      "H3N2 A/Beijing/353/1989": 1.0
    },
    "H3N2 A/Wuhan/359/1995": {
      "H3N2 A/Beijing/32/1992": 0.3921894431114197,
      "H3N2 A/Sydney/5/1997": 1.0
    }
  },
  "H3N2 A/Wuhan/359/1995": {
    "H3N2 A/Beijing/353/1989": {
      "H3N2 A/Bangkok/1/1979": 1.0
    },
    "H3N2 A/Beijing/32/1992": {
      "H3N2 A/Sydney/5/1997": 1.0,
      "H3N2 A/Texas/50/2012": 0.9515624046325684
    },
    "H3N2 A/Sydney/5/1997": {
      "H3N2 A/Beijing/32/1992": 1.0,
      "H3N2 A/Bangkok/1/1979": 0.17293250560760498,
      "H3N2 A/Texas/50/2012": 0.4164925515651703
    },
    "H3N2 A/Bangkok/1/1979": {
      "H3N2 A/Beijing/353/1989": 1.0
    },
    "H3N2 A/Texas/50/2012": {
      "H3N2 A/Beijing/353/1989": 0.13387757539749146,
      "H3N2 A/Beijing/32/1992": 0.9855612516403198,
      "H3N2 A/Sydney/5/1997": 1.0,
      "H3N2 A/Bangkok/1/1979": 0.13074016571044922
    }
  }
}