{
  "H3N2 A/Beijing/353/1989": {
    "H3N2 A/Perth/16/2009": {
      "H3N2 A/Beijing/32/1992": 0.15089179575443268,
      "H3N2 A/Texas/50/2012": 1.0,
      "H3N2 A/Wuhan/359/1995": 0.10807377099990845
    },
    "H3N2 A/Beijing/32/1992": {
      "H3N2 A/Perth/16/2009": 1.0,
      "H3N2 A/California/7/2004": 0.16345973312854767,
      "H3N2 A/Brisbane/10/2007": 0.18749727308750153,
      "H3N2 A/Texas/50/2012": 0.34993013739585876,
      "H3N2 A/Fujian/411/2002": 0.3500972092151642,
      "H3N2 A/Wuhan/359/1995": 0.4418601393699646
    },
    "H3N2 A/Victoria/3/1975": {
      "H3N2 A/Bangkok/1/1979": 1.0
    },
    "H3N2 A/California/7/2004": {
      "H3N2 A/Brisbane/10/2007": 0.7348204851150513,
      "H3N2 A/Texas/50/2012": 0.6166573762893677,
      "H3N2 A/Fujian/411/2002": 1.0
    },
    "H3N2 A/Bangkok/1/1979": {
      "H3N2 A/Victoria/3/1975": 1.0
    },
    "H3N2 A/Brisbane/10/2007": {
      "H3N2 A/Beijing/32/1992": 0.10623292624950409,
      "H3N2 A/California/7/2004": 0.4520745873451233,
      "H3N2 A/Texas/50/2012": 1.0
    },
    "H3N2 A/Texas/50/2012": {
      "H3N2 A/Perth/16/2009": 1.0,
      "H3N2 A/California/7/2004": 0.15264323353767395,
      "H3N2 A/Brisbane/10/2007": 0.4807649254798889
    },
    "H3N2 A/Fujian/411/2002": {
      "H3N2 A/California/7/2004": 1.0,
      "H3N2 A/Wuhan/359/1995": 0.2483052760362625
    },
    "H3N2 A/Wuhan/359/1995": {
      "H3N2 A/Perth/16/2009": 0.13970589637756348,
      "H3N2 A/Beijing/32/1992": 0.2996956408023834,
      "H3N2 A/Fujian/411/2002": 1.0
    }
  },
  "H3N2 A/Perth/16/2009": {
    "H3N2 A/Beijing/353/1989": {
      "H3N2 A/Victoria/3/1975": 1.0,
      "H3N2 A/Bangkok/1/1979": 1.0
    },
    "H3N2 A/Beijing/32/1992": {
      "H3N2 A/California/7/2004": 0.3262253403663635,
      "H3N2 A/Brisbane/10/2007": 0.4138711094856262,
      "H3N2 A/Texas/50/2012": 1.0,
      "H3N2 A/Fujian/411/2002": 0.4424850344657898,
      "H3N2 A/Wuhan/359/1995": 0.446308970451355
    },
    "H3N2 A/Victoria/3/1975": {
      "H3N2 A/Beijing/353/1989": 0.5929001569747925,
      "H3N2 A/Bangkok/1/1979": 1.0,
      "H3N2 A/Texas/50/2012": 0.14927473664283752
    },
    "H3N2 A/California/7/2004": {
      "H3N2 A/Brisbane/10/2007": 0.8858502507209778,
      "H3N2 A/Texas/50/2012": 0.8677086234092712,
      "H3N2 A/Fujian/411/2002": 1.0
    },
    "H3N2 A/Bangkok/1/1979": {
      "H3N2 A/Beijing/353/1989": 0.5929086208343506,
      "H3N2 A/Victoria/3/1975": 1.0,
      "H3N2 A/Texas/50/2012": 0.1492803543806076
    },
    "H3N2 A/Brisbane/10/2007": {
      "H3N2 A/Beijing/32/1992": 0.10133800655603409,
      "H3N2 A/California/7/2004": 0.4341190457344055,
      "H3N2 A/Texas/50/2012": 1.0
    },
    "H3N2 A/Texas/50/2012": {
      "H3N2 A/Beijing/32/1992": 0.1682826429605484,
      "H3N2 A/California/7/2004": 0.4113950729370117,
      "H3N2 A/Brisbane/10/2007": 1.0
    },
    "H3N2 A/Fujian/411/2002": {
      "H3N2 A/California/7/2004": 1.0,
      "H3N2 A/Wuhan/359/1995": 0.2558736801147461
    },
    "H3N2 A/Wuhan/359/1995": {
      "H3N2 A/Beijing/32/1992": 0.26612794399261475,
      "H3N2 A/Fujian/411/2002": 1.0
    }
  },
  "H3N2 A/Beijing/32/1992": {
    "H3N2 A/Beijing/353/1989": {
      "H3N2 A/Victoria/3/1975": 1.0,
      "H3N2 A/Bangkok/1/1979": 1.0
    },
    "H3N2 A/Perth/16/2009": {
      "H3N2 A/Texas/50/2012": 1.0,
      "H3N2 A/Wuhan/359/1995": 0.1196676641702652
    },
    "H3N2 A/Victoria/3/1975": {
      "H3N2 A/Beijing/353/1989": 0.5916242599487305,
      "H3N2 A/Bangkok/1/1979": 1.0
    },
    "H3N2 A/California/7/2004": {
      "H3N2 A/Brisbane/10/2007": 0.7502515912055969,
      "H3N2 A/Texas/50/2012": 0.6129120588302612,
      "H3N2 A/Fujian/411/2002": 1.0
    },
    "H3N2 A/Bangkok/1/1979": {
      "H3N2 A/Beijing/353/1989": 0.5916298031806946,
      "H3N2 A/Victoria/3/1975": 1.0
    },
    "H3N2 A/Brisbane/10/2007": {
      "H3N2 A/California/7/2004": 0.46850892901420593,
      "H3N2 A/Texas/50/2012": 1.0
    },
    "H3N2 A/Texas/50/2012": {
      "H3N2 A/Perth/16/2009": 1.0,
      "H3N2 A/California/7/2004": 0.14585089683532715,
      "H3N2 A/Brisbane/10/2007": 0.4680264890193939
    },
    "H3N2 A/Fujian/411/2002": {
      "H3N2 A/California/7/2004": 1.0,
      "H3N2 A/Wuhan/359/1995": 0.27815064787864685
    },
    "H3N2 A/Wuhan/359/1995": {
      "H3N2 A/Perth/16/2009": 0.17372176051139832,
      "H3N2 A/Fujian/411/2002": 1.0
    }
  },
  "H3N2 A/Victoria/3/1975": {
    "H3N2 A/Beijing/353/1989": {
      "H3N2 A/Bangkok/1/1979": 1.0
    },
    "H3N2 A/Perth/16/2009": {
      "H3N2 A/Beijing/32/1992": 0.1505746692419052,
      "H3N2 A/Texas/50/2012": 1.0,
      "H3N2 A/Wuhan/359/1995": 0.10791833698749542
    },
    "H3N2 A/Beijing/32/1992": {
      "H3N2 A/Perth/16/2009": 1.0,
      "H3N2 A/California/7/2004": 0.1635388433933258,
      "H3N2 A/Brisbane/10/2007": 0.18767625093460083,
      "H3N2 A/Texas/50/2012": 0.3497164249420166,
      "H3N2 A/Fujian/411/2002": 0.34978342056274414,
      "H3N2 A/Wuhan/359/1995": 0.44193005561828613
    },
    "H3N2 A/California/7/2004": {
      "H3N2 A/Brisbane/10/2007": 0.7538292407989502,
      "H3N2 A/Texas/50/2012": 0.6120600700378418,
      "H3N2 A/Fujian/411/2002": 1.0
    },
    "H3N2 A/Bangkok/1/1979": {
      "H3N2 A/Beijing/353/1989": 1.0,
      "H3N2 A/Brisbane/10/2007": 0.12592165172100067,
      "H3N2 A/Texas/50/2012": 0.11401314288377762
    },
    "H3N2 A/Brisbane/10/2007": {
      "H3N2 A/Beijing/32/1992": 0.10628527402877808,
      "H3N2 A/California/7/2004": 0.4518311321735382,
      "H3N2 A/Texas/50/2012": 1.0
    },
    "H3N2 A/Texas/50/2012": {
      "H3N2 A/Perth/16/2009": 1.0,
      "H3N2 A/California/7/2004": 0.15244124829769135,
      "H3N2 A/Brisbane/10/2007": 0.4777333438396454
    },
    "H3N2 A/Fujian/411/2002": {
      "H3N2 A/California/7/2004": 1.0,
      "H3N2 A/Wuhan/359/1995": 0.24396969377994537
    },
    "H3N2 A/Wuhan/359/1995": {
      "H3N2 A/Perth/16/2009": 0.1396971344947815,
      "H3N2 A/Beijing/32/1992": 0.29981082677841187,
      "H3N2 A/Fujian/411/2002": 1.0
    }
  },
  "H3N2 A/California/7/2004": {
    "H3N2 A/Beijing/353/1989": {
      "H3N2 A/Victoria/3/1975": 1.0,
      "H3N2 A/Bangkok/1/1979": 1.0
    },
    "H3N2 A/Perth/16/2009": {
      "H3N2 A/Beijing/32/1992": 0.13556353747844696,
      "H3N2 A/Texas/50/2012": 1.0
    },
    "H3N2 A/Beijing/32/1992": {
      "H3N2 A/Perth/16/2009": 1.0,
      "H3N2 A/Brisbane/10/2007": 0.2145669013261795,
      "H3N2 A/Texas/50/2012": 0.39105352759361267,
      "H3N2 A/Fujian/411/2002": 0.35837069153785706,
      "H3N2 A/Wuhan/359/1995": 0.3926268517971039
    },
    "H3N2 A/Victoria/3/1975": {
      "H3N2 A/Beijing/353/1989": 0.5546004176139832,
      "H3N2 A/Bangkok/1/1979": 1.0
    },
    "H3N2 A/Bangkok/1/1979": {
      "H3N2 A/Beijing/353/1989": 0.5546011924743652,
      "H3N2 A/Victoria/3/1975": 1.0
    },
    "H3N2 A/Brisbane/10/2007": {
      "H3N2 A/Beijing/32/1992": 0.1030031219124794,
      "H3N2 A/Texas/50/2012": 1.0
    },
    "H3N2 A/Texas/50/2012": {
      "H3N2 A/Perth/16/2009": 1.0,
      "H3N2 A/Brisbane/10/2007": 0.6672165393829346
    },
    "H3N2 A/Fujian/411/2002": {
      "H3N2 A/Beijing/32/1992": 0.252120703458786,
      "H3N2 A/Brisbane/10/2007": 1.0,
      "H3N2 A/Wuhan/359/1995": 0.6291245222091675
    },
    "H3N2 A/Wuhan/359/1995": {
      "H3N2 A/Perth/16/2009": 0.1557544618844986,
      "H3N2 A/Beijing/32/1992": 0.3143967092037201,
      "H3N2 A/Fujian/411/2002": 1.0
    }
  },
  "H3N2 A/Bangkok/1/1979": {
    "H3N2 A/Beijing/353/1989": {
      "H3N2 A/Victoria/3/1975": 1.0
    },
    "H3N2 A/Perth/16/2009": {
      "H3N2 A/Beijing/32/1992": 0.15057925879955292,
      "H3N2 A/Texas/50/2012": 1.0,
      "H3N2 A/Wuhan/359/1995": 0.10791457444429398
    },
    "H3N2 A/Beijing/32/1992": {
      "H3N2 A/Perth/16/2009": 1.0,
      "H3N2 A/California/7/2004": 0.1635345071554184,
      "H3N2 A/Brisbane/10/2007": 0.18767520785331726,
      "H3N2 A/Texas/50/2012": 0.3497036397457123,
      "H3N2 A/Fujian/411/2002": 0.3497679531574249,