{
  "H3N2 A/Brisbane/10/2007": {
    "H3N2 A/Beijing/32/1992": {
      "H3N2 A/Sydney/5/1997": 0.43631231784820557,
      "H3N2 A/Wisconsin/67/2005": 0.3774120509624481,
      "H3N2 A/Panama/2007/1999": 0.8970853090286255,
      "H3N2 A/Perth/16/2009": 1.0
    },
    "H3N2 A/Sydney/5/1997": {
      "H3N2 A/Panama/2007/1999": 1.0
    },
    "H3N2 A/Wisconsin/67/2005": {
      "H3N2 A/Beijing/32/1992": 0.13725519180297852,
      "H3N2 A/Panama/2007/1999": 0.26879554986953735,
      "H3N2 A/Perth/16/2009": 1.0
    },
    "H3N2 A/Panama/2007/1999": {
      "H3N2 A/Sydney/5/1997": 1.0,
      "H3N2 A/Wisconsin/67/2005": 0.4224795699119568
    },
    "H3N2 A/Perth/16/2009": {
      "H3N2 A/Beijing/32/1992": 0.15190385282039642,
      "H3N2 A/Wisconsin/67/2005": 1.0,
      "H3N2 A/Panama/2007/1999": 0.12993749976158142
    }
  },
  "H3N2 A/Beijing/32/1992": {
    "H3N2 A/Brisbane/10/2007": {
      "H3N2 A/Wisconsin/67/2005": 1.0,
      "H3N2 A/Perth/16/2009": 0.1632440835237503
    },
    "H3N2 A/Sydney/5/1997": {
      "H3N2 A/Panama/2007/1999": 1.0
    },
    "H3N2 A/Wisconsin/67/2005": {
      "H3N2 A/Brisbane/10/2007": 1.0,
      "H3N2 A/Panama/2007/1999": 0.13948628306388855,
      "H3N2 A/Perth/16/2009": 0.4473113417625427
    },
    "H3N2 A/Panama/2007/1999": {
      "H3N2 A/Sydney/5/1997": 1.0,
      "H3N2 A/Wisconsin/67/2005": 0.2827913463115692
    },
    "H3N2 A/Perth/16/2009": {
      "H3N2 A/Brisbane/10/2007": 0.3294766843318939,
      "H3N2 A/Sydney/5/1997": 0.12842293083667755,
      "H3N2 A/Wisconsin/67/2005": 1.0,
      "H3N2 A/Panama/2007/1999": 0.20031554996967316
    }
  },
  "H3N2 A/Sydney/5/1997": {
    "H3N2 A/Brisbane/10/2007": {
      "H3N2 A/Wisconsin/67/2005": 1.0,
      "H3N2 A/Perth/16/2009": 0.14840710163116455
    },
    "H3N2 A/Beijing/32/1992": {
      "H3N2 A/Brisbane/10/2007": 0.24011485278606415,
      "H3N2 A/Wisconsin/67/2005": 0.23788486421108246,
      "H3N2 A/Panama/2007/1999": 1.0,
      "H3N2 A/Perth/16/2009": 0.8317044377326965
    },
    "H3N2 A/Wisconsin/67/2005": {
      "H3N2 A/Brisbane/10/2007": 1.0,
      "H3N2 A/Beijing/32/1992": 0.10057736188173294,
      "H3N2 A/Panama/2007/1999": 0.13674750924110413,
      "H3N2 A/Perth/16/2009": 0.42301496863365173
    },
    "H3N2 A/Panama/2007/1999": {
      "H3N2 A/Beijing/32/1992": 0.2781319320201874,
      "H3N2 A/Wisconsin/67/2005": 1.0,
      "H3N2 A/Perth/16/2009": 0.16900010406970978
    },
    "H3N2 A/Perth/16/2009": {
      "H3N2 A/Brisbane/10/2007": 0.2666473090648651,
      "H3N2 A/Beijing/32/1992": 0.2701401114463806,
      "H3N2 A/Wisconsin/67/2005": 1.0,
      "H3N2 A/Panama/2007/1999": 0.2682434916496277
    }
  },
  "H3N2 A/Wisconsin/67/2005": {
    "H3N2 A/Brisbane/10/2007": {
      "H3N2 A/Beijing/32/1992": 0.19599902629852295,
      "H3N2 A/Panama/2007/1999": 0.2832547724246979,
      "H3N2 A/Perth/16/2009": 1.0
    },
    "H3N2 A/Beijing/32/1992": {
      "H3N2 A/Brisbane/10/2007": 0.3571285605430603,
      "H3N2 A/Sydney/5/1997": 0.39330193400382996,
      "H3N2 A/Panama/2007/1999": 0.7658873796463013,
      "H3N2 A/Perth/16/2009": 1.0
    },
    "H3N2 A/Sydney/5/1997": {
      "H3N2 A/Panama/2007/1999": 1.0
    },
    "H3N2 A/Panama/2007/1999": {
      "H3N2 A/Brisbane/10/2007": 0.1893717646598816,
      "H3N2 A/Sydney/5/1997": 1.0
    },
    "H3N2 A/Perth/16/2009": {
      "H3N2 A/Brisbane/10/2007": 1.0,
      "H3N2 A/Beijing/32/1992": 0.1880718320608139,
      "H3N2 A/Sydney/5/1997": 0.15542717278003693,
      "H3N2 A/Panama/2007/1999": 0.22796036303043365
    }
  },
  "H3N2 A/Panama/2007/1999": {
    "H3N2 A/Brisbane/10/2007": {
      "H3N2 A/Wisconsin/67/2005": 1.0,
      "H3N2 A/Perth/16/2009": 0.13644413650035858
    },
    "H3N2 A/Beijing/32/1992": {
      "H3N2 A/Brisbane/10/2007": 0.3951314687728882,
      "H3N2 A/Sydney/5/1997": 0.6869634389877319,
      "H3N2 A/Wisconsin/67/2005": 0.3183375895023346,
      "H3N2 A/Perth/16/2009": 1.0
    },
    "H3N2 A/Sydney/5/1997": {
      "H3N2 A/Beijing/32/1992": 0.4847939908504486,
      "H3N2 A/Wisconsin/67/2005": 1.0,
      "H3N2 A/Perth/16/2009": 0.40244197845458984
    },
    "H3N2 A/Wisconsin/67/2005": {
      "H3N2 A/Brisbane/10/2007": 1.0,
      "H3N2 A/Sydney/5/1997": 0.1505277305841446,
      "H3N2 A/Perth/16/2009": 0.37558677792549133
    },
    "H3N2 A/Perth/16/2009": {
      "H3N2 A/Brisbane/10/2007": 0.2913578450679779,
      "H3N2 A/Beijing/32/1992": 0.23282834887504578,
      "H3N2 A/Sydney/5/1997": 0.3123408257961273,
      "H3N2 A/Wisconsin/67/2005": 1.0
    }
  },
  "H3N2 A/Perth/16/2009": {
    "H3N2 A/Brisbane/10/2007": {
      "H3N2 A/Wisconsin/67/2005": 1.0
    },
    "H3N2 A/Beijing/32/1992": {
      "H3N2 A/Brisbane/10/2007": 0.5205322504043579,
      "H3N2 A/Sydney/5/1997": 0.44252872467041016,
      "H3N2 A/Wisconsin/67/2005": 0.6064026951789856,
      "H3N2 A/Panama/2007/1999": 1.0
    },
    "H3N2 A/Sydney/5/1997": {
      "H3N2 A/Panama/2007/1999": 1.0
    },
    "H3N2 A/Wisconsin/67/2005": {
      "H3N2 A/Brisbane/10/2007": 1.0,
      "H3N2 A/Panama/2007/1999": 0.11565838754177094
    },
    "H3N2 A/Panama/2007/1999": {
      "H3N2 A/Sydney/5/1997": 1.0,
      "H3N2 A/Wisconsin/67/2005": 0.4013511836528778
    }
  }
}