{
  "H3N2 A/Beijing/353/1989": {
    "H3N2 A/Beijing/32/1992": {
      "H3N2 A/Sydney/5/1997": 0.47600868344306946,
      "H3N2 A/Texas/50/2012": 1.0,
      "H3N2 A/Wuhan/359/1995": 0.25475946068763733
    },
    "H3N2 A/Sydney/5/1997": {
      "H3N2 A/Beijing/32/1992": 0.5070997476577759,
      "H3N2 A/Bangkok/1/1979": 0.16413278877735138,
      "H3N2 A/Texas/50/2012": 0.20577530562877655,
      "H3N2 A/Wuhan/359/1995": 1.0
    },
    "H3N2 A/Bangkok/1/1979": {
      "H3N2 A/Sydney/5/1997": 0.34505635499954224,
      "H3N2 A/Texas/50/2012": 1.0
    },
    "H3N2 A/Texas/50/2012": {
      "H3N2 A/Beijing/32/1992": 1.0,
      "H3N2 A/Sydney/5/1997": 0.8776096105575562,
      "H3N2 A/Bangkok/1/1979": 0.2872871160507202
    },
    "H3N2 A/Wuhan/359/1995": {
      "H3N2 A/Beijing/32/1992": 0.4606461524963379,
      "H3N2 A/Sydney/5/1997": 1.0
    }
  },
  "H3N2 A/Beijing/32/1992": {
    "H3N2 A/Beijing/353/1989": {
      "H3N2 A/Bangkok/1/1979": 1.0
    },
    "H3N2 A/Sydney/5/1997": {
      "H3N2 A/Texas/50/2012": 0.4246385097503662,
      "H3N2 A/Wuhan/359/1995": 1.0
    },
    "H3N2 A/Bangkok/1/1979": {
      "H3N2 A/Beijing/353/1989": 1.0
    },
    "H3N2 A/Texas/50/2012": {
      "H3N2 A/Beijing/353/1989": 0.12105776369571686,
      "H3N2 A/Sydney/5/1997": 1.0,
      "H3N2 A/Bangkok/1/1979": 0.11755524575710297
    },
    "H3N2 A/Wuhan/359/1995": {
      "H3N2 A/Sydney/5/1997": 1.0
    }
  },
  "H3N2 A/Sydney/5/1997": {
    "H3N2 A/Beijing/353/1989": {
      "H3N2 A/Bangkok/1/1979": 1.0
    },
    "H3N2 A/Beijing/32/1992": {
      "H3N2 A/Texas/50/2012": 1.0,
      "H3N2 A/Wuhan/359/1995": 0.27942487597465515
    },
    "H3N2 A/Bangkok/1/1979": {
      "H3N2 A/Beijing/353/1989": 1.0
    },
    "H3N2 A/Texas/50/2012": {
      "H3N2 A/Beijing/353/1989": 0.16232559084892273,
      "H3N2 A/Beijing/32/1992": 1.0,
      "H3N2 A/Bangkok/1/1979": 0.1898830085992813,
      "H3N2 A/Wuhan/359/1995": 0.11698736250400543
    },
    "H3N2 A/Wuhan/359/1995": {
      "H3N2 A/Beijing/32/1992": 1.0
    }
  },
  "H3N2 A/Bangkok/1/1979": {
    "H3N2 A/Beijing/353/1989": {
      "H3N2 A/Sydney/5/1997": 0.3124927878379822,
      "H3N2 A/Texas/50/2012": 1.0
    },
    "H3N2 A/Beijing/32/1992": {
      "H3N2 A/Sydney/5/1997": 0.47598960995674133,
      "H3N2 A/Texas/50/2012": 1.0,
      "H3N2 A/Wuhan/359/1995": 0.25480031967163086
    },
    "H3N2 A/Sydney/5/1997": {
      "H3N2 A/Beijing/32/1992": 0.5106956362724304,
      "H3N2 A/Texas/50/2012": 0.21546515822410583,
      "H3N2 A/Wuhan/359/1995": 1.0
    },
    "H3N2 A/Texas/50/2012": {
      "H3N2 A/Beijing/353/1989": 0.3110561668872833,
      "H3N2 A/Beijing/32/1992": 1.0,
      "H3N2 A/Sydney/5/1997": 0.8954504132270813
    },
    "H3N2 A/Wuhan/359/1995": {
      "H3N2 A/Beijing/32/1992": 0.4615153670310974,
      "H3N2 A/Sydney/5/1997": 1.0
    }
  },
  "H3N2 A/Texas/50/2012": {
    "H3N2 A/Beijing/353/1989": {
      "H3N2 A/Bangkok/1/1979": 1.0
    },
    "H3N2 A/Beijing/32/1992": {
      "H3N2 A/Sydney/5/1997": 1.0,
      "H3N2 A/Wuhan/359/1995": 0.2951410710811615
    },
    "H3N2 A/Sydney/5/1997": {
      "H3N2 A/Beijing/353/1989": 0.1119736060500145,
      "H3N2 A/Beijing/32/1992": 0.8030744194984436,
      "H3N2 A/Bangkok/1/1979": 0.33259615302085876,
      "H3N2 A/Wuhan/359/1995": 1.0
    },
    "H3N2 A/Bangkok/1/1979": {
      "H3N2 A/Beijing/353/1989": 1.0
    },
    "H3N2 A/Wuhan/359/1995": {
      "H3N2 A/Beijing/32/1992": 0.39212122559547424,
      "H3N2 A/Sydney/5/1997": 1.0
    }
  },
  "H3N2 A/Wuhan/359/1995": {
    "H3N2 A/Beijing/353/1989": {
      "H3N2 A/Bangkok/1/1979": 1.0
    },
    "H3N2 A/Beijing/32/1992": {
      "H3N2 A/Sydney/5/1997": 1.0,
      "H3N2 A/Texas/50/2012": 0.9514924883842468
    },
    "H3N2 A/Sydney/5/1997": {
      "H3N2 A/Beijing/32/1992": 1.0,
      "H3N2 A/Bangkok/1/1979": 0.17292346060276031,
      "H3N2 A/Texas/50/2012": 0.4164164662361145
    },
    "H3N2 A/Bangkok/1/1979": {
      "H3N2 A/Beijing/353/1989": 1.0
    },
    "H3N2 A/Texas/50/2012": {
      "H3N2 A/Beijing/353/1989": 0.1338808238506317,
      "H3N2 A/Beijing/32/1992": 0.9852949380874634,
      "H3N2 A/Sydney/5/1997": 1.0,
      "H3N2 A/Bangkok/1/1979": 0.13074052333831787
    }
  }
}