{
  "H3N2 A/Perth/16/2009": {
    "H3N2 A/Brisbane/10/2007": {
      "H3N2 A/Texas/50/2012": 0.3559410274028778,
      "H3N2 A/Switzerland/9715293/2013": 0.3195848762989044,
      "H3N2 A/Fujian/411/2002": 0.11824693530797958,
      "H3N2 A/Wisconsin/67/2005": 1.0
    },
    "H3N2 A/Texas/50/2012": {
      "H3N2 A/Brisbane/10/2007": 0.2983395457267761,
      "H3N2 A/Switzerland/9715293/2013": 1.0,
      "H3N2 A/Wisconsin/67/2005": 0.14086928963661194
    },
    "H3N2 A/Switzerland/9715293/2013": {
      "H3N2 A/Brisbane/10/2007": 0.25940632820129395,
      "H3N2 A/Texas/50/2012": 1.0,
      "H3N2 A/Wisconsin/67/2005": 0.24703074991703033
    },
    "H3N2 A/Fujian/411/2002": {
      "H3N2 A/Brisbane/10/2007": 0.8171375393867493,
      "H3N2 A/Texas/50/2012": 0.2896715998649597,
      "H3N2 A/Wisconsin/67/2005": 1.0
    },
    "H3N2 A/Wisconsin/67/2005": {
      "H3N2 A/Brisbane/10/2007": 1.0,
      "H3N2 A/Texas/50/2012": 0.14092710614204407,
      "H3N2 A/Switzerland/9715293/2013": 0.17983201146125793,
      "H3N2 A/Fujian/411/2002": 0.20645759999752045
    }
  },
  "H3N2 A/Brisbane/10/2007": {
    "H3N2 A/Perth/16/2009": {
      "H3N2 A/Texas/50/2012": 0.6799830198287964,
      "H3N2 A/Switzerland/9715293/2013": 1.0,
      "H3N2 A/Wisconsin/67/2005": 0.20636913180351257
    },
    "H3N2 A/Texas/50/2012": {
      "H3N2 A/Perth/16/2009": 0.8294381499290466,
      "H3N2 A/Switzerland/9715293/2013": 1.0,
      "H3N2 A/Wisconsin/67/2005": 0.27809709310531616
    },
    "H3N2 A/Switzerland/9715293/2013": {
      "H3N2 A/Perth/16/2009": 0.6828778982162476,
      "H3N2 A/Texas/50/2012": 1.0,
      "H3N2 A/Wisconsin/67/2005": 0.34270766377449036
    },
    "H3N2 A/Fujian/411/2002": {
      "H3N2 A/Texas/50/2012": 0.225846067070961,
      "H3N2 A/Wisconsin/67/2005": 1.0
    },
    "H3N2 A/Wisconsin/67/2005": {
      "H3N2 A/Perth/16/2009": 0.5278364419937134,
      "H3N2 A/Texas/50/2012": 0.6466005444526672,
      "H3N2 A/Switzerland/9715293/2013": 0.46130335330963135,
      "H3N2 A/Fujian/411/2002": 1.0
    }
  },
  "H3N2 A/Texas/50/2012": {
    "H3N2 A/Perth/16/2009": {
      "H3N2 A/Brisbane/10/2007": 0.3315388560295105,
      "H3N2 A/Switzerland/9715293/2013": 1.0,
      "H3N2 A/Wisconsin/67/2005": 0.10971875488758087
    },
    "H3N2 A/Brisbane/10/2007": {
      "H3N2 A/Perth/16/2009": 0.3813995122909546,
      "H3N2 A/Switzerland/9715293/2013": 0.28253060579299927,
      "H3N2 A/Fujian/411/2002": 0.13672079145908356,
      "H3N2 A/Wisconsin/67/2005": 1.0
    },
    "H3N2 A/Switzerland/9715293/2013": {
      "H3N2 A/Perth/16/2009": 1.0,
      "H3N2 A/Brisbane/10/2007": 0.3655352294445038,
      "H3N2 A/Wisconsin/67/2005": 0.3938356339931488
    },
    "H3N2 A/Fujian/411/2002": {
      "H3N2 A/Brisbane/10/2007": 0.866154134273529,
      "H3N2 A/Wisconsin/67/2005": 1.0
    },
    "H3N2 A/Wisconsin/67/2005": {
      "H3N2 A/Perth/16/2009": 0.14947515726089478,
      "H3N2 A/Brisbane/10/2007": 1.0,
      "H3N2 A/Switzerland/9715293/2013": 0.16085945069789886,
      "H3N2 A/Fujian/411/2002": 0.21843621134757996
    }
  },
  "H3N2 A/Switzerland/9715293/2013": {
    "H3N2 A/Perth/16/2009": {
      "H3N2 A/Brisbane/10/2007": 0.4402749240398407,
      "H3N2 A/Texas/50/2012": 1.0,
      "H3N2 A/Wisconsin/67/2005": 0.1846126765012741
    },
    "H3N2 A/Brisbane/10/2007": {
      "H3N2 A/Perth/16/2009": 0.4066373407840729,
      "H3N2 A/Texas/50/2012": 0.3820124566555023,
      "H3N2 A/Wisconsin/67/2005": 1.0
    },
    "H3N2 A/Texas/50/2012": {
      "H3N2 A/Perth/16/2009": 1.0,
      "H3N2 A/Brisbane/10/2007": 0.36408188939094543,
      "H3N2 A/Wisconsin/67/2005": 0.2285802960395813
    },
    "H3N2 A/Fujian/411/2002": {
      "H3N2 A/Brisbane/10/2007": 0.8982560634613037,
      "H3N2 A/Texas/50/2012": 0.22902151942253113,
      "H3N2 A/Wisconsin/67/2005": 1.0
    },
    "H3N2 A/Wisconsin/67/2005": {
      "H3N2 A/Perth/16/2009": 0.19581587612628937,
      "H3N2 A/Brisbane/10/2007": 1.0,
      "H3N2 A/Texas/50/2012": 0.16256393492221832,
      "H3N2 A/Fujian/411/2002": 0.15706422924995422
    }
  },
  "H3N2 A/Fujian/411/2002": {
    "H3N2 A/Perth/16/2009": {
      "H3N2 A/Brisbane/10/2007": 0.2843749225139618,
      "H3N2 A/Texas/50/2012": 0.6403087377548218,
      "H3N2 A/Switzerland/9715293/2013": 1.0
    },
    "H3N2 A/Brisbane/10/2007": {
      "H3N2 A/Perth/16/2009": 0.20951591432094574,
      "H3N2 A/Texas/50/2012": 0.24200339615345,
      "H3N2 A/Switzerland/9715293/2013": 0.11769219487905502,
      "H3N2 A/Wisconsin/67/2005": 1.0
    },
    "H3N2 A/Texas/50/2012": {
      "H3N2 A/Perth/16/2009": 0.8425474166870117,
      "H3N2 A/Brisbane/10/2007": 0.3536704182624817,
      "H3N2 A/Switzerland/9715293/2013": 1.0,
      "H3N2 A/Wisconsin/67/2005": 0.19308730959892273
    },
    "H3N2 A/Switzerland/9715293/2013": {
      "H3N2 A/Perth/16/2009": 0.6328560709953308,
      "H3N2 A/Brisbane/10/2007": 0.14622244238853455,
      "H3N2 A/Texas/50/2012": 1.0,
      "H3N2 A/Wisconsin/67/2005": 0.19445060193538666
    },
    "H3N2 A/Wisconsin/67/2005": {
      "H3N2 A/Brisbane/10/2007": 1.0
    }
  },
  "H3N2 A/Wisconsin/67/2005": {
    "H3N2 A/Perth/16/2009": {
      "H3N2 A/Brisbane/10/2007": 0.42111560702323914,
      "H3N2 A/Texas/50/2012": 0.6269180178642273,
      "H3N2 A/Switzerland/9715293/2013": 1.0
    },
    "H3N2 A/Brisbane/10/2007": {
      "H3N2 A/Perth/16/2009": 0.8873782753944397,
      "H3N2 A/Texas/50/2012": 1.0,
      "H3N2 A/Switzerland/9715293/2013": 0.5764955282211304,
      "H3N2 A/Fujian/411/2002": 0.8031948208808899
    },
    "H3N2 A/Texas/50/2012": {
      "H3N2 A/Perth/16/2009": 0.7971048951148987,
      "H3N2 A/Brisbane/10/2007": 0.40604084730148315,
      "H3N2 A/Switzerland/9715293/2013": 1.0
    },
    "H3N2 A/Switzerland/9715293/2013": {
      "H3N2 A/Perth/16/2009": 0.6286975145339966,
      "H3N2 A/Brisbane/10/2007": 0.29208341240882874,
      "H3N2 A/Texas/50/2012": 1.0
    },
    "H3N2 A/Fujian/411/2002": {
      "H3N2 A/Brisbane/10/2007": 1.0,
      "H3N2 A/Texas/50/2012": 0.17453105747699738
    }
  }
}