{
  "H3N2 A/Perth/16/2009": {
    "H3N2 A/Brisbane/10/2007": {
      "H3N2 A/Texas/50/2012": 0.4176156222820282,
      "H3N2 A/Switzerland/9715293/2013": 0.27665773034095764,
      "H3N2 A/Wisconsin/67/2005": 1.0
    },
    "H3N2 A/Texas/50/2012": {
      "H3N2 A/Brisbane/10/2007": 0.6051360964775085,
      "H3N2 A/Switzerland/9715293/2013": 1.0,
      "H3N2 A/Wisconsin/67/2005": 0.8088647723197937
    },
    "H3N2 A/Switzerland/9715293/2013": {
      "H3N2 A/Brisbane/10/2007": 0.3290785551071167,
      "H3N2 A/Texas/50/2012": 1.0,
      "H3N2 A/Wisconsin/67/2005": 0.22366935014724731
    },
    "H3N2 A/Fujian/411/2002": {
      "H3N2 A/Brisbane/10/2007": 0.158045694231987,
      "H3N2 A/Wisconsin/67/2005": 1.0
    },
    "H3N2 A/Wisconsin/67/2005": {
      "H3N2 A/Brisbane/10/2007": 1.0,
      "H3N2 A/Texas/50/2012": 0.5029318332672119,
      "H3N2 A/Switzerland/9715293/2013": 0.15576410293579102
    }
  },
  "H3N2 A/Brisbane/10/2007": {
    "H3N2 A/Perth/16/2009": {
      "H3N2 A/Texas/50/2012": 1.0,
      "H3N2 A/Switzerland/9715293/2013": 0.8421067595481873,
      "H3N2 A/Wisconsin/67/2005": 0.35911935567855835
    },
    "H3N2 A/Texas/50/2012": {
      "H3N2 A/Perth/16/2009": 0.7177075147628784,
      "H3N2 A/Switzerland/9715293/2013": 0.8152887225151062,
      "H3N2 A/Wisconsin/67/2005": 1.0
    },
    "H3N2 A/Switzerland/9715293/2013": {
      "H3N2 A/Perth/16/2009": 0.48833560943603516,
      "H3N2 A/Texas/50/2012": 1.0,
      "H3N2 A/Wisconsin/67/2005": 0.3750002086162567
    },
    "H3N2 A/Fujian/411/2002": {
      "H3N2 A/Wisconsin/67/2005": 1.0
    },
    "H3N2 A/Wisconsin/67/2005": {
      "H3N2 A/Perth/16/2009": 0.23771293461322784,
      "H3N2 A/Texas/50/2012": 1.0,
      "H3N2 A/Switzerland/9715293/2013": 0.37397894263267517,
      "H3N2 A/Fujian/411/2002": 0.13362851738929749
    }
  },
  "H3N2 A/Texas/50/2012": {
    "H3N2 A/Perth/16/2009": {
      "H3N2 A/Brisbane/10/2007": 0.42272284626960754,
      "H3N2 A/Switzerland/9715293/2013": 1.0,
      "H3N2 A/Wisconsin/67/2005": 0.43369850516319275
    },
    "H3N2 A/Brisbane/10/2007": {
      "H3N2 A/Perth/16/2009": 0.18963946402072906,
      "H3N2 A/Switzerland/9715293/2013": 0.2881098985671997,
      "H3N2 A/Wisconsin/67/2005": 1.0
    },
    "H3N2 A/Switzerland/9715293/2013": {
      "H3N2 A/Perth/16/2009": 1.0,
      "H3N2 A/Brisbane/10/2007": 0.6702272295951843,
      "H3N2 A/Wisconsin/67/2005": 0.5239287614822388
    },
    "H3N2 A/Fujian/411/2002": {
      "H3N2 A/Brisbane/10/2007": 0.20014642179012299,
      "H3N2 A/Wisconsin/67/2005": 1.0
    },
    "H3N2 A/Wisconsin/67/2005": {
      "H3N2 A/Perth/16/2009": 0.18204885721206665,
      "H3N2 A/Brisbane/10/2007": 1.0,
      "H3N2 A/Switzerland/9715293/2013": 0.2080635130405426
    }
  },
  "H3N2 A/Switzerland/9715293/2013": {
    "H3N2 A/Perth/16/2009": {
      "H3N2 A/Brisbane/10/2007": 0.29552602767944336,
      "H3N2 A/Texas/50/2012": 1.0,
      "H3N2 A/Wisconsin/67/2005": 0.22001178562641144
    },
    "H3N2 A/Brisbane/10/2007": {
      "H3N2 A/Perth/16/2009": 0.16806316375732422,
      "H3N2 A/Texas/50/2012": 0.44189703464508057,
      "H3N2 A/Wisconsin/67/2005": 1.0
    },
    "H3N2 A/Texas/50/2012": {
      "H3N2 A/Perth/16/2009": 1.0,
      "H3N2 A/Brisbane/10/2007": 0.6677365899085999,
      "H3N2 A/Wisconsin/67/2005": 0.770625114440918
    },
    "H3N2 A/Fujian/411/2002": {
      "H3N2 A/Brisbane/10/2007": 0.21702556312084198,
      "H3N2 A/Wisconsin/67/2005": 1.0
    },
    "H3N2 A/Wisconsin/67/2005": {
      "H3N2 A/Perth/16/2009": 0.12103357911109924,
      "H3N2 A/Brisbane/10/2007": 1.0,
      "H3N2 A/Texas/50/2012": 0.49804559350013733
    }
  },
  "H3N2 A/Fujian/411/2002": {
    "H3N2 A/Perth/16/2009": {
      "H3N2 A/Brisbane/10/2007": 0.2342034876346588,
      "H3N2 A/Texas/50/2012": 0.9446086287498474,
      "H3N2 A/Switzerland/9715293/2013": 1.0,
      "H3N2 A/Wisconsin/67/2005": 0.1446872055530548
    },
    "H3N2 A/Brisbane/10/2007": {
      "H3N2 A/Texas/50/2012": 0.2620892822742462,
      "H3N2 A/Switzerland/9715293/2013": 0.1651342362165451,
      "H3N2 A/Wisconsin/67/2005": 1.0
    },
    "H3N2 A/Texas/50/2012": {
      "H3N2 A/Perth/16/2009": 0.6654621958732605,
      "H3N2 A/Brisbane/10/2007": 0.6573215126991272,
      "H3N2 A/Switzerland/9715293/2013": 1.0,
      "H3N2 A/Wisconsin/67/2005": 0.9412025809288025
    },
    "H3N2 A/Switzerland/9715293/2013": {
      "H3N2 A/Perth/16/2009": 0.44904711842536926,
      "H3N2 A/Brisbane/10/2007": 0.3756254017353058,
      "H3N2 A/Texas/50/2012": 1.0,
      "H3N2 A/Wisconsin/67/2005": 0.2649092972278595
    },
    "H3N2 A/Wisconsin/67/2005": {
      "H3N2 A/Brisbane/10/2007": 1.0,
      "H3N2 A/Texas/50/2012": 0.349597305059433
    }
  },
  "H3N2 A/Wisconsin/67/2005": {
    "H3N2 A/Perth/16/2009": {
      "H3N2 A/Brisbane/10/2007": 0.405780166387558,
      "H3N2 A/Texas/50/2012": 1.0,
      "H3N2 A/Switzerland/9715293/2013": 0.7417311072349548
    },
    "H3N2 A/Brisbane/10/2007": {
      "H3N2 A/Perth/16/2009": 0.32030189037323,
      "H3N2 A/Texas/50/2012": 1.0,
      "H3N2 A/Switzerland/9715293/2013": 0.5495424270629883
    },
    "H3N2 A/Texas/50/2012": {
      "H3N2 A/Perth/16/2009": 0.8736849427223206,
      "H3N2 A/Brisbane/10/2007": 1.0,
      "H3N2 A/Switzerland/9715293/2013": 0.9227399826049805
    },
    "H3N2 A/Switzerland/9715293/2013": {
      "H3N2 A/Perth/16/2009": 0.45758166909217834,
      "H3N2 A/Brisbane/10/2007": 0.4774792492389679,
      "H3N2 A/Texas/50/2012": 1.0
    },
    "H3N2 A/Fujian/411/2002": {
      "H3N2 A/Brisbane/10/2007": 1.0,
      "H3N2 A/Switzerland/9715293/2013": 0.16418592631816864
    }
  }
}