{
  "H3N2 A/Beijing/353/1989": {
    "H3N2 A/Perth/16/2009": {
      "H3N2 A/Brisbane/10/2007": 0.5272252559661865,
      "H3N2 A/Texas/50/2012": 1.0
    },
    "H3N2 A/Beijing/32/1992": {
      "H3N2 A/Perth/16/2009": 0.6671335697174072,
      "H3N2 A/Brisbane/10/2007": 0.1471947878599167,
      "H3N2 A/Fujian/411/2002": 0.5787023901939392,
      "H3N2 A/Wuhan/359/1995": 1.0
    },
    "H3N2 A/Victoria/3/1975": {
      "H3N2 A/Perth/16/2009": 0.35547444224357605,
      "H3N2 A/California/7/2004": 0.23636314272880554,
      "H3N2 A/Brisbane/10/2007": 0.3980526626110077,
      "H3N2 A/Texas/50/2012": 0.41594862937927246,
      "H3N2 A/Fujian/411/2002": 1.0
    },
    "H3N2 A/California/7/2004": {
      "H3N2 A/Perth/16/2009": 0.19984161853790283,
      "H3N2 A/Brisbane/10/2007": 1.0,
      "H3N2 A/Fujian/411/2002": 0.7189478278160095,
      "H3N2 A/Wuhan/359/1995": 0.1484314650297165
    },
    "H3N2 A/Bangkok/1/1979": {
      "H3N2 A/Perth/16/2009": 0.3554393947124481,
      "H3N2 A/California/7/2004": 0.23633791506290436,
      "H3N2 A/Brisbane/10/2007": 0.3979640007019043,
      "H3N2 A/Texas/50/2012": 0.41591355204582214,
      "H3N2 A/Fujian/411/2002": 1.0
    },
    "H3N2 A/Brisbane/10/2007": {
      "H3N2 A/Perth/16/2009": 0.8352503776550293,
      "H3N2 A/California/7/2004": 0.8193502426147461,
      "H3N2 A/Texas/50/2012": 1.0,
      "H3N2 A/Fujian/411/2002": 0.14894849061965942
    },
    "H3N2 A/Texas/50/2012": {
      "H3N2 A/Perth/16/2009": 1.0,
      "H3N2 A/Brisbane/10/2007": 0.5245005488395691,
      "H3N2 A/Wuhan/359/1995": 0.1221073642373085
    },
    "H3N2 A/Fujian/411/2002": {
      "H3N2 A/California/7/2004": 1.0,
      "H3N2 A/Brisbane/10/2007": 0.45112547278404236,
      "H3N2 A/Wuhan/359/1995": 0.16855016350746155
    },
    "H3N2 A/Wuhan/359/1995": {
      "H3N2 A/Beijing/32/1992": 0.4710056781768799,
      "H3N2 A/California/7/2004": 0.381142795085907,
      "H3N2 A/Brisbane/10/2007": 0.11119748651981354,
      "H3N2 A/Texas/50/2012": 0.6563733220100403,
      "H3N2 A/Fujian/411/2002": 1.0
    }
  },
  "H3N2 A/Perth/16/2009": {
    "H3N2 A/Beijing/353/1989": {
      "H3N2 A/Brisbane/10/2007": 0.8956780433654785,
      "H3N2 A/Texas/50/2012": 1.0,
      "H3N2 A/Fujian/411/2002": 0.6450146436691284
    },
    "H3N2 A/Beijing/32/1992": {
      "H3N2 A/Brisbane/10/2007": 0.37682726979255676,
      "H3N2 A/Texas/50/2012": 0.29160207509994507,
      "H3N2 A/Fujian/411/2002": 0.6383695006370544,
      "H3N2 A/Wuhan/359/1995": 1.0
    },
    "H3N2 A/Victoria/3/1975": {
      "H3N2 A/California/7/2004": 0.3203580677509308,
      "H3N2 A/Brisbane/10/2007": 0.6211270689964294,
      "H3N2 A/Texas/50/2012": 0.6677706241607666,
      "H3N2 A/Fujian/411/2002": 1.0
    },
    "H3N2 A/California/7/2004": {
      "H3N2 A/Brisbane/10/2007": 1.0,
      "H3N2 A/Texas/50/2012": 0.17483490705490112,
      "H3N2 A/Fujian/411/2002": 0.5909132361412048,
      "H3N2 A/Wuhan/359/1995": 0.12061279267072678
    },
    "H3N2 A/Bangkok/1/1979": {
      "H3N2 A/California/7/2004": 0.3203485906124115,
      "H3N2 A/Brisbane/10/2007": 0.6211624145507812,
      "H3N2 A/Texas/50/2012": 0.6678087711334229,
      "H3N2 A/Fujian/411/2002": 1.0
    },
    "H3N2 A/Brisbane/10/2007": {
      "H3N2 A/California/7/2004": 0.5548078417778015,
      "H3N2 A/Texas/50/2012": 1.0
    },
    "H3N2 A/Texas/50/2012": {
      "H3N2 A/California/7/2004": 0.17343558371067047,
      "H3N2 A/Brisbane/10/2007": 1.0,
      "H3N2 A/Wuhan/359/1995": 0.1209637001156807
    },
    "H3N2 A/Fujian/411/2002": {
      "H3N2 A/California/7/2004": 1.0,
      "H3N2 A/Brisbane/10/2007": 0.4370741844177246,
      "H3N2 A/Wuhan/359/1995": 0.16595005989074707
    },
    "H3N2 A/Wuhan/359/1995": {
      "H3N2 A/Beijing/32/1992": 0.4363672435283661,
      "H3N2 A/California/7/2004": 0.3732164204120636,
      "H3N2 A/Brisbane/10/2007": 0.197334423661232,
      "H3N2 A/Texas/50/2012": 0.6841943860054016,
      "H3N2 A/Fujian/411/2002": 1.0
    }
  },
  "H3N2 A/Beijing/32/1992": {
    "H3N2 A/Beijing/353/1989": {
      "H3N2 A/Perth/16/2009": 0.5872350335121155,
      "H3N2 A/Brisbane/10/2007": 0.771534264087677,
      "H3N2 A/Texas/50/2012": 0.8784281611442566,
      "H3N2 A/Fujian/411/2002": 1.0
    },
    "H3N2 A/Perth/16/2009": {
      "H3N2 A/Brisbane/10/2007": 0.5327638983726501,
      "H3N2 A/Texas/50/2012": 1.0
    },
    "H3N2 A/Victoria/3/1975": {
      "H3N2 A/Perth/16/2009": 0.35333800315856934,
      "H3N2 A/California/7/2004": 0.2367067188024521,
      "H3N2 A/Brisbane/10/2007": 0.39260026812553406,
      "H3N2 A/Texas/50/2012": 0.4052414298057556,
      "H3N2 A/Fujian/411/2002": 1.0
    },
    "H3N2 A/California/7/2004": {
      "H3N2 A/Perth/16/2009": 0.19100525975227356,
      "H3N2 A/Brisbane/10/2007": 1.0,
      "H3N2 A/Fujian/411/2002": 0.7223085165023804,
      "H3N2 A/Wuhan/359/1995": 0.155650794506073
    },
    "H3N2 A/Bangkok/1/1979": {
      "H3N2 A/Perth/16/2009": 0.35345083475112915,
      "H3N2 A/California/7/2004": 0.23671865463256836,
      "H3N2 A/Brisbane/10/2007": 0.39265865087509155,
      "H3N2 A/Texas/50/2012": 0.40534576773643494,
      "H3N2 A/Fujian/411/2002": 1.0
    },
    "H3N2 A/Brisbane/10/2007": {
      "H3N2 A/Perth/16/2009": 0.8313274383544922,
      "H3N2 A/California/7/2004": 0.826072096824646,
      "H3N2 A/Texas/50/2012": 1.0,
      "H3N2 A/Fujian/411/2002": 0.14965173602104187
    },
    "H3N2 A/Texas/50/2012": {
      "H3N2 A/Perth/16/2009": 1.0,
      "H3N2 A/Brisbane/10/2007": 0.5277994871139526,
      "H3N2 A/Wuhan/359/1995": 0.1237330287694931
    },
    "H3N2 A/Fujian/411/2002": {
      "H3N2 A/California/7/2004": 1.0,
      "H3N2 A/Brisbane/10/2007": 0.4592112600803375,
      "H3N2 A/Wuhan/359/1995": 0.1898353397846222
    },
    "H3N2 A/Wuhan/359/1995": {
      "H3N2 A/California/7/2004": 0.30831098556518555,
      "H3N2 A/Texas/50/2012": 0.5594395995140076,
      "H3N2 A/Fujian/411/2002": 1.0
    }
  },
  "H3N2 A/Victoria/3/1975": {
    "H3N2 A/Beijing/353/1989": {
      "H3N2 A/Perth/16/2009": 0.7018992900848389,
      "H3N2 A/Brisbane/10/2007": 0.7890674471855164,
      "H3N2 A/Texas/50/2012": 0.8981842994689941,
      "H3N2 A/Fujian/411/2002": 1.0
    },
    "H3N2 A/Perth/16/2009": {
      "H3N2 A/Brisbane/10/2007": 0.5284992456436157,
      "H3N2 A/Texas/50/2012": 1.0
    },
    "H3N2 A/Beijing/32/1992": {
      "H3N2 A/Perth/16/2009": 0.6718001961708069,
      "H3N2 A/Brisbane/10/2007": 0.1558869332075119,
      "H3N2 A/Fujian/411/2002": 0.5754979252815247,
      "H3N2 A/Wuhan/359/1995": 1.0
    },
    "H3N2 A/California/7/2004": {
      "H3N2 A/Perth/16/2009": 0.20015710592269897,
      "H3N2 A/Brisbane/10/2007": 1.0,
      "H3N2 A/Fujian/411/2002": 0.7105358242988586,
      "H3N2 A/Wuhan/359/1995": 0.14443175494670868
    },
    "H3N2 A/Bangkok/1/1979": {
      "H3N2 A/Perth/16/2009": 0.35557863116264343,
      "H3N2 A/California/7/2004": 0.23474298417568207,
      "H3N2 A/Brisbane/10/2007": 0.38910236954689026,
      "H3N2 A/Texas/50/2012": 0.4090280830860138,
      "H3N2 A/Fujian/411/2002": 1.0
    },
    "H3N2 A/Brisbane/10/2007": {
      "H3N2 A/Perth/16/2009": 0.8306835889816284,
      "H3N2 A/California/7/2004": 0.8187705278396606,
      "H3N2 A/Texas/50/2012": 1.0,
      "H3N2 A/Fujian/411/2002": 0.15013110637664795
    },
    "H3N2 A/Texas/50/2012": {
      "H3N2 A/Perth/16/2009": 1.0,
      "H3N2 A/Brisbane/10/2007": 0.5271696448326111,
      "H3N2 A/Wuhan/359/1995": 0.11950065195560455
    },
    "H3N2 A/Fujian/411/2002": {
      "H3N2 A/California/7/2004": 1.0,
      "H3N2 A/Brisbane/10/2007": 0.4612615704536438,
      "H3N2 A/Wuhan/359/1995": 0.1686992198228836
    },
    "H3N2 A/Wuhan/359/1995": {
      "H3N2 A/Beijing/32/1992": 0.47767701745033264,
      "H3N2 A/California/7/2004": 0.38000980019569397,
      "H3N2 A/Brisbane/10/2007": 0.1077345460653305,
      "H3N2 A/Texas/50/2012": 0.6656730771064758,
      "H3N2 A/Fujian/411/2002": 1.0
    }
  },