{
  "H3N2 A/Beijing/353/1989": {
    "H3N2 A/Perth/16/2009": {
      "H3N2 A/Brisbane/10/2007": 0.5271918177604675,
      "H3N2 A/Texas/50/2012": 1.0
    },
    "H3N2 A/Beijing/32/1992": {
      "H3N2 A/Perth/16/2009": 0.6671163439750671,
      "H3N2 A/Brisbane/10/2007": 0.14719964563846588,
      "H3N2 A/Fujian/411/2002": 0.5786774754524231,
      "H3N2 A/Wuhan/359/1995": 1.0
    },
    "H3N2 A/Victoria/3/1975": {
      "H3N2 A/Perth/16/2009": 0.3554527163505554,
      "H3N2 A/California/7/2004": 0.2363593876361847,
      "H3N2 A/Brisbane/10/2007": 0.3980341851711273,
      "H3N2 A/Texas/50/2012": 0.41594764590263367,
      "H3N2 A/Fujian/411/2002": 1.0
    },
    "H3N2 A/California/7/2004": {
      "H3N2 A/Perth/16/2009": 0.19984081387519836,
      "H3N2 A/Brisbane/10/2007": 1.0,
      "H3N2 A/Fujian/411/2002": 0.7189965844154358,
      "H3N2 A/Wuhan/359/1995": 0.14844603836536407
    },
    "H3N2 A/Bangkok/1/1979": {
      "H3N2 A/Perth/16/2009": 0.35546186566352844,
      "H3N2 A/California/7/2004": 0.2363371104001999,
      "H3N2 A/Brisbane/10/2007": 0.3979920446872711,
      "H3N2 A/Texas/50/2012": 0.4159388244152069,
      "H3N2 A/Fujian/411/2002": 1.0
    },
    "H3N2 A/Brisbane/10/2007": {
      "H3N2 A/Perth/16/2009": 0.8352401852607727,
      "H3N2 A/California/7/2004": 0.8193445205688477,
      "H3N2 A/Texas/50/2012": 1.0,
      "H3N2 A/Fujian/411/2002": 0.1489529311656952
    },
    "H3N2 A/Texas/50/2012": {
      "H3N2 A/Perth/16/2009": 1.0,
      "H3N2 A/Brisbane/10/2007": 0.5245005488395691,
      "H3N2 A/Wuhan/359/1995": 0.12210261821746826
    },
    "H3N2 A/Fujian/411/2002": {
      "H3N2 A/California/7/2004": 1.0,
      "H3N2 A/Brisbane/10/2007": 0.45103758573532104,
      "H3N2 A/Wuhan/359/1995": 0.16854584217071533
    },
    "H3N2 A/Wuhan/359/1995": {
      "H3N2 A/Beijing/32/1992": 0.471024751663208,
      "H3N2 A/California/7/2004": 0.3811403810977936,
      "H3N2 A/Brisbane/10/2007": 0.11120878159999847,
      "H3N2 A/Texas/50/2012": 0.6563606262207031,
      "H3N2 A/Fujian/411/2002": 1.0
    }
  },
  "H3N2 A/Perth/16/2009": {
    "H3N2 A/Beijing/353/1989": {
      "H3N2 A/Brisbane/10/2007": 0.8956868052482605,
      "H3N2 A/Texas/50/2012": 1.0,
      "H3N2 A/Fujian/411/2002": 0.6450197100639343
    },
    "H3N2 A/Beijing/32/1992": {
      "H3N2 A/Brisbane/10/2007": 0.3768221139907837,
      "H3N2 A/Texas/50/2012": 0.2915811240673065,
      "H3N2 A/Fujian/411/2002": 0.6383554339408875,
      "H3N2 A/Wuhan/359/1995": 1.0
    },
    "H3N2 A/Victoria/3/1975": {
      "H3N2 A/California/7/2004": 0.32033663988113403,
      "H3N2 A/Brisbane/10/2007": 0.6210517883300781,
      "H3N2 A/Texas/50/2012": 0.6677400469779968,
      "H3N2 A/Fujian/411/2002": 1.0
    },
    "H3N2 A/California/7/2004": {
      "H3N2 A/Brisbane/10/2007": 1.0,
      "H3N2 A/Texas/50/2012": 0.1748274713754654,
      "H3N2 A/Fujian/411/2002": 0.5909035801887512,
      "H3N2 A/Wuhan/359/1995": 0.12061993032693863
    },
    "H3N2 A/Bangkok/1/1979": {
      "H3N2 A/California/7/2004": 0.32034894824028015,
      "H3N2 A/Brisbane/10/2007": 0.6210759878158569,
      "H3N2 A/Texas/50/2012": 0.6677246689796448,
      "H3N2 A/Fujian/411/2002": 1.0
    },
    "H3N2 A/Brisbane/10/2007": {
      "H3N2 A/California/7/2004": 0.5547972321510315,
      "H3N2 A/Texas/50/2012": 1.0
    },
    "H3N2 A/Texas/50/2012": {
      "H3N2 A/California/7/2004": 0.1734330654144287,
      "H3N2 A/Brisbane/10/2007": 1.0,
      "H3N2 A/Wuhan/359/1995": 0.12096501886844635
    },
    "H3N2 A/Fujian/411/2002": {
      "H3N2 A/California/7/2004": 1.0,
      "H3N2 A/Brisbane/10/2007": 0.4370383024215698,
      "H3N2 A/Wuhan/359/1995": 0.1659405380487442
    },
    "H3N2 A/Wuhan/359/1995": {
      "H3N2 A/Beijing/32/1992": 0.43635737895965576,
      "H3N2 A/California/7/2004": 0.37321099638938904,
      "H3N2 A/Brisbane/10/2007": 0.1973332166671753,
      "H3N2 A/Texas/50/2012": 0.6841725707054138,
      "H3N2 A/Fujian/411/2002": 1.0
    }
  },
  "H3N2 A/Beijing/32/1992": {
    "H3N2 A/Beijing/353/1989": {
      "H3N2 A/Perth/16/2009": 0.587242066860199,
      "H3N2 A/Brisbane/10/2007": 0.7715485095977783,
      "H3N2 A/Texas/50/2012": 0.8784568905830383,
      "H3N2 A/Fujian/411/2002": 1.0
    },
    "H3N2 A/Perth/16/2009": {
      "H3N2 A/Brisbane/10/2007": 0.5327605605125427,
      "H3N2 A/Texas/50/2012": 1.0
    },
    "H3N2 A/Victoria/3/1975": {
      "H3N2 A/Perth/16/2009": 0.35334405303001404,
      "H3N2 A/California/7/2004": 0.23670506477355957,
      "H3N2 A/Brisbane/10/2007": 0.3925798833370209,
      "H3N2 A/Texas/50/2012": 0.4052259922027588,
      "H3N2 A/Fujian/411/2002": 1.0
    },
    "H3N2 A/California/7/2004": {
      "H3N2 A/Perth/16/2009": 0.1910124272108078,
      "H3N2 A/Brisbane/10/2007": 1.0,
      "H3N2 A/Fujian/411/2002": 0.7223541140556335,
      "H3N2 A/Wuhan/359/1995": 0.15564635396003723
    },
    "H3N2 A/Bangkok/1/1979": {
      "H3N2 A/Perth/16/2009": 0.35330531001091003,
      "H3N2 A/California/7/2004": 0.23669596016407013,
      "H3N2 A/Brisbane/10/2007": 0.3925391137599945,
      "H3N2 A/Texas/50/2012": 0.4051969349384308,
      "H3N2 A/Fujian/411/2002": 1.0
    },
    "H3N2 A/Brisbane/10/2007": {
      "H3N2 A/Perth/16/2009": 0.8313054442405701,
      "H3N2 A/California/7/2004": 0.8260675072669983,
      "H3N2 A/Texas/50/2012": 1.0,
      "H3N2 A/Fujian/411/2002": 0.1496618539094925
    },
    "H3N2 A/Texas/50/2012": {
      "H3N2 A/Perth/16/2009": 1.0,
      "H3N2 A/Brisbane/10/2007": 0.527802050113678,
      "H3N2 A/Wuhan/359/1995": 0.12373297661542892
    },
    "H3N2 A/Fujian/411/2002": {
      "H3N2 A/California/7/2004": 1.0,
      "H3N2 A/Brisbane/10/2007": 0.4591664671897888,
      "H3N2 A/Wuhan/359/1995": 0.18981404602527618
    },
    "H3N2 A/Wuhan/359/1995": {
      "H3N2 A/California/7/2004": 0.308313250541687,
      "H3N2 A/Texas/50/2012": 0.5594702363014221,
      "H3N2 A/Fujian/411/2002": 1.0
    }
  },
  "H3N2 A/Victoria/3/1975": {
    "H3N2 A/Beijing/353/1989": {
      "H3N2 A/Perth/16/2009": 0.7019039988517761,
      "H3N2 A/Brisbane/10/2007": 0.7890664935112,
      "H3N2 A/Texas/50/2012": 0.898189902305603,
      "H3N2 A/Fujian/411/2002": 1.0
    },
    "H3N2 A/Perth/16/2009": {
      "H3N2 A/Brisbane/10/2007": 0.5284885764122009,
      "H3N2 A/Texas/50/2012": 1.0
    },
    "H3N2 A/Beijing/32/1992": {
      "H3N2 A/Perth/16/2009": 0.6717618107795715,
      "H3N2 A/Brisbane/10/2007": 0.15587939321994781,
      "H3N2 A/Fujian/411/2002": 0.5754794478416443,
      "H3N2 A/Wuhan/359/1995": 1.0
    },
    "H3N2 A/California/7/2004": {
      "H3N2 A/Perth/16/2009": 0.20016318559646606,
      "H3N2 A/Brisbane/10/2007": 1.0,
      "H3N2 A/Fujian/411/2002": 0.7105544805526733,
      "H3N2 A/Wuhan/359/1995": 0.14443831145763397
    },
    "H3N2 A/Bangkok/1/1979": {
      "H3N2 A/Perth/16/2009": 0.3555777966976166,
      "H3N2 A/California/7/2004": 0.23475174605846405,
      "H3N2 A/Brisbane/10/2007": 0.389127254486084,
      "H3N2 A/Texas/50/2012": 0.4090193212032318,
      "H3N2 A/Fujian/411/2002": 1.0
    },
    "H3N2 A/Brisbane/10/2007": {
      "H3N2 A/Perth/16/2009": 0.8306835293769836,
      "H3N2 A/California/7/2004": 0.8187423944473267,
      "H3N2 A/Texas/50/2012": 1.0,
      "H3N2 A/Fujian/411/2002": 0.1501147598028183
    },
    "H3N2 A/Texas/50/2012": {
      "H3N2 A/Perth/16/2009": 1.0,
      "H3N2 A/Brisbane/10/2007": 0.5271817445755005,
      "H3N2 A/Wuhan/359/1995": 0.11950232833623886
    },
    "H3N2 A/Fujian/411/2002": {
      "H3N2 A/California/7/2004": 1.0,
      "H3N2 A/Brisbane/10/2007": 0.4611608386039734,
      "H3N2 A/Wuhan/359/1995": 0.1687060445547104
    },
    "H3N2 A/Wuhan/359/1995": {
      "H3N2 A/Beijing/32/1992": 0.47767895460128784,
      "H3N2 A/California/7/2004": 0.3799918591976166,
      "H3N2 A/Brisbane/10/2007": 0.10774640738964081,
      "H3N2 A/Texas/50/2012": 0.6656433939933777,
      "H3N2 A/Fujian/411/2002": 1.0
    }
  },