{
  "H3N2 A/Perth/16/2009": {
    "H3N2 A/Beijing/32/1992": {
      "H3N2 A/Panama/2007/1999": 0.4467480182647705,
      "H3N2 A/Sydney/5/1997": 1.0,
      "H3N2 A/Brisbane/10/2007": 0.40586602687835693,
      "H3N2 A/Fujian/411/2002": 0.18646755814552307,
      "H3N2 A/Wuhan/359/1995": 0.3634661138057709,
      "H3N2 A/Wisconsin/67/2005": 0.48194727301597595
    },
    "H3N2 A/Panama/2007/1999": {
      "H3N2 A/Sydney/5/1997": 0.4632473289966583,
      "H3N2 A/California/7/2004": 0.10772164165973663,
      "H3N2 A/Fujian/411/2002": 1.0,
      "H3N2 A/Wuhan/359/1995": 0.12467478215694427
    },
    "H3N2 A/Sydney/5/1997": {
      "H3N2 A/Panama/2007/1999": 1.0,
      "H3N2 A/California/7/2004": 0.18555274605751038,
      "H3N2 A/Fujian/411/2002": 0.49298664927482605,
      "H3N2 A/Wuhan/359/1995": 0.25442248582839966
    },
    "H3N2 A/California/7/2004": {
      "H3N2 A/Panama/2007/1999": 0.11755544692277908,
      "H3N2 A/Sydney/5/1997": 0.1282772719860077,
      "H3N2 A/Brisbane/10/2007": 0.6744586229324341,
      "H3N2 A/Fujian/411/2002": 0.21736334264278412,
      "H3N2 A/Wisconsin/67/2005": 1.0
    },
    "H3N2 A/Brisbane/10/2007": {
      "H3N2 A/California/7/2004": 0.3334077000617981,
      "H3N2 A/Wisconsin/67/2005": 1.0
    },
    "H3N2 A/Fujian/411/2002": {
      "H3N2 A/Panama/2007/1999": 1.0,
      "H3N2 A/Sydney/5/1997": 0.20590215921401978,
      "H3N2 A/California/7/2004": 0.1383235901594162
    },
    "H3N2 A/Wuhan/359/1995": {
      "H3N2 A/Panama/2007/1999": 0.743918240070343,
      "H3N2 A/Sydney/5/1997": 1.0,
      "H3N2 A/Fujian/411/2002": 0.10989599674940109,
      "H3N2 A/Wisconsin/67/2005": 0.17931438982486725
    },
    "H3N2 A/Wisconsin/67/2005": {
      "H3N2 A/California/7/2004": 0.4754858911037445,
      "H3N2 A/Brisbane/10/2007": 1.0
    }
  },
  "H3N2 A/Beijing/32/1992": {
    "H3N2 A/Perth/16/2009": {
      "H3N2 A/California/7/2004": 0.1810835748910904,
      "H3N2 A/Brisbane/10/2007": 1.0,
      "H3N2 A/Wisconsin/67/2005": 0.5609264969825745
    },
    "H3N2 A/Panama/2007/1999": {
      "H3N2 A/Sydney/5/1997": 0.4885445535182953,
      "H3N2 A/California/7/2004": 0.11022733896970749,
      "H3N2 A/Fujian/411/2002": 1.0,
      "H3N2 A/Wuhan/359/1995": 0.1314222365617752
    },
    "H3N2 A/Sydney/5/1997": {
      "H3N2 A/Panama/2007/1999": 1.0,
      "H3N2 A/California/7/2004": 0.17469289898872375,
      "H3N2 A/Fujian/411/2002": 0.5099292993545532,
      "H3N2 A/Wuhan/359/1995": 0.2673514783382416
    },
    "H3N2 A/California/7/2004": {
      "H3N2 A/Perth/16/2009": 0.19889241456985474,
      "H3N2 A/Panama/2007/1999": 0.1466342657804489,
      "H3N2 A/Sydney/5/1997": 0.1530502736568451,
      "H3N2 A/Brisbane/10/2007": 0.570756196975708,
      "H3N2 A/Fujian/411/2002": 0.23887668550014496,
      "H3N2 A/Wisconsin/67/2005": 1.0
    },
    "H3N2 A/Brisbane/10/2007": {
      "H3N2 A/Perth/16/2009": 0.7547273635864258,
      "H3N2 A/California/7/2004": 0.3448783755302429,
      "H3N2 A/Wisconsin/67/2005": 1.0
    },
    "H3N2 A/Fujian/411/2002": {
      "H3N2 A/Panama/2007/1999": 1.0,
      "H3N2 A/Sydney/5/1997": 0.22839641571044922,
      "H3N2 A/California/7/2004": 0.13137070834636688
    },
    "H3N2 A/Wuhan/359/1995": {
      "H3N2 A/Panama/2007/1999": 0.7989702224731445,
      "H3N2 A/Sydney/5/1997": 1.0,
      "H3N2 A/Fujian/411/2002": 0.14507901668548584,
      "H3N2 A/Wisconsin/67/2005": 0.15074434876441956
    },
    "H3N2 A/Wisconsin/67/2005": {
      "H3N2 A/Perth/16/2009": 0.39700961112976074,
      "H3N2 A/California/7/2004": 0.6084506511688232,
      "H3N2 A/Brisbane/10/2007": 1.0
    }
  },
  "H3N2 A/Panama/2007/1999": {
    "H3N2 A/Perth/16/2009": {
      "H3N2 A/California/7/2004": 0.1749943196773529,
      "H3N2 A/Brisbane/10/2007": 1.0,
      "H3N2 A/Wisconsin/67/2005": 0.5461699962615967
    },
    "H3N2 A/Beijing/32/1992": {
      "H3N2 A/Perth/16/2009": 0.8242144584655762,
      "H3N2 A/Sydney/5/1997": 1.0,
      "H3N2 A/Brisbane/10/2007": 0.13551020622253418,
      "H3N2 A/Fujian/411/2002": 0.22305750846862793,
      "H3N2 A/Wuhan/359/1995": 0.5123018622398376,
      "H3N2 A/Wisconsin/67/2005": 0.2026020884513855
    },
    "H3N2 A/Sydney/5/1997": {
      "H3N2 A/California/7/2004": 0.26228636503219604,
      "H3N2 A/Fujian/411/2002": 1.0,
      "H3N2 A/Wuhan/359/1995": 0.29478204250335693
    },
    "H3N2 A/California/7/2004": {
      "H3N2 A/Perth/16/2009": 0.17885100841522217,
      "H3N2 A/Sydney/5/1997": 0.2024860978126526,
      "H3N2 A/Brisbane/10/2007": 0.5507481098175049,
      "H3N2 A/Fujian/411/2002": 0.2972903251647949,
      "H3N2 A/Wisconsin/67/2005": 1.0
    },
    "H3N2 A/Brisbane/10/2007": {
      "H3N2 A/Perth/16/2009": 0.712195098400116,
      "H3N2 A/California/7/2004": 0.34392762184143066,
      "H3N2 A/Wisconsin/67/2005": 1.0
    },
    "H3N2 A/Fujian/411/2002": {
      "H3N2 A/Sydney/5/1997": 1.0,
      "H3N2 A/California/7/2004": 0.3827642798423767,
      "H3N2 A/Brisbane/10/2007": 0.24674870073795319,
      "H3N2 A/Wisconsin/67/2005": 0.1174749806523323
    },
    "H3N2 A/Wuhan/359/1995": {
      "H3N2 A/Beijing/32/1992": 0.13362976908683777,
      "H3N2 A/Sydney/5/1997": 1.0,
      "H3N2 A/Fujian/411/2002": 0.22295808792114258,
      "H3N2 A/Wisconsin/67/2005": 0.18090006709098816
    },
    "H3N2 A/Wisconsin/67/2005": {
      "H3N2 A/Perth/16/2009": 0.365580677986145,
      "H3N2 A/California/7/2004": 0.6368206739425659,
      "H3N2 A/Brisbane/10/2007": 1.0
    }
  },
  "H3N2 A/Sydney/5/1997": {
    "H3N2 A/Perth/16/2009": {
      "H3N2 A/California/7/2004": 0.1669466495513916,
      "H3N2 A/Brisbane/10/2007": 1.0,
      "H3N2 A/Wisconsin/67/2005": 0.5187450647354126
    },
    "H3N2 A/Beijing/32/1992": {
      "H3N2 A/Perth/16/2009": 1.0,
      "H3N2 A/Panama/2007/1999": 0.9596893787384033,
      "H3N2 A/Brisbane/10/2007": 0.1363280713558197,
      "H3N2 A/Fujian/411/2002": 0.38448208570480347,
      "H3N2 A/Wuhan/359/1995": 0.8759276270866394,
      "H3N2 A/Wisconsin/67/2005": 0.27749547362327576
    },
    "H3N2 A/Panama/2007/1999": {
      "H3N2 A/California/7/2004": 0.1324784904718399,
      "H3N2 A/Fujian/411/2002": 1.0,
      "H3N2 A/Wuhan/359/1995": 0.14408253133296967
    },
    "H3N2 A/California/7/2004": {
      "H3N2 A/Perth/16/2009": 0.18851898610591888,
      "H3N2 A/Panama/2007/1999": 0.22521288692951202,
      "H3N2 A/Brisbane/10/2007": 0.5074939727783203,
      "H3N2 A/Fujian/411/2002": 0.2871577739715576,
      "H3N2 A/Wisconsin/67/2005": 1.0
    },
    "H3N2 A/Brisbane/10/2007": {
      "H3N2 A/Perth/16/2009": 0.7250511646270752,
      "H3N2 A/California/7/2004": 0.322386771440506,
      "H3N2 A/Wisconsin/67/2005": 1.0
    },
    "H3N2 A/Fujian/411/2002": {
      "H3N2 A/Panama/2007/1999": 1.0,
      "H3N2 A/California/7/2004": 0.13007408380508423
    },
    "H3N2 A/Wuhan/359/1995": {
      "H3N2 A/Beijing/32/1992": 0.14522209763526917,
      "H3N2 A/Panama/2007/1999": 1.0,
      "H3N2 A/California/7/2004": 0.11651186645030975,
      "H3N2 A/Fujian/411/2002": 0.2217751443386078,
      "H3N2 A/Wisconsin/67/2005": 0.2121942639350891
    },
    "H3N2 A/Wisconsin/67/2005": {
      "H3N2 A/Perth/16/2009": 0.3727685809135437,
      "H3N2 A/California/7/2004": 0.6419790387153625,
      "H3N2 A/Brisbane/10/2007": 1.0
    }
  },
  "H3N2 A/California/7/2004": {
    "H3N2 A/Perth/16/2009": {
      "H3N2 A/Brisbane/10/2007": 1.0,
      "H3N2 A/Wisconsin/67/2005": 0.5513507127761841
    },
    "H3N2 A/Beijing/32/1992": {
      "H3N2 A/Perth/16/2009": 0.9946157336235046,
      "H3N2 A/Panama/2007/1999": 0.40529435873031616,
      "H3N2 A/Sydney/5/1997": 1.0,
      "H3N2 A/Brisbane/10/2007": 0.12193549424409866,
      "H3N2 A/Fujian/411/2002": 0.13381069898605347,
      "H3N2 A/Wuhan/359/1995": 0.421589732170105,
      "H3N2 A/Wisconsin/67/2005": 0.20249690115451813
    },
    "H3N2 A/Panama/2007/1999": {
      "H3N2 A/Sydney/5/1997": 0.47485673427581787,
      "H3N2 A/Fujian/411/2002": 1.0,
      "H3N2 A/Wuhan/359/1995": 0.128046452999115
    },