{
  "H3N2 A/Perth/16/2009": {
    "H3N2 A/Beijing/32/1992": {
      "H3N2 A/Panama/2007/1999": 0.3846093416213989,
      "H3N2 A/Sydney/5/1997": 0.4701160192489624,
      "H3N2 A/California/7/2004": 0.19625058770179749,
      "H3N2 A/Brisbane/10/2007": 0.47352883219718933,
      "H3N2 A/Wuhan/359/1995": 1.0,
      "H3N2 A/Wisconsin/67/2005": 0.384713739156723
    },
    "H3N2 A/Panama/2007/1999": {
      "H3N2 A/Sydney/5/1997": 0.3958529531955719,
      "H3N2 A/California/7/2004": 0.10011434555053711,
      "H3N2 A/Fujian/411/2002": 1.0,
      "H3N2 A/Wuhan/359/1995": 0.14571122825145721
    },
    "H3N2 A/Sydney/5/1997": {
      "H3N2 A/Beijing/32/1992": 0.19067136943340302,
      "H3N2 A/Panama/2007/1999": 1.0,
      "H3N2 A/California/7/2004": 0.27978986501693726,
      "H3N2 A/Fujian/411/2002": 0.3344275653362274,
      "H3N2 A/Wuhan/359/1995": 0.34474995732307434
    },
    "H3N2 A/California/7/2004": {
      "H3N2 A/Beijing/32/1992": 0.12470230460166931,
      "H3N2 A/Panama/2007/1999": 0.11477631330490112,
      "H3N2 A/Brisbane/10/2007": 0.8173496723175049,
      "H3N2 A/Fujian/411/2002": 0.3746984601020813,
      "H3N2 A/Wisconsin/67/2005": 1.0
    },
    "H3N2 A/Brisbane/10/2007": {
      "H3N2 A/California/7/2004": 0.27117684483528137,
      "H3N2 A/Wisconsin/67/2005": 1.0
    },
    "H3N2 A/Fujian/411/2002": {
      "H3N2 A/Panama/2007/1999": 1.0,
      "H3N2 A/Sydney/5/1997": 0.2601150572299957,
      "H3N2 A/California/7/2004": 0.24756908416748047
    },
    "H3N2 A/Wuhan/359/1995": {
      "H3N2 A/Beijing/32/1992": 1.0,
      "H3N2 A/Panama/2007/1999": 0.825580358505249,
      "H3N2 A/Sydney/5/1997": 0.7448469996452332,
      "H3N2 A/Brisbane/10/2007": 0.1546335369348526,
      "H3N2 A/Fujian/411/2002": 0.10545185208320618,
      "H3N2 A/Wisconsin/67/2005": 0.34484463930130005
    },
    "H3N2 A/Wisconsin/67/2005": {
      "H3N2 A/California/7/2004": 0.34731799364089966,
      "H3N2 A/Brisbane/10/2007": 1.0
    }
  },
  "H3N2 A/Beijing/32/1992": {
    "H3N2 A/Perth/16/2009": {
      "H3N2 A/Sydney/5/1997": 0.12223096936941147,
      "H3N2 A/Brisbane/10/2007": 1.0,
      "H3N2 A/Wisconsin/67/2005": 0.8254526853561401
    },
    "H3N2 A/Panama/2007/1999": {
      "H3N2 A/Sydney/5/1997": 0.4059494733810425,
      "H3N2 A/California/7/2004": 0.10650745779275894,
      "H3N2 A/Fujian/411/2002": 1.0,
      "H3N2 A/Wuhan/359/1995": 0.17124073207378387
    },
    "H3N2 A/Sydney/5/1997": {
      "H3N2 A/Perth/16/2009": 0.2407625913619995,
      "H3N2 A/Panama/2007/1999": 1.0,
      "H3N2 A/California/7/2004": 0.21977929770946503,
      "H3N2 A/Fujian/411/2002": 0.3771377205848694,
      "H3N2 A/Wuhan/359/1995": 0.40477296710014343
    },
    "H3N2 A/California/7/2004": {
      "H3N2 A/Panama/2007/1999": 0.1679457426071167,
      "H3N2 A/Sydney/5/1997": 0.10880615562200546,
      "H3N2 A/Brisbane/10/2007": 0.8415986895561218,
      "H3N2 A/Fujian/411/2002": 0.43656104803085327,
      "H3N2 A/Wisconsin/67/2005": 1.0
    },
    "H3N2 A/Brisbane/10/2007": {
      "H3N2 A/Perth/16/2009": 0.49147188663482666,
      "H3N2 A/California/7/2004": 0.34902966022491455,
      "H3N2 A/Wisconsin/67/2005": 1.0
    },
    "H3N2 A/Fujian/411/2002": {
      "H3N2 A/Perth/16/2009": 0.13637356460094452,
      "H3N2 A/Panama/2007/1999": 1.0,
      "H3N2 A/Sydney/5/1997": 0.2870956361293793,
      "H3N2 A/California/7/2004": 0.21201196312904358
    },
    "H3N2 A/Wuhan/359/1995": {
      "H3N2 A/Panama/2007/1999": 1.0,
      "H3N2 A/Sydney/5/1997": 0.8683087229728699,
      "H3N2 A/Wisconsin/67/2005": 0.1378069818019867
    },
    "H3N2 A/Wisconsin/67/2005": {
      "H3N2 A/Perth/16/2009": 0.41060978174209595,
      "H3N2 A/California/7/2004": 0.4389394521713257,
      "H3N2 A/Brisbane/10/2007": 1.0
    }
  },
  "H3N2 A/Panama/2007/1999": {
    "H3N2 A/Perth/16/2009": {
      "H3N2 A/Beijing/32/1992": 0.22019538283348083,
      "H3N2 A/Sydney/5/1997": 0.12948903441429138,
      "H3N2 A/Brisbane/10/2007": 1.0,
      "H3N2 A/Wisconsin/67/2005": 0.7912505865097046
    },
    "H3N2 A/Beijing/32/1992": {
      "H3N2 A/Perth/16/2009": 0.29016825556755066,
      "H3N2 A/Sydney/5/1997": 0.48462292551994324,
      "H3N2 A/California/7/2004": 0.15280848741531372,
      "H3N2 A/Brisbane/10/2007": 0.28647783398628235,
      "H3N2 A/Wuhan/359/1995": 1.0,
      "H3N2 A/Wisconsin/67/2005": 0.2399538904428482
    },
    "H3N2 A/Sydney/5/1997": {
      "H3N2 A/Perth/16/2009": 0.4204632341861725,
      "H3N2 A/Beijing/32/1992": 0.23043370246887207,
      "H3N2 A/California/7/2004": 0.3028666377067566,
      "H3N2 A/Fujian/411/2002": 1.0,
      "H3N2 A/Wuhan/359/1995": 0.46310779452323914
    },
    "H3N2 A/California/7/2004": {
      "H3N2 A/Beijing/32/1992": 0.1331023871898651,
      "H3N2 A/Sydney/5/1997": 0.16242073476314545,
      "H3N2 A/Brisbane/10/2007": 0.8437725305557251,
      "H3N2 A/Fujian/411/2002": 0.6162336468696594,
      "H3N2 A/Wisconsin/67/2005": 1.0
    },
    "H3N2 A/Brisbane/10/2007": {
      "H3N2 A/Perth/16/2009": 0.46863603591918945,
      "H3N2 A/California/7/2004": 0.3408501446247101,
      "H3N2 A/Wisconsin/67/2005": 1.0
    },
    "H3N2 A/Fujian/411/2002": {
      "H3N2 A/Perth/16/2009": 0.15724429488182068,
      "H3N2 A/Sydney/5/1997": 1.0,
      "H3N2 A/California/7/2004": 0.5022760629653931,
      "H3N2 A/Wuhan/359/1995": 0.10619774460792542
    },
    "H3N2 A/Wuhan/359/1995": {
      "H3N2 A/Beijing/32/1992": 1.0,
      "H3N2 A/Sydney/5/1997": 0.8168859481811523,
      "H3N2 A/Fujian/411/2002": 0.2562456429004669,
      "H3N2 A/Wisconsin/67/2005": 0.18710821866989136
    },
    "H3N2 A/Wisconsin/67/2005": {
      "H3N2 A/Perth/16/2009": 0.38022980093955994,
      "H3N2 A/California/7/2004": 0.4193125069141388,
      "H3N2 A/Brisbane/10/2007": 1.0
    }
  },
  "H3N2 A/Sydney/5/1997": {
    "H3N2 A/Perth/16/2009": {
      "H3N2 A/Beijing/32/1992": 0.27648279070854187,
      "H3N2 A/Brisbane/10/2007": 1.0,
      "H3N2 A/Wisconsin/67/2005": 0.8802533149719238
    },
    "H3N2 A/Beijing/32/1992": {
      "H3N2 A/Perth/16/2009": 0.35980886220932007,
      "H3N2 A/Panama/2007/1999": 0.5570325255393982,
      "H3N2 A/California/7/2004": 0.15279486775398254,
      "H3N2 A/Brisbane/10/2007": 0.2410997450351715,
      "H3N2 A/Wuhan/359/1995": 1.0,
      "H3N2 A/Wisconsin/67/2005": 0.21955935657024384
    },
    "H3N2 A/Panama/2007/1999": {
      "H3N2 A/California/7/2004": 0.11450563371181488,
      "H3N2 A/Fujian/411/2002": 1.0,
      "H3N2 A/Wuhan/359/1995": 0.1779734492301941
    },
    "H3N2 A/California/7/2004": {
      "H3N2 A/Beijing/32/1992": 0.14512524008750916,
      "H3N2 A/Panama/2007/1999": 0.22704580426216125,
      "H3N2 A/Brisbane/10/2007": 0.7562851309776306,
      "H3N2 A/Fujian/411/2002": 0.485708624124527,
      "H3N2 A/Wisconsin/67/2005": 1.0
    },
    "H3N2 A/Brisbane/10/2007": {
      "H3N2 A/Perth/16/2009": 0.441012442111969,
      "H3N2 A/California/7/2004": 0.31626731157302856,
      "H3N2 A/Wisconsin/67/2005": 1.0
    },
    "H3N2 A/Fujian/411/2002": {
      "H3N2 A/Panama/2007/1999": 1.0,
      "H3N2 A/California/7/2004": 0.20331545174121857
    },
    "H3N2 A/Wuhan/359/1995": {
      "H3N2 A/Beijing/32/1992": 1.0,
      "H3N2 A/Panama/2007/1999": 0.962609589099884,
      "H3N2 A/Fujian/411/2002": 0.21529370546340942,
      "H3N2 A/Wisconsin/67/2005": 0.17534978687763214
    },
    "H3N2 A/Wisconsin/67/2005": {
      "H3N2 A/Perth/16/2009": 0.4014492630958557,
      "H3N2 A/California/7/2004": 0.4371289908885956,
      "H3N2 A/Brisbane/10/2007": 1.0
    }
  },
  "H3N2 A/California/7/2004": {
    "H3N2 A/Perth/16/2009": {
      "H3N2 A/Beijing/32/1992": 0.22833774983882904,
      "H3N2 A/Brisbane/10/2007": 1.0,
      "H3N2 A/Wisconsin/67/2005": 0.8440698981285095
    },
    "H3N2 A/Beijing/32/1992": {
      "H3N2 A/Perth/16/2009": 0.3938841223716736,
      "H3N2 A/Panama/2007/1999": 0.4286205768585205,
      "H3N2 A/Sydney/5/1997": 0.44597122073173523,
      "H3N2 A/Brisbane/10/2007": 0.34866759181022644,