{
  "H3N2 A/Brisbane/10/2007": {
    "H3N2 A/Beijing/32/1992": {
      "H3N2 A/Sydney/5/1997": 1.0,
      "H3N2 A/Wisconsin/67/2005": 0.19419771432876587,
      "H3N2 A/Panama/2007/1999": 0.5182170271873474,
      "H3N2 A/Perth/16/2009": 0.6707948446273804
    },
    "H3N2 A/Sydney/5/1997": {
      "H3N2 A/Panama/2007/1999": 1.0
    },
    "H3N2 A/Wisconsin/67/2005": {
      "H3N2 A/Panama/2007/1999": 0.3054977059364319,
      "H3N2 A/Perth/16/2009": 1.0
    },
    "H3N2 A/Panama/2007/1999": {
      "H3N2 A/Sydney/5/1997": 1.0,
      "H3N2 A/Wisconsin/67/2005": 0.39572691917419434
    },
    "H3N2 A/Perth/16/2009": {
      "H3N2 A/Wisconsin/67/2005": 1.0
    }
  },
  "H3N2 A/Beijing/32/1992": {
    "H3N2 A/Brisbane/10/2007": {
      "H3N2 A/Wisconsin/67/2005": 1.0,
      "H3N2 A/Perth/16/2009": 0.5643519759178162
    },
    "H3N2 A/Sydney/5/1997": {
      "H3N2 A/Panama/2007/1999": 1.0
    },
    "H3N2 A/Wisconsin/67/2005": {
      "H3N2 A/Brisbane/10/2007": 1.0,
      "H3N2 A/Panama/2007/1999": 0.11197582632303238,
      "H3N2 A/Perth/16/2009": 0.2467678338289261
    },
    "H3N2 A/Panama/2007/1999": {
      "H3N2 A/Brisbane/10/2007": 0.23196974396705627,
      "H3N2 A/Sydney/5/1997": 1.0,
      "H3N2 A/Wisconsin/67/2005": 0.1904732584953308
    },
    "H3N2 A/Perth/16/2009": {
      "H3N2 A/Brisbane/10/2007": 1.0,
      "H3N2 A/Wisconsin/67/2005": 0.47805991768836975
    }
  },
  "H3N2 A/Sydney/5/1997": {
    "H3N2 A/Brisbane/10/2007": {
      "H3N2 A/Wisconsin/67/2005": 1.0,
      "H3N2 A/Perth/16/2009": 0.5462778210639954
    },
    "H3N2 A/Beijing/32/1992": {
      "H3N2 A/Wisconsin/67/2005": 0.11633752286434174,
      "H3N2 A/Panama/2007/1999": 1.0,
      "H3N2 A/Perth/16/2009": 0.3337014615535736
    },
    "H3N2 A/Wisconsin/67/2005": {
      "H3N2 A/Brisbane/10/2007": 1.0,
      "H3N2 A/Panama/2007/1999": 0.1570601910352707,
      "H3N2 A/Perth/16/2009": 0.23627905547618866
    },
    "H3N2 A/Panama/2007/1999": {
      "H3N2 A/Brisbane/10/2007": 0.934032142162323,
      "H3N2 A/Wisconsin/67/2005": 1.0
    },
    "H3N2 A/Perth/16/2009": {
      "H3N2 A/Brisbane/10/2007": 1.0,
      "H3N2 A/Wisconsin/67/2005": 0.44258740544319153
    }
  },
  "H3N2 A/Wisconsin/67/2005": {
    "H3N2 A/Brisbane/10/2007": {
      "H3N2 A/Panama/2007/1999": 0.17905597388744354,
      "H3N2 A/Perth/16/2009": 1.0
    },
    "H3N2 A/Beijing/32/1992": {
      "H3N2 A/Brisbane/10/2007": 0.1382976919412613,
      "H3N2 A/Sydney/5/1997": 1.0,
      "H3N2 A/Panama/2007/1999": 0.5263715982437134,
      "H3N2 A/Perth/16/2009": 0.6677412390708923
    },
    "H3N2 A/Sydney/5/1997": {
      "H3N2 A/Panama/2007/1999": 1.0
    },
    "H3N2 A/Panama/2007/1999": {
      "H3N2 A/Brisbane/10/2007": 0.46918758749961853,
      "H3N2 A/Sydney/5/1997": 1.0
    },
    "H3N2 A/Perth/16/2009": {
      "H3N2 A/Brisbane/10/2007": 1.0
    }
  },
  "H3N2 A/Panama/2007/1999": {
    "H3N2 A/Brisbane/10/2007": {
      "H3N2 A/Wisconsin/67/2005": 1.0,
      "H3N2 A/Perth/16/2009": 0.4648631513118744
    },
    "H3N2 A/Beijing/32/1992": {
      "H3N2 A/Sydney/5/1997": 1.0,
      "H3N2 A/Wisconsin/67/2005": 0.1202828511595726,
      "H3N2 A/Perth/16/2009": 0.3933109641075134
    },
    "H3N2 A/Sydney/5/1997": {
      "H3N2 A/Brisbane/10/2007": 0.3347827196121216,
      "H3N2 A/Wisconsin/67/2005": 1.0,
      "H3N2 A/Perth/16/2009": 0.38442304730415344
    },
    "H3N2 A/Wisconsin/67/2005": {
      "H3N2 A/Brisbane/10/2007": 1.0,
      "H3N2 A/Perth/16/2009": 0.18048924207687378
    },
    "H3N2 A/Perth/16/2009": {
      "H3N2 A/Brisbane/10/2007": 1.0,
      "H3N2 A/Wisconsin/67/2005": 0.44505807757377625
    }
  },
  "H3N2 A/Perth/16/2009": {
    "H3N2 A/Brisbane/10/2007": {
      "H3N2 A/Wisconsin/67/2005": 1.0
    },
    "H3N2 A/Beijing/32/1992": {
      "H3N2 A/Brisbane/10/2007": 0.23305705189704895,
      "H3N2 A/Sydney/5/1997": 1.0,
      "H3N2 A/Wisconsin/67/2005": 0.2502792775630951,
      "H3N2 A/Panama/2007/1999": 0.5920072793960571
    },
    "H3N2 A/Sydney/5/1997": {
      "H3N2 A/Panama/2007/1999": 1.0
    },
    "H3N2 A/Wisconsin/67/2005": {
      "H3N2 A/Brisbane/10/2007": 1.0
    },
    "H3N2 A/Panama/2007/1999": {
      "H3N2 A/Brisbane/10/2007": 0.24504482746124268,
      "H3N2 A/Sydney/5/1997": 1.0,
      "H3N2 A/Wisconsin/67/2005": 0.18327128887176514
    }
  }
}