{
  "H3N2 A/Beijing/353/1989": {
    "H3N2 A/Perth/16/2009": {
      "H3N2 A/Beijing/32/1992": 0.1260075569152832,
      "H3N2 A/Brisbane/10/2007": 0.43100816011428833,
      "H3N2 A/Texas/50/2012": 1.0
    },
    "H3N2 A/Beijing/32/1992": {
      "H3N2 A/Perth/16/2009": 0.19798752665519714,
      "H3N2 A/California/7/2004": 0.18103094398975372,
      "H3N2 A/Brisbane/10/2007": 0.1963108628988266,
      "H3N2 A/Texas/50/2012": 0.23337678611278534,
      "H3N2 A/Fujian/411/2002": 0.17916102707386017,
      "H3N2 A/Wuhan/359/1995": 1.0
    },
    "H3N2 A/Victoria/3/1975": {
      "H3N2 A/Bangkok/1/1979": 1.0
    },
    "H3N2 A/California/7/2004": {
      "H3N2 A/Beijing/32/1992": 0.18988965451717377,
      "H3N2 A/Brisbane/10/2007": 0.994965136051178,
      "H3N2 A/Texas/50/2012": 0.4128524959087372,
      "H3N2 A/Fujian/411/2002": 1.0
    },
    "H3N2 A/Bangkok/1/1979": {
      "H3N2 A/Victoria/3/1975": 1.0
    },
    "H3N2 A/Brisbane/10/2007": {
      "H3N2 A/Perth/16/2009": 0.4642634689807892,
      "H3N2 A/Beijing/32/1992": 0.1388370841741562,
      "H3N2 A/California/7/2004": 0.5300003886222839,
      "H3N2 A/Texas/50/2012": 1.0
    },
    "H3N2 A/Texas/50/2012": {
      "H3N2 A/Perth/16/2009": 1.0,
      "H3N2 A/Beijing/32/1992": 0.1727580428123474,
      "H3N2 A/California/7/2004": 0.2595198452472687,
      "H3N2 A/Brisbane/10/2007": 0.9510825276374817
    },
    "H3N2 A/Fujian/411/2002": {
      "H3N2 A/Beijing/32/1992": 0.11662974208593369,
      "H3N2 A/California/7/2004": 1.0,
      "H3N2 A/Wuhan/359/1995": 0.21110162138938904
    },
    "H3N2 A/Wuhan/359/1995": {
      "H3N2 A/Beijing/32/1992": 1.0,
      "H3N2 A/Texas/50/2012": 0.11274351924657822,
      "H3N2 A/Fujian/411/2002": 0.44409918785095215
    }
  },
  "H3N2 A/Perth/16/2009": {
    "H3N2 A/Beijing/353/1989": {
      "H3N2 A/Victoria/3/1975": 0.8827111721038818,
      "H3N2 A/Bangkok/1/1979": 1.0
    },
    "H3N2 A/Beijing/32/1992": {
      "H3N2 A/California/7/2004": 0.24782505631446838,
      "H3N2 A/Brisbane/10/2007": 0.30006712675094604,
      "H3N2 A/Texas/50/2012": 0.3672912120819092,
      "H3N2 A/Fujian/411/2002": 0.18714356422424316,
      "H3N2 A/Wuhan/359/1995": 1.0
    },
    "H3N2 A/Victoria/3/1975": {
      "H3N2 A/Beijing/353/1989": 0.26955872774124146,
      "H3N2 A/Bangkok/1/1979": 1.0,
      "H3N2 A/Texas/50/2012": 0.10521979629993439
    },
    "H3N2 A/California/7/2004": {
      "H3N2 A/Beijing/32/1992": 0.19617018103599548,
      "H3N2 A/Brisbane/10/2007": 1.0,
      "H3N2 A/Texas/50/2012": 0.40452754497528076,
      "H3N2 A/Fujian/411/2002": 0.810119092464447
    },
    "H3N2 A/Bangkok/1/1979": {
      "H3N2 A/Beijing/353/1989": 0.34093013405799866,
      "H3N2 A/Victoria/3/1975": 1.0
    },
    "H3N2 A/Brisbane/10/2007": {
      "H3N2 A/Beijing/32/1992": 0.11370441317558289,
      "H3N2 A/California/7/2004": 0.37052059173583984,
      "H3N2 A/Texas/50/2012": 1.0
    },
    "H3N2 A/Texas/50/2012": {
      "H3N2 A/Beijing/32/1992": 0.15060235559940338,
      "H3N2 A/California/7/2004": 0.20270179212093353,
      "H3N2 A/Brisbane/10/2007": 1.0
    },
    "H3N2 A/Fujian/411/2002": {
      "H3N2 A/California/7/2004": 1.0,
      "H3N2 A/Wuhan/359/1995": 0.1769620180130005
    },
    "H3N2 A/Wuhan/359/1995": {
      "H3N2 A/Beijing/32/1992": 1.0,
      "H3N2 A/Fujian/411/2002": 0.5202140808105469
    }
  },
  "H3N2 A/Beijing/32/1992": {
    "H3N2 A/Beijing/353/1989": {
      "H3N2 A/Victoria/3/1975": 0.8870618343353271,
      "H3N2 A/Bangkok/1/1979": 1.0
    },
    "H3N2 A/Perth/16/2009": {
      "H3N2 A/Brisbane/10/2007": 0.44142165780067444,
      "H3N2 A/Texas/50/2012": 1.0
    },
    "H3N2 A/Victoria/3/1975": {
      "H3N2 A/Beijing/353/1989": 0.2645481526851654,
      "H3N2 A/Perth/16/2009": 0.11795926839113235,
      "H3N2 A/Bangkok/1/1979": 1.0
    },
    "H3N2 A/California/7/2004": {
      "H3N2 A/Brisbane/10/2007": 1.0,
      "H3N2 A/Texas/50/2012": 0.3919055759906769,
      "H3N2 A/Fujian/411/2002": 0.9833012223243713,
      "H3N2 A/Wuhan/359/1995": 0.1298651099205017
    },
    "H3N2 A/Bangkok/1/1979": {
      "H3N2 A/Beijing/353/1989": 0.33294278383255005,
      "H3N2 A/Victoria/3/1975": 1.0
    },
    "H3N2 A/Brisbane/10/2007": {
      "H3N2 A/Perth/16/2009": 0.4593057632446289,
      "H3N2 A/California/7/2004": 0.5749669671058655,
      "H3N2 A/Texas/50/2012": 1.0
    },
    "H3N2 A/Texas/50/2012": {
      "H3N2 A/Perth/16/2009": 1.0,
      "H3N2 A/California/7/2004": 0.26724961400032043,
      "H3N2 A/Brisbane/10/2007": 0.9169315099716187
    },
    "H3N2 A/Fujian/411/2002": {
      "H3N2 A/California/7/2004": 1.0,
      "H3N2 A/Wuhan/359/1995": 0.22428473830223083
    },
    "H3N2 A/Wuhan/359/1995": {
      "H3N2 A/Perth/16/2009": 0.259785532951355,
      "H3N2 A/California/7/2004": 0.21144907176494598,
      "H3N2 A/Fujian/411/2002": 1.0
    }
  },
  "H3N2 A/Victoria/3/1975": {
    "H3N2 A/Beijing/353/1989": {
      "H3N2 A/Bangkok/1/1979": 1.0
    },
    "H3N2 A/Perth/16/2009": {
      "H3N2 A/Beijing/32/1992": 0.12402238696813583,
      "H3N2 A/Brisbane/10/2007": 0.4107239842414856,
      "H3N2 A/Texas/50/2012": 1.0
    },
    "H3N2 A/Beijing/32/1992": {
      "H3N2 A/Perth/16/2009": 0.21468646824359894,
      "H3N2 A/California/7/2004": 0.1809263676404953,
      "H3N2 A/Brisbane/10/2007": 0.19685526192188263,
      "H3N2 A/Texas/50/2012": 0.23624494671821594,
      "H3N2 A/Fujian/411/2002": 0.17319278419017792,
      "H3N2 A/Wuhan/359/1995": 1.0
    },
    "H3N2 A/California/7/2004": {
      "H3N2 A/Beijing/32/1992": 0.1863822340965271,
      "H3N2 A/Brisbane/10/2007": 1.0,
      "H3N2 A/Texas/50/2012": 0.4043569564819336,
      "H3N2 A/Fujian/411/2002": 0.9994757771492004
    },
    "H3N2 A/Bangkok/1/1979": {
      "H3N2 A/Beijing/353/1989": 1.0,
      "H3N2 A/Brisbane/10/2007": 0.1846899539232254,
      "H3N2 A/Texas/50/2012": 0.11093670129776001
    },
    "H3N2 A/Brisbane/10/2007": {
      "H3N2 A/Perth/16/2009": 0.4596361517906189,
      "H3N2 A/Beijing/32/1992": 0.13897593319416046,
      "H3N2 A/California/7/2004": 0.5430231094360352,
      "H3N2 A/Texas/50/2012": 1.0
    },
    "H3N2 A/Texas/50/2012": {
      "H3N2 A/Perth/16/2009": 1.0,
      "H3N2 A/Beijing/32/1992": 0.16880302131175995,
      "H3N2 A/California/7/2004": 0.25730735063552856,
      "H3N2 A/Brisbane/10/2007": 0.937564492225647
    },
    "H3N2 A/Fujian/411/2002": {
      "H3N2 A/Beijing/32/1992": 0.11536973714828491,
      "H3N2 A/California/7/2004": 1.0,
      "H3N2 A/Wuhan/359/1995": 0.2223418802022934
    },
    "H3N2 A/Wuhan/359/1995": {
      "H3N2 A/Beijing/32/1992": 1.0,
      "H3N2 A/Texas/50/2012": 0.11736002564430237,
      "H3N2 A/Fujian/411/2002": 0.47577106952667236
    }
  },
  "H3N2 A/California/7/2004": {
    "H3N2 A/Beijing/353/1989": {
      "H3N2 A/Victoria/3/1975": 0.8916462063789368,
      "H3N2 A/Bangkok/1/1979": 1.0
    },
    "H3N2 A/Perth/16/2009": {
      "H3N2 A/Beijing/32/1992": 0.13809674978256226,
      "H3N2 A/Brisbane/10/2007": 0.5110023021697998,
      "H3N2 A/Texas/50/2012": 1.0
    },
    "H3N2 A/Beijing/32/1992": {
      "H3N2 A/Perth/16/2009": 0.25355157256126404,
      "H3N2 A/Brisbane/10/2007": 0.27193471789360046,
      "H3N2 A/Texas/50/2012": 0.28007227182388306,
      "H3N2 A/Fujian/411/2002": 0.25231820344924927,
      "H3N2 A/Wuhan/359/1995": 1.0
    },
    "H3N2 A/Victoria/3/1975": {
      "H3N2 A/Beijing/353/1989": 0.261498361825943,
      "H3N2 A/Perth/16/2009": 0.10442006587982178,
      "H3N2 A/Bangkok/1/1979": 1.0
    },
    "H3N2 A/Bangkok/1/1979": {
      "H3N2 A/Beijing/353/1989": 0.33488884568214417,
      "H3N2 A/Victoria/3/1975": 1.0
    },
    "H3N2 A/Brisbane/10/2007": {
      "H3N2 A/Perth/16/2009": 0.4049682021141052,
      "H3N2 A/Beijing/32/1992": 0.15029652416706085,
      "H3N2 A/Texas/50/2012": 1.0
    },
    "H3N2 A/Texas/50/2012": {
      "H3N2 A/Perth/16/2009": 0.8181413412094116,
      "H3N2 A/Beijing/32/1992": 0.16541403532028198,
      "H3N2 A/Brisbane/10/2007": 1.0
    },