{
  "H3N2 A/Perth/16/2009": {
    "H3N2 A/Beijing/32/1992": {
      "H3N2 A/Panama/2007/1999": 0.38457638025283813,
      "H3N2 A/Sydney/5/1997": 0.4701106548309326,
      "H3N2 A/California/7/2004": 0.19625449180603027,
      "H3N2 A/Brisbane/10/2007": 0.47354549169540405,
      "H3N2 A/Wuhan/359/1995": 1.0,
      "H3N2 A/Wisconsin/67/2005": 0.3846892714500427
    },
    "H3N2 A/Panama/2007/1999": {
      "H3N2 A/Sydney/5/1997": 0.39583030343055725,
      "H3N2 A/California/7/2004": 0.10011732578277588,
      "H3N2 A/Fujian/411/2002": 1.0,
      "H3N2 A/Wuhan/359/1995": 0.14570769667625427
    },
    "H3N2 A/Sydney/5/1997": {
      "H3N2 A/Beijing/32/1992": 0.19067254662513733,
      "H3N2 A/Panama/2007/1999": 1.0,
      "H3N2 A/California/7/2004": 0.27979397773742676,
      "H3N2 A/Fujian/411/2002": 0.3344009518623352,
      "H3N2 A/Wuhan/359/1995": 0.3447211682796478
    },
    "H3N2 A/California/7/2004": {
      "H3N2 A/Beijing/32/1992": 0.12468251585960388,
      "H3N2 A/Panama/2007/1999": 0.1147582158446312,
      "H3N2 A/Brisbane/10/2007": 0.8173477649688721,
      "H3N2 A/Fujian/411/2002": 0.37466779351234436,
      "H3N2 A/Wisconsin/67/2005": 1.0
    },
    "H3N2 A/Brisbane/10/2007": {
      "H3N2 A/California/7/2004": 0.2711739242076874,
      "H3N2 A/Wisconsin/67/2005": 1.0
    },
    "H3N2 A/Fujian/411/2002": {
      "H3N2 A/Panama/2007/1999": 1.0,
      "H3N2 A/Sydney/5/1997": 0.2601255476474762,
      "H3N2 A/California/7/2004": 0.2475527822971344
    },
    "H3N2 A/Wuhan/359/1995": {
      "H3N2 A/Beijing/32/1992": 1.0,
      "H3N2 A/Panama/2007/1999": 0.8255549669265747,
      "H3N2 A/Sydney/5/1997": 0.7448614835739136,
      "H3N2 A/Brisbane/10/2007": 0.154647096991539,
      "H3N2 A/Fujian/411/2002": 0.10544747114181519,
      "H3N2 A/Wisconsin/67/2005": 0.3448582589626312
    },
    "H3N2 A/Wisconsin/67/2005": {
      "H3N2 A/California/7/2004": 0.3473166227340698,
      "H3N2 A/Brisbane/10/2007": 1.0
    }
  },
  "H3N2 A/Beijing/32/1992": {
    "H3N2 A/Perth/16/2009": {
      "H3N2 A/Sydney/5/1997": 0.12223272770643234,
      "H3N2 A/Brisbane/10/2007": 1.0,
      "H3N2 A/Wisconsin/67/2005": 0.825474739074707
    },
    "H3N2 A/Panama/2007/1999": {
      "H3N2 A/Sydney/5/1997": 0.40597692131996155,
      "H3N2 A/California/7/2004": 0.1065131425857544,
      "H3N2 A/Fujian/411/2002": 1.0,
      "H3N2 A/Wuhan/359/1995": 0.1712433099746704
    },
    "H3N2 A/Sydney/5/1997": {
      "H3N2 A/Perth/16/2009": 0.240757018327713,
      "H3N2 A/Panama/2007/1999": 1.0,
      "H3N2 A/California/7/2004": 0.21977899968624115,
      "H3N2 A/Fujian/411/2002": 0.3771418631076813,
      "H3N2 A/Wuhan/359/1995": 0.40477702021598816
    },
    "H3N2 A/California/7/2004": {
      "H3N2 A/Panama/2007/1999": 0.16794703900814056,
      "H3N2 A/Sydney/5/1997": 0.1088065505027771,
      "H3N2 A/Brisbane/10/2007": 0.8415828347206116,
      "H3N2 A/Fujian/411/2002": 0.43656125664711,
      "H3N2 A/Wisconsin/67/2005": 1.0
    },
    "H3N2 A/Brisbane/10/2007": {
      "H3N2 A/Perth/16/2009": 0.49147945642471313,
      "H3N2 A/California/7/2004": 0.3490290641784668,
      "H3N2 A/Wisconsin/67/2005": 1.0
    },
    "H3N2 A/Fujian/411/2002": {
      "H3N2 A/Perth/16/2009": 0.13637728989124298,
      "H3N2 A/Panama/2007/1999": 1.0,
      "H3N2 A/Sydney/5/1997": 0.28709834814071655,
      "H3N2 A/California/7/2004": 0.21202078461647034
    },
    "H3N2 A/Wuhan/359/1995": {
      "H3N2 A/Panama/2007/1999": 1.0,
      "H3N2 A/Sydney/5/1997": 0.8683424592018127,
      "H3N2 A/Wisconsin/67/2005": 0.13780462741851807
    },
    "H3N2 A/Wisconsin/67/2005": {
      "H3N2 A/Perth/16/2009": 0.4106115996837616,
      "H3N2 A/California/7/2004": 0.4389443099498749,
      "H3N2 A/Brisbane/10/2007": 1.0
    }
  },
  "H3N2 A/Panama/2007/1999": {
    "H3N2 A/Perth/16/2009": {
      "H3N2 A/Beijing/32/1992": 0.22019615769386292,
      "H3N2 A/Sydney/5/1997": 0.12948943674564362,
      "H3N2 A/Brisbane/10/2007": 1.0,
      "H3N2 A/Wisconsin/67/2005": 0.7912354469299316
    },
    "H3N2 A/Beijing/32/1992": {
      "H3N2 A/Perth/16/2009": 0.29018503427505493,
      "H3N2 A/Sydney/5/1997": 0.484646201133728,
      "H3N2 A/California/7/2004": 0.15283577144145966,
      "H3N2 A/Brisbane/10/2007": 0.28651222586631775,
      "H3N2 A/Wuhan/359/1995": 1.0,
      "H3N2 A/Wisconsin/67/2005": 0.23997196555137634
    },
    "H3N2 A/Sydney/5/1997": {
      "H3N2 A/Perth/16/2009": 0.4204569458961487,
      "H3N2 A/Beijing/32/1992": 0.23043657839298248,
      "H3N2 A/California/7/2004": 0.3028682470321655,
      "H3N2 A/Fujian/411/2002": 1.0,
      "H3N2 A/Wuhan/359/1995": 0.46309950947761536
    },
    "H3N2 A/California/7/2004": {
      "H3N2 A/Beijing/32/1992": 0.13309673964977264,
      "H3N2 A/Sydney/5/1997": 0.1624203324317932,
      "H3N2 A/Brisbane/10/2007": 0.8437815308570862,
      "H3N2 A/Fujian/411/2002": 0.6162461042404175,
      "H3N2 A/Wisconsin/67/2005": 1.0
    },
    "H3N2 A/Brisbane/10/2007": {
      "H3N2 A/Perth/16/2009": 0.468641996383667,
      "H3N2 A/California/7/2004": 0.3408568203449249,
      "H3N2 A/Wisconsin/67/2005": 1.0
    },
    "H3N2 A/Fujian/411/2002": {
      "H3N2 A/Perth/16/2009": 0.15723256766796112,
      "H3N2 A/Sydney/5/1997": 1.0,
      "H3N2 A/California/7/2004": 0.5022680759429932,
      "H3N2 A/Wuhan/359/1995": 0.10619404911994934
    },
    "H3N2 A/Wuhan/359/1995": {
      "H3N2 A/Beijing/32/1992": 1.0,
      "H3N2 A/Sydney/5/1997": 0.8169059753417969,
      "H3N2 A/Fujian/411/2002": 0.2562448978424072,
      "H3N2 A/Wisconsin/67/2005": 0.18709829449653625
    },
    "H3N2 A/Wisconsin/67/2005": {
      "H3N2 A/Perth/16/2009": 0.3802351653575897,
      "H3N2 A/California/7/2004": 0.41931039094924927,
      "H3N2 A/Brisbane/10/2007": 1.0
    }
  },
  "H3N2 A/Sydney/5/1997": {
    "H3N2 A/Perth/16/2009": {
      "H3N2 A/Beijing/32/1992": 0.27649354934692383,
      "H3N2 A/Brisbane/10/2007": 1.0,
      "H3N2 A/Wisconsin/67/2005": 0.8802476525306702
    },
    "H3N2 A/Beijing/32/1992": {
      "H3N2 A/Perth/16/2009": 0.35979077219963074,
      "H3N2 A/Panama/2007/1999": 0.5570679903030396,
      "H3N2 A/California/7/2004": 0.152790829539299,
      "H3N2 A/Brisbane/10/2007": 0.2410917729139328,
      "H3N2 A/Wuhan/359/1995": 1.0,
      "H3N2 A/Wisconsin/67/2005": 0.21955324709415436
    },
    "H3N2 A/Panama/2007/1999": {
      "H3N2 A/California/7/2004": 0.11450590938329697,
      "H3N2 A/Fujian/411/2002": 1.0,
      "H3N2 A/Wuhan/359/1995": 0.17797847092151642
    },
    "H3N2 A/California/7/2004": {
      "H3N2 A/Beijing/32/1992": 0.14513632655143738,
      "H3N2 A/Panama/2007/1999": 0.2270479053258896,
      "H3N2 A/Brisbane/10/2007": 0.7562835812568665,
      "H3N2 A/Fujian/411/2002": 0.48569902777671814,
      "H3N2 A/Wisconsin/67/2005": 1.0
    },
    "H3N2 A/Brisbane/10/2007": {
      "H3N2 A/Perth/16/2009": 0.44101566076278687,
      "H3N2 A/California/7/2004": 0.3162674307823181,
      "H3N2 A/Wisconsin/67/2005": 1.0
    },
    "H3N2 A/Fujian/411/2002": {
      "H3N2 A/Panama/2007/1999": 1.0,
      "H3N2 A/California/7/2004": 0.20331993699073792
    },
    "H3N2 A/Wuhan/359/1995": {
      "H3N2 A/Beijing/32/1992": 1.0,
      "H3N2 A/Panama/2007/1999": 0.9626631736755371,
      "H3N2 A/Fujian/411/2002": 0.21529605984687805,
      "H3N2 A/Wisconsin/67/2005": 0.17535273730754852
    },
    "H3N2 A/Wisconsin/67/2005": {
      "H3N2 A/Perth/16/2009": 0.40144649147987366,
      "H3N2 A/California/7/2004": 0.43711167573928833,
      "H3N2 A/Brisbane/10/2007": 1.0
    }
  },
  "H3N2 A/California/7/2004": {
    "H3N2 A/Perth/16/2009": {
      "H3N2 A/Beijing/32/1992": 0.22832559049129486,
      "H3N2 A/Brisbane/10/2007": 1.0,
      "H3N2 A/Wisconsin/67/2005": 0.8440943956375122
    },
    "H3N2 A/Beijing/32/1992": {
      "H3N2 A/Perth/16/2009": 0.39389485120773315,
      "H3N2 A/Panama/2007/1999": 0.42863497138023376,
      "H3N2 A/Sydney/5/1997": 0.4459882378578186,
      "H3N2 A/Brisbane/10/2007": 0.3486921787261963,