{
  "H3N2 A/Brisbane/10/2007": {
    "H3N2 A/Beijing/32/1992": {
      "H3N2 A/Sydney/5/1997": 0.7326298952102661,
      "H3N2 A/Wisconsin/67/2005": 0.17349013686180115,
      "H3N2 A/Panama/2007/1999": 1.0,
      "H3N2 A/Perth/16/2009": 0.5777013897895813
    },
    "H3N2 A/Sydney/5/1997": {
      "H3N2 A/Beijing/32/1992": 0.12851378321647644,
      "H3N2 A/Panama/2007/1999": 1.0
    },
    "H3N2 A/Wisconsin/67/2005": {
      "H3N2 A/Beijing/32/1992": 0.11157569289207458,
      "H3N2 A/Perth/16/2009": 1.0
    },
    "H3N2 A/Panama/2007/1999": {
      "H3N2 A/Beijing/32/1992": 0.1490846425294876,
      "H3N2 A/Sydney/5/1997": 1.0
    },
    "H3N2 A/Perth/16/2009": {
      "H3N2 A/Beijing/32/1992": 0.15054093301296234,
      "H3N2 A/Wisconsin/67/2005": 1.0
    }
  },
  "H3N2 A/Beijing/32/1992": {
    "H3N2 A/Brisbane/10/2007": {
      "H3N2 A/Wisconsin/67/2005": 1.0,
      "H3N2 A/Perth/16/2009": 0.28397971391677856
    },
    "H3N2 A/Sydney/5/1997": {
      "H3N2 A/Panama/2007/1999": 1.0
    },
    "H3N2 A/Wisconsin/67/2005": {
      "H3N2 A/Brisbane/10/2007": 1.0,
      "H3N2 A/Perth/16/2009": 0.21193324029445648
    },
    "H3N2 A/Panama/2007/1999": {
      "H3N2 A/Brisbane/10/2007": 0.10007788240909576,
      "H3N2 A/Sydney/5/1997": 1.0
    },
    "H3N2 A/Perth/16/2009": {
      "H3N2 A/Brisbane/10/2007": 1.0,
      "H3N2 A/Wisconsin/67/2005": 0.7094588875770569
    }
  },
  "H3N2 A/Sydney/5/1997": {
    "H3N2 A/Brisbane/10/2007": {
      "H3N2 A/Wisconsin/67/2005": 1.0,
      "H3N2 A/Perth/16/2009": 0.2430378794670105
    },
    "H3N2 A/Beijing/32/1992": {
      "H3N2 A/Brisbane/10/2007": 0.1036788672208786,
      "H3N2 A/Panama/2007/1999": 1.0,
      "H3N2 A/Perth/16/2009": 0.34153154492378235
    },
    "H3N2 A/Wisconsin/67/2005": {
      "H3N2 A/Brisbane/10/2007": 1.0,
      "H3N2 A/Perth/16/2009": 0.21796615421772003
    },
    "H3N2 A/Panama/2007/1999": {
      "H3N2 A/Brisbane/10/2007": 0.16838835179805756,
      "H3N2 A/Beijing/32/1992": 1.0,
      "H3N2 A/Wisconsin/67/2005": 0.29251396656036377
    },
    "H3N2 A/Perth/16/2009": {
      "H3N2 A/Brisbane/10/2007": 1.0,
      "H3N2 A/Beijing/32/1992": 0.2684076726436615,
      "H3N2 A/Wisconsin/67/2005": 0.8204702138900757
    }
  },
  "H3N2 A/Wisconsin/67/2005": {
    "H3N2 A/Brisbane/10/2007": {
      "H3N2 A/Beijing/32/1992": 0.11665374040603638,
      "H3N2 A/Perth/16/2009": 1.0
    },
    "H3N2 A/Beijing/32/1992": {
      "H3N2 A/Brisbane/10/2007": 0.250202476978302,
      "H3N2 A/Sydney/5/1997": 0.7854616641998291,
      "H3N2 A/Panama/2007/1999": 1.0,
      "H3N2 A/Perth/16/2009": 0.4781665802001953
    },
    "H3N2 A/Sydney/5/1997": {
      "H3N2 A/Beijing/32/1992": 0.13055476546287537,
      "H3N2 A/Panama/2007/1999": 1.0
    },
    "H3N2 A/Panama/2007/1999": {
      "H3N2 A/Brisbane/10/2007": 0.1218109130859375,
      "H3N2 A/Beijing/32/1992": 0.15008752048015594,
      "H3N2 A/Sydney/5/1997": 1.0
    },
    "H3N2 A/Perth/16/2009": {
      "H3N2 A/Brisbane/10/2007": 1.0,
      "H3N2 A/Beijing/32/1992": 0.11599723249673843
    }
  },
  "H3N2 A/Panama/2007/1999": {
    "H3N2 A/Brisbane/10/2007": {
      "H3N2 A/Wisconsin/67/2005": 1.0,
      "H3N2 A/Perth/16/2009": 0.23212559521198273
    },
    "H3N2 A/Beijing/32/1992": {
      "H3N2 A/Brisbane/10/2007": 0.24078184366226196,
      "H3N2 A/Sydney/5/1997": 1.0,
      "H3N2 A/Wisconsin/67/2005": 0.13230957090854645,
      "H3N2 A/Perth/16/2009": 0.27216073870658875
    },
    "H3N2 A/Sydney/5/1997": {
      "H3N2 A/Beijing/32/1992": 1.0,
      "H3N2 A/Wisconsin/67/2005": 0.2729015648365021,
      "H3N2 A/Perth/16/2009": 0.3231882154941559
    },
    "H3N2 A/Wisconsin/67/2005": {
      "H3N2 A/Brisbane/10/2007": 1.0,
      "H3N2 A/Perth/16/2009": 0.1698676198720932
    },
    "H3N2 A/Perth/16/2009": {
      "H3N2 A/Brisbane/10/2007": 1.0,
      "H3N2 A/Beijing/32/1992": 0.17471329867839813,
      "H3N2 A/Wisconsin/67/2005": 0.677948534488678
    }
  },
  "H3N2 A/Perth/16/2009": {
    "H3N2 A/Brisbane/10/2007": {
      "H3N2 A/Wisconsin/67/2005": 1.0
    },
    "H3N2 A/Beijing/32/1992": {
      "H3N2 A/Brisbane/10/2007": 0.4602815508842468,
      "H3N2 A/Sydney/5/1997": 0.9396091103553772,
      "H3N2 A/Wisconsin/67/2005": 0.20315362513065338,
      "H3N2 A/Panama/2007/1999": 1.0
    },
    "H3N2 A/Sydney/5/1997": {
      "H3N2 A/Beijing/32/1992": 0.14862634241580963,
      "H3N2 A/Panama/2007/1999": 1.0
    },
    "H3N2 A/Wisconsin/67/2005": {
      "H3N2 A/Brisbane/10/2007": 1.0
    },
    "H3N2 A/Panama/2007/1999": {
      "H3N2 A/Beijing/32/1992": 0.15291859209537506,
      "H3N2 A/Sydney/5/1997": 1.0
    }
  }
}