{
  "H3N2 A/Beijing/353/1989": {
    "H3N2 A/Beijing/32/1992": {
      "H3N2 A/Sydney/5/1997": 1.0,
      "H3N2 A/Texas/50/2012": 0.3105049431324005,
      "H3N2 A/Wuhan/359/1995": 0.35089197754859924
    },
    "H3N2 A/Sydney/5/1997": {
      "H3N2 A/Beijing/32/1992": 0.2622321546077728,
      "H3N2 A/Texas/50/2012": 0.5596399903297424,
      "H3N2 A/Wuhan/359/1995": 1.0
    },
    "H3N2 A/Bangkok/1/1979": {
      "H3N2 A/Sydney/5/1997": 1.0,
      "H3N2 A/Texas/50/2012": 0.26647213101387024
    },
    "H3N2 A/Texas/50/2012": {
      "H3N2 A/Beijing/32/1992": 0.320565402507782,
      "H3N2 A/Sydney/5/1997": 0.6535767316818237,
      "H3N2 A/Wuhan/359/1995": 1.0
    },
    "H3N2 A/Wuhan/359/1995": {
      "H3N2 A/Sydney/5/1997": 1.0,
      "H3N2 A/Texas/50/2012": 0.23109954595565796
    }
  },
  "H3N2 A/Beijing/32/1992": {
    "H3N2 A/Beijing/353/1989": {
      "H3N2 A/Sydney/5/1997": 0.3370782136917114,
      "H3N2 A/Texas/50/2012": 1.0
    },
    "H3N2 A/Sydney/5/1997": {
      "H3N2 A/Texas/50/2012": 0.5904915928840637,
      "H3N2 A/Wuhan/359/1995": 1.0
    },
    "H3N2 A/Bangkok/1/1979": {
      "H3N2 A/Sydney/5/1997": 1.0,
      "H3N2 A/Texas/50/2012": 0.25915253162384033
    },
    "H3N2 A/Texas/50/2012": {
      "H3N2 A/Beijing/353/1989": 0.1469653844833374,
      "H3N2 A/Sydney/5/1997": 0.505311131477356,
      "H3N2 A/Wuhan/359/1995": 1.0
    },
    "H3N2 A/Wuhan/359/1995": {
      "H3N2 A/Sydney/5/1997": 1.0,
      "H3N2 A/Texas/50/2012": 0.2362683266401291
    }
  },
  "H3N2 A/Sydney/5/1997": {
    "H3N2 A/Beijing/353/1989": {
      "H3N2 A/Texas/50/2012": 1.0
    },
    "H3N2 A/Beijing/32/1992": {
      "H3N2 A/Texas/50/2012": 0.35467803478240967,
      "H3N2 A/Wuhan/359/1995": 1.0
    },
    "H3N2 A/Bangkok/1/1979": {
      "H3N2 A/Texas/50/2012": 1.0,
      "H3N2 A/Wuhan/359/1995": 0.1594759225845337
    },
    "H3N2 A/Texas/50/2012": {
      "H3N2 A/Beijing/353/1989": 0.14460378885269165,
      "H3N2 A/Beijing/32/1992": 0.3273118734359741,
      "H3N2 A/Wuhan/359/1995": 1.0
    },
    "H3N2 A/Wuhan/359/1995": {
      "H3N2 A/Beijing/32/1992": 1.0,
      "H3N2 A/Texas/50/2012": 0.9935497045516968
    }
  },
  "H3N2 A/Bangkok/1/1979": {
    "H3N2 A/Beijing/353/1989": {
      "H3N2 A/Sydney/5/1997": 0.3309645354747772,
      "H3N2 A/Texas/50/2012": 1.0
    },
    "H3N2 A/Beijing/32/1992": {
      "H3N2 A/Sydney/5/1997": 1.0,
      "H3N2 A/Texas/50/2012": 0.3231366276741028,
      "H3N2 A/Wuhan/359/1995": 0.3577883541584015
    },
    "H3N2 A/Sydney/5/1997": {
      "H3N2 A/Beijing/32/1992": 0.2627308666706085,
      "H3N2 A/Texas/50/2012": 0.5494508147239685,
      "H3N2 A/Wuhan/359/1995": 1.0
    },
    "H3N2 A/Texas/50/2012": {
      "H3N2 A/Beijing/353/1989": 0.16213707625865936,
      "H3N2 A/Beijing/32/1992": 0.3321494162082672,
      "H3N2 A/Sydney/5/1997": 0.4474172592163086,
      "H3N2 A/Wuhan/359/1995": 1.0
    },
    "H3N2 A/Wuhan/359/1995": {
      "H3N2 A/Sydney/5/1997": 1.0,
      "H3N2 A/Texas/50/2012": 0.25031939148902893
    }
  },
  "H3N2 A/Texas/50/2012": {
    "H3N2 A/Beijing/353/1989": {
      "H3N2 A/Sydney/5/1997": 1.0
    },
    "H3N2 A/Beijing/32/1992": {
      "H3N2 A/Sydney/5/1997": 1.0,
      "H3N2 A/Wuhan/359/1995": 0.3333202600479126
    },
    "H3N2 A/Sydney/5/1997": {
      "H3N2 A/Beijing/32/1992": 0.28248530626296997,
      "H3N2 A/Wuhan/359/1995": 1.0
    },
    "H3N2 A/Bangkok/1/1979": {
      "H3N2 A/Sydney/5/1997": 1.0
    },
    "H3N2 A/Wuhan/359/1995": {
      "H3N2 A/Sydney/5/1997": 1.0
    }
  },
  "H3N2 A/Wuhan/359/1995": {
    "H3N2 A/Beijing/353/1989": {
      "H3N2 A/Sydney/5/1997": 0.49309271574020386,
      "H3N2 A/Texas/50/2012": 1.0
    },
    "H3N2 A/Beijing/32/1992": {
      "H3N2 A/Sydney/5/1997": 1.0,
      "H3N2 A/Texas/50/2012": 0.24768197536468506
    },
    "H3N2 A/Sydney/5/1997": {
      "H3N2 A/Beijing/32/1992": 0.3006267547607422,
      "H3N2 A/Texas/50/2012": 1.0
    },
    "H3N2 A/Bangkok/1/1979": {
      "H3N2 A/Sydney/5/1997": 1.0,
      "H3N2 A/Texas/50/2012": 0.2770775556564331
    },
    "H3N2 A/Texas/50/2012": {
      "H3N2 A/Beijing/353/1989": 0.17351014912128448,
      "H3N2 A/Beijing/32/1992": 0.5250226855278015,
      "H3N2 A/Sydney/5/1997": 1.0
    }
  }
}