{
  "H3N2 A/Perth/16/2009": {
    "H3N2 A/Brisbane/10/2007": {
      "H3N2 A/Texas/50/2012": 0.3559487462043762,
      "H3N2 A/Switzerland/9715293/2013": 0.3195765018463135,
      "H3N2 A/Fujian/411/2002": 0.11825389415025711,
      "H3N2 A/Wisconsin/67/2005": 1.0
    },
    "H3N2 A/Texas/50/2012": {
      "H3N2 A/Brisbane/10/2007": 0.29832807183265686,
      "H3N2 A/Switzerland/9715293/2013": 1.0,
      "H3N2 A/Wisconsin/67/2005": 0.14086399972438812
    },
    "H3N2 A/Switzerland/9715293/2013": {
      "H3N2 A/Brisbane/10/2007": 0.2594189941883087,
      "H3N2 A/Texas/50/2012": 1.0,
      "H3N2 A/Wisconsin/67/2005": 0.24705500900745392
    },
    "H3N2 A/Fujian/411/2002": {
      "H3N2 A/Brisbane/10/2007": 0.8171879649162292,
      "H3N2 A/Texas/50/2012": 0.2897627651691437,
      "H3N2 A/Wisconsin/67/2005": 1.0
    },
    "H3N2 A/Wisconsin/67/2005": {
      "H3N2 A/Brisbane/10/2007": 1.0,
      "H3N2 A/Texas/50/2012": 0.14092794060707092,
      "H3N2 A/Switzerland/9715293/2013": 0.17983779311180115,
      "H3N2 A/Fujian/411/2002": 0.20646187663078308
    }
  },
  "H3N2 A/Brisbane/10/2007": {
    "H3N2 A/Perth/16/2009": {
      "H3N2 A/Texas/50/2012": 0.6799660325050354,
      "H3N2 A/Switzerland/9715293/2013": 1.0,
      "H3N2 A/Wisconsin/67/2005": 0.20637081563472748
    },
    "H3N2 A/Texas/50/2012": {
      "H3N2 A/Perth/16/2009": 0.829418957233429,
      "H3N2 A/Switzerland/9715293/2013": 1.0,
      "H3N2 A/Wisconsin/67/2005": 0.278096467256546
    },
    "H3N2 A/Switzerland/9715293/2013": {
      "H3N2 A/Perth/16/2009": 0.6828646659851074,
      "H3N2 A/Texas/50/2012": 1.0,
      "H3N2 A/Wisconsin/67/2005": 0.3426993191242218
    },
    "H3N2 A/Fujian/411/2002": {
      "H3N2 A/Texas/50/2012": 0.22581933438777924,
      "H3N2 A/Wisconsin/67/2005": 1.0
    },
    "H3N2 A/Wisconsin/67/2005": {
      "H3N2 A/Perth/16/2009": 0.5278408527374268,
      "H3N2 A/Texas/50/2012": 0.6466037631034851,
      "H3N2 A/Switzerland/9715293/2013": 0.4613107442855835,
      "H3N2 A/Fujian/411/2002": 1.0
    }
  },
  "H3N2 A/Texas/50/2012": {
    "H3N2 A/Perth/16/2009": {
      "H3N2 A/Brisbane/10/2007": 0.3315427899360657,
      "H3N2 A/Switzerland/9715293/2013": 1.0,
      "H3N2 A/Wisconsin/67/2005": 0.10971932858228683
    },
    "H3N2 A/Brisbane/10/2007": {
      "H3N2 A/Perth/16/2009": 0.38138604164123535,
      "H3N2 A/Switzerland/9715293/2013": 0.28252115845680237,
      "H3N2 A/Fujian/411/2002": 0.1367121785879135,
      "H3N2 A/Wisconsin/67/2005": 1.0
    },
    "H3N2 A/Switzerland/9715293/2013": {
      "H3N2 A/Perth/16/2009": 1.0,
      "H3N2 A/Brisbane/10/2007": 0.36551427841186523,
      "H3N2 A/Wisconsin/67/2005": 0.39381512999534607
    },
    "H3N2 A/Fujian/411/2002": {
      "H3N2 A/Brisbane/10/2007": 0.8661268949508667,
      "H3N2 A/Wisconsin/67/2005": 1.0
    },
    "H3N2 A/Wisconsin/67/2005": {
      "H3N2 A/Perth/16/2009": 0.1494738906621933,
      "H3N2 A/Brisbane/10/2007": 1.0,
      "H3N2 A/Switzerland/9715293/2013": 0.16086941957473755,
      "H3N2 A/Fujian/411/2002": 0.21843253076076508
    }
  },
  "H3N2 A/Switzerland/9715293/2013": {
    "H3N2 A/Perth/16/2009": {
      "H3N2 A/Brisbane/10/2007": 0.4402647614479065,
      "H3N2 A/Texas/50/2012": 1.0,
      "H3N2 A/Wisconsin/67/2005": 0.18462061882019043
    },
    "H3N2 A/Brisbane/10/2007": {
      "H3N2 A/Perth/16/2009": 0.40663522481918335,
      "H3N2 A/Texas/50/2012": 0.3820142149925232,
      "H3N2 A/Wisconsin/67/2005": 1.0
    },
    "H3N2 A/Texas/50/2012": {
      "H3N2 A/Perth/16/2009": 1.0,
      "H3N2 A/Brisbane/10/2007": 0.3640907108783722,
      "H3N2 A/Wisconsin/67/2005": 0.2285892367362976
    },
    "H3N2 A/Fujian/411/2002": {
      "H3N2 A/Brisbane/10/2007": 0.89817875623703,
      "H3N2 A/Texas/50/2012": 0.2290152907371521,
      "H3N2 A/Wisconsin/67/2005": 1.0
    },
    "H3N2 A/Wisconsin/67/2005": {
      "H3N2 A/Perth/16/2009": 0.1958151012659073,
      "H3N2 A/Brisbane/10/2007": 1.0,
      "H3N2 A/Texas/50/2012": 0.16256657242774963,
      "H3N2 A/Fujian/411/2002": 0.15706078708171844
    }
  },
  "H3N2 A/Fujian/411/2002": {
    "H3N2 A/Perth/16/2009": {
      "H3N2 A/Brisbane/10/2007": 0.2843746840953827,
      "H3N2 A/Texas/50/2012": 0.6403163075447083,
      "H3N2 A/Switzerland/9715293/2013": 1.0
    },
    "H3N2 A/Brisbane/10/2007": {
      "H3N2 A/Perth/16/2009": 0.20951804518699646,
      "H3N2 A/Texas/50/2012": 0.24200603365898132,
      "H3N2 A/Switzerland/9715293/2013": 0.11768628656864166,
      "H3N2 A/Wisconsin/67/2005": 1.0
    },
    "H3N2 A/Texas/50/2012": {
      "H3N2 A/Perth/16/2009": 0.8425517082214355,
      "H3N2 A/Brisbane/10/2007": 0.3536924421787262,
      "H3N2 A/Switzerland/9715293/2013": 1.0,
      "H3N2 A/Wisconsin/67/2005": 0.19308766722679138
    },
    "H3N2 A/Switzerland/9715293/2013": {
      "H3N2 A/Perth/16/2009": 0.6329022645950317,
      "H3N2 A/Brisbane/10/2007": 0.14622509479522705,
      "H3N2 A/Texas/50/2012": 1.0,
      "H3N2 A/Wisconsin/67/2005": 0.19446446001529694
    },
    "H3N2 A/Wisconsin/67/2005": {
      "H3N2 A/Brisbane/10/2007": 1.0
    }
  },
  "H3N2 A/Wisconsin/67/2005": {
    "H3N2 A/Perth/16/2009": {
      "H3N2 A/Brisbane/10/2007": 0.421108603477478,
      "H3N2 A/Texas/50/2012": 0.6269237399101257,
      "H3N2 A/Switzerland/9715293/2013": 1.0
    },
    "H3N2 A/Brisbane/10/2007": {
      "H3N2 A/Perth/16/2009": 0.8873484134674072,
      "H3N2 A/Texas/50/2012": 1.0,
      "H3N2 A/Switzerland/9715293/2013": 0.5764884948730469,
      "H3N2 A/Fujian/411/2002": 0.8031418323516846
    },
    "H3N2 A/Texas/50/2012": {
      "H3N2 A/Perth/16/2009": 0.797120988368988,
      "H3N2 A/Brisbane/10/2007": 0.40604719519615173,
      "H3N2 A/Switzerland/9715293/2013": 1.0
    },
    "H3N2 A/Switzerland/9715293/2013": {
      "H3N2 A/Perth/16/2009": 0.6287074685096741,
      "H3N2 A/Brisbane/10/2007": 0.29208904504776,
      "H3N2 A/Texas/50/2012": 1.0
    },
    "H3N2 A/Fujian/411/2002": {
      "H3N2 A/Brisbane/10/2007": 1.0,
      "H3N2 A/Texas/50/2012": 0.17452393472194672
    }
  }
}