{
  "H3N2 A/Beijing/353/1989": {
    "H3N2 A/Perth/16/2009": {
      "H3N2 A/Beijing/32/1992": 0.12600597739219666,
      "H3N2 A/Brisbane/10/2007": 0.43099939823150635,
      "H3N2 A/Texas/50/2012": 1.0
    },
    "H3N2 A/Beijing/32/1992": {
      "H3N2 A/Perth/16/2009": 0.19798140227794647,
      "H3N2 A/California/7/2004": 0.18103517591953278,
      "H3N2 A/Brisbane/10/2007": 0.1963115632534027,
      "H3N2 A/Texas/50/2012": 0.2333783209323883,
      "H3N2 A/Fujian/411/2002": 0.17917099595069885,
      "H3N2 A/Wuhan/359/1995": 1.0
    },
    "H3N2 A/Victoria/3/1975": {
      "H3N2 A/Bangkok/1/1979": 1.0
    },
    "H3N2 A/California/7/2004": {
      "H3N2 A/Beijing/32/1992": 0.18989279866218567,
      "H3N2 A/Brisbane/10/2007": 0.9949559569358826,
      "H3N2 A/Texas/50/2012": 0.412847638130188,
      "H3N2 A/Fujian/411/2002": 1.0
    },
    "H3N2 A/Bangkok/1/1979": {
      "H3N2 A/Victoria/3/1975": 1.0
    },
    "H3N2 A/Brisbane/10/2007": {
      "H3N2 A/Perth/16/2009": 0.4642556309700012,
      "H3N2 A/Beijing/32/1992": 0.13883653283119202,
      "H3N2 A/California/7/2004": 0.5299868583679199,
      "H3N2 A/Texas/50/2012": 1.0
    },
    "H3N2 A/Texas/50/2012": {
      "H3N2 A/Perth/16/2009": 1.0,
      "H3N2 A/Beijing/32/1992": 0.17275768518447876,
      "H3N2 A/California/7/2004": 0.2595142722129822,
      "H3N2 A/Brisbane/10/2007": 0.9510697722434998
    },
    "H3N2 A/Fujian/411/2002": {
      "H3N2 A/Beijing/32/1992": 0.11663249880075455,
      "H3N2 A/California/7/2004": 1.0,
      "H3N2 A/Wuhan/359/1995": 0.21110989153385162
    },
    "H3N2 A/Wuhan/359/1995": {
      "H3N2 A/Beijing/32/1992": 1.0,
      "H3N2 A/Texas/50/2012": 0.11274182796478271,
      "H3N2 A/Fujian/411/2002": 0.44410139322280884
    }
  },
  "H3N2 A/Perth/16/2009": {
    "H3N2 A/Beijing/353/1989": {
      "H3N2 A/Victoria/3/1975": 0.8827512860298157,
      "H3N2 A/Bangkok/1/1979": 1.0
    },
    "H3N2 A/Beijing/32/1992": {
      "H3N2 A/California/7/2004": 0.24782629311084747,
      "H3N2 A/Brisbane/10/2007": 0.3000640571117401,
      "H3N2 A/Texas/50/2012": 0.3672904968261719,
      "H3N2 A/Fujian/411/2002": 0.1871429979801178,
      "H3N2 A/Wuhan/359/1995": 1.0
    },
    "H3N2 A/Victoria/3/1975": {
      "H3N2 A/Beijing/353/1989": 0.269564688205719,
      "H3N2 A/Bangkok/1/1979": 1.0,
      "H3N2 A/Texas/50/2012": 0.10522178560495377
    },
    "H3N2 A/California/7/2004": {
      "H3N2 A/Beijing/32/1992": 0.19617432355880737,
      "H3N2 A/Brisbane/10/2007": 1.0,
      "H3N2 A/Texas/50/2012": 0.4045484662055969,
      "H3N2 A/Fujian/411/2002": 0.8101587295532227
    },
    "H3N2 A/Bangkok/1/1979": {
      "H3N2 A/Beijing/353/1989": 0.3409324288368225,
      "H3N2 A/Victoria/3/1975": 1.0
    },
    "H3N2 A/Brisbane/10/2007": {
      "H3N2 A/Beijing/32/1992": 0.113706074655056,
      "H3N2 A/California/7/2004": 0.37051835656166077,
      "H3N2 A/Texas/50/2012": 1.0
    },
    "H3N2 A/Texas/50/2012": {
      "H3N2 A/Beijing/32/1992": 0.15060456097126007,
      "H3N2 A/California/7/2004": 0.20270070433616638,
      "H3N2 A/Brisbane/10/2007": 1.0
    },
    "H3N2 A/Fujian/411/2002": {
      "H3N2 A/California/7/2004": 1.0,
      "H3N2 A/Wuhan/359/1995": 0.17697562277317047
    },
    "H3N2 A/Wuhan/359/1995": {
      "H3N2 A/Beijing/32/1992": 1.0,
      "H3N2 A/Fujian/411/2002": 0.5202221274375916
    }
  },
  "H3N2 A/Beijing/32/1992": {
    "H3N2 A/Beijing/353/1989": {
      "H3N2 A/Victoria/3/1975": 0.8870586156845093,
      "H3N2 A/Bangkok/1/1979": 1.0
    },
    "H3N2 A/Perth/16/2009": {
      "H3N2 A/Brisbane/10/2007": 0.4414125680923462,
      "H3N2 A/Texas/50/2012": 1.0
    },
    "H3N2 A/Victoria/3/1975": {
      "H3N2 A/Beijing/353/1989": 0.2645443379878998,
      "H3N2 A/Perth/16/2009": 0.11796129494905472,
      "H3N2 A/Bangkok/1/1979": 1.0
    },
    "H3N2 A/California/7/2004": {
      "H3N2 A/Brisbane/10/2007": 1.0,
      "H3N2 A/Texas/50/2012": 0.3918989598751068,
      "H3N2 A/Fujian/411/2002": 0.9832757115364075,
      "H3N2 A/Wuhan/359/1995": 0.12988433241844177
    },
    "H3N2 A/Bangkok/1/1979": {
      "H3N2 A/Beijing/353/1989": 0.3329428732395172,
      "H3N2 A/Victoria/3/1975": 1.0
    },
    "H3N2 A/Brisbane/10/2007": {
      "H3N2 A/Perth/16/2009": 0.4592992663383484,
      "H3N2 A/California/7/2004": 0.5749642848968506,
      "H3N2 A/Texas/50/2012": 1.0
    },
    "H3N2 A/Texas/50/2012": {
      "H3N2 A/Perth/16/2009": 1.0,
      "H3N2 A/California/7/2004": 0.26725053787231445,
      "H3N2 A/Brisbane/10/2007": 0.9169224500656128
    },
    "H3N2 A/Fujian/411/2002": {
      "H3N2 A/California/7/2004": 1.0,
      "H3N2 A/Wuhan/359/1995": 0.22427713871002197
    },
    "H3N2 A/Wuhan/359/1995": {
      "H3N2 A/Perth/16/2009": 0.2597758173942566,
      "H3N2 A/California/7/2004": 0.21144302189350128,
      "H3N2 A/Fujian/411/2002": 1.0
    }
  },
  "H3N2 A/Victoria/3/1975": {
    "H3N2 A/Beijing/353/1989": {
      "H3N2 A/Bangkok/1/1979": 1.0
    },
    "H3N2 A/Perth/16/2009": {
      "H3N2 A/Beijing/32/1992": 0.12402606755495071,
      "H3N2 A/Brisbane/10/2007": 0.41073107719421387,
      "H3N2 A/Texas/50/2012": 1.0
    },
    "H3N2 A/Beijing/32/1992": {
      "H3N2 A/Perth/16/2009": 0.21469369530677795,
      "H3N2 A/California/7/2004": 0.18092064559459686,
      "H3N2 A/Brisbane/10/2007": 0.1968473643064499,
      "H3N2 A/Texas/50/2012": 0.23623837530612946,
      "H3N2 A/Fujian/411/2002": 0.1731828898191452,
      "H3N2 A/Wuhan/359/1995": 1.0
    },
    "H3N2 A/California/7/2004": {
      "H3N2 A/Beijing/32/1992": 0.18637718260288239,
      "H3N2 A/Brisbane/10/2007": 1.0,
      "H3N2 A/Texas/50/2012": 0.40435096621513367,
      "H3N2 A/Fujian/411/2002": 0.999474048614502
    },
    "H3N2 A/Bangkok/1/1979": {
      "H3N2 A/Beijing/353/1989": 1.0,
      "H3N2 A/Brisbane/10/2007": 0.18468831479549408,
      "H3N2 A/Texas/50/2012": 0.11093514412641525
    },
    "H3N2 A/Brisbane/10/2007": {
      "H3N2 A/Perth/16/2009": 0.45964327454566956,
      "H3N2 A/Beijing/32/1992": 0.13898247480392456,
      "H3N2 A/California/7/2004": 0.5430196523666382,
      "H3N2 A/Texas/50/2012": 1.0
    },
    "H3N2 A/Texas/50/2012": {
      "H3N2 A/Perth/16/2009": 1.0,
      "H3N2 A/Beijing/32/1992": 0.1687999963760376,
      "H3N2 A/California/7/2004": 0.257304310798645,
      "H3N2 A/Brisbane/10/2007": 0.9375625848770142
    },
    "H3N2 A/Fujian/411/2002": {
      "H3N2 A/Beijing/32/1992": 0.11536826193332672,
      "H3N2 A/California/7/2004": 1.0,
      "H3N2 A/Wuhan/359/1995": 0.22235047817230225
    },
    "H3N2 A/Wuhan/359/1995": {
      "H3N2 A/Beijing/32/1992": 1.0,
      "H3N2 A/Texas/50/2012": 0.11735916882753372,
      "H3N2 A/Fujian/411/2002": 0.4757622480392456
    }
  },
  "H3N2 A/California/7/2004": {
    "H3N2 A/Beijing/353/1989": {
      "H3N2 A/Victoria/3/1975": 0.8916704654693604,
      "H3N2 A/Bangkok/1/1979": 1.0
    },
    "H3N2 A/Perth/16/2009": {
      "H3N2 A/Beijing/32/1992": 0.13809430599212646,
      "H3N2 A/Brisbane/10/2007": 0.510999321937561,
      "H3N2 A/Texas/50/2012": 1.0
    },
    "H3N2 A/Beijing/32/1992": {
      "H3N2 A/Perth/16/2009": 0.25356894731521606,
      "H3N2 A/Brisbane/10/2007": 0.27192485332489014,
      "H3N2 A/Texas/50/2012": 0.28009966015815735,
      "H3N2 A/Fujian/411/2002": 0.25229135155677795,
      "H3N2 A/Wuhan/359/1995": 1.0
    },
    "H3N2 A/Victoria/3/1975": {
      "H3N2 A/Beijing/353/1989": 0.26150062680244446,
      "H3N2 A/Perth/16/2009": 0.10441701114177704,
      "H3N2 A/Bangkok/1/1979": 1.0
    },
    "H3N2 A/Bangkok/1/1979": {
      "H3N2 A/Beijing/353/1989": 0.33488598465919495,
      "H3N2 A/Victoria/3/1975": 1.0
    },
    "H3N2 A/Brisbane/10/2007": {
      "H3N2 A/Perth/16/2009": 0.404977023601532,
      "H3N2 A/Beijing/32/1992": 0.1502993255853653,
      "H3N2 A/Texas/50/2012": 1.0
    },
    "H3N2 A/Texas/50/2012": {
      "H3N2 A/Perth/16/2009": 0.8181241750717163,
      "H3N2 A/Beijing/32/1992": 0.16541360318660736,
      "H3N2 A/Brisbane/10/2007": 1.0
    },