{
  "H3N2 A/Perth/16/2009": {
    "H3N2 A/Panama/2007/1999": {
      "H3N2 A/Sydney/5/1997": 1.0,
      "H3N2 A/Texas/50/2012": 0.10858450084924698,
      "H3N2 A/Wisconsin/67/2005": 0.2764929234981537
    },
    "H3N2 A/Sydney/5/1997": {
      "H3N2 A/Panama/2007/1999": 1.0
    },
    "H3N2 A/Texas/50/2012": {
      "H3N2 A/Switzerland/9715293/2013": 1.0,
      "H3N2 A/Wisconsin/67/2005": 0.2410207986831665
    },
    "H3N2 A/Switzerland/9715293/2013": {
      "H3N2 A/Texas/50/2012": 1.0,
      "H3N2 A/Wisconsin/67/2005": 0.33065134286880493
    },
    "H3N2 A/Wisconsin/67/2005": {
      "H3N2 A/Panama/2007/1999": 0.8627790808677673,
      "H3N2 A/Sydney/5/1997": 0.25545787811279297,
      "H3N2 A/Texas/50/2012": 1.0,
      "H3N2 A/Switzerland/9715293/2013": 0.9439895749092102
    }
  },
  "H3N2 A/Panama/2007/1999": {
    "H3N2 A/Perth/16/2009": {
      "H3N2 A/Texas/50/2012": 0.682416558265686,
      "H3N2 A/Switzerland/9715293/2013": 1.0,
      "H3N2 A/Wisconsin/67/2005": 0.21193355321884155
    },
    "H3N2 A/Sydney/5/1997": {
      "H3N2 A/Perth/16/2009": 0.1274350881576538,
      "H3N2 A/Wisconsin/67/2005": 1.0
    },
    "H3N2 A/Texas/50/2012": {
      "H3N2 A/Perth/16/2009": 0.8601585030555725,
      "H3N2 A/Switzerland/9715293/2013": 1.0,
      "H3N2 A/Wisconsin/67/2005": 0.3405745029449463
    },
    "H3N2 A/Switzerland/9715293/2013": {
      "H3N2 A/Perth/16/2009": 0.6803404688835144,
      "H3N2 A/Texas/50/2012": 1.0,
      "H3N2 A/Wisconsin/67/2005": 0.2659277617931366
    },
    "H3N2 A/Wisconsin/67/2005": {
      "H3N2 A/Perth/16/2009": 0.4803912937641144,
      "H3N2 A/Sydney/5/1997": 0.9212169051170349,
      "H3N2 A/Texas/50/2012": 1.0,
      "H3N2 A/Switzerland/9715293/2013": 0.3749169111251831
    }
  },
  "H3N2 A/Sydney/5/1997": {
    "H3N2 A/Perth/16/2009": {
      "H3N2 A/Texas/50/2012": 0.6817846298217773,
      "H3N2 A/Switzerland/9715293/2013": 1.0,
      "H3N2 A/Wisconsin/67/2005": 0.22080256044864655
    },
    "H3N2 A/Panama/2007/1999": {
      "H3N2 A/Texas/50/2012": 0.2249021679162979,
      "H3N2 A/Wisconsin/67/2005": 1.0
    },
    "H3N2 A/Texas/50/2012": {
      "H3N2 A/Perth/16/2009": 0.8457174301147461,
      "H3N2 A/Switzerland/9715293/2013": 1.0,
      "H3N2 A/Wisconsin/67/2005": 0.2715248465538025
    },
    "H3N2 A/Switzerland/9715293/2013": {
      "H3N2 A/Perth/16/2009": 0.7018740177154541,
      "H3N2 A/Texas/50/2012": 1.0,
      "H3N2 A/Wisconsin/67/2005": 0.3235974609851837
    },
    "H3N2 A/Wisconsin/67/2005": {
      "H3N2 A/Perth/16/2009": 0.4058739244937897,
      "H3N2 A/Panama/2007/1999": 1.0,
      "H3N2 A/Texas/50/2012": 0.4764050543308258,
      "H3N2 A/Switzerland/9715293/2013": 0.36121508479118347
    }
  },
  "H3N2 A/Texas/50/2012": {
    "H3N2 A/Perth/16/2009": {
      "H3N2 A/Switzerland/9715293/2013": 1.0,
      "H3N2 A/Wisconsin/67/2005": 0.2191910445690155
    },
    "H3N2 A/Panama/2007/1999": {
      "H3N2 A/Sydney/5/1997": 1.0,
      "H3N2 A/Wisconsin/67/2005": 0.31945088505744934
    },
    "H3N2 A/Sydney/5/1997": {
      "H3N2 A/Panama/2007/1999": 1.0
    },
    "H3N2 A/Switzerland/9715293/2013": {
      "H3N2 A/Perth/16/2009": 1.0,
      "H3N2 A/Wisconsin/67/2005": 0.4857572913169861
    },
    "H3N2 A/Wisconsin/67/2005": {
      "H3N2 A/Perth/16/2009": 0.8877643346786499,
      "H3N2 A/Panama/2007/1999": 1.0,
      "H3N2 A/Sydney/5/1997": 0.2655913233757019,
      "H3N2 A/Switzerland/9715293/2013": 0.9482345581054688
    }
  },
  "H3N2 A/Switzerland/9715293/2013": {
    "H3N2 A/Perth/16/2009": {
      "H3N2 A/Texas/50/2012": 1.0,
      "H3N2 A/Wisconsin/67/2005": 0.3480253517627716
    },
    "H3N2 A/Panama/2007/1999": {
      "H3N2 A/Sydney/5/1997": 1.0,
      "H3N2 A/Texas/50/2012": 0.1369553506374359,
      "H3N2 A/Wisconsin/67/2005": 0.2883490025997162
    },
    "H3N2 A/Sydney/5/1997": {
      "H3N2 A/Panama/2007/1999": 1.0
    },
    "H3N2 A/Texas/50/2012": {
      "H3N2 A/Perth/16/2009": 1.0,
      "H3N2 A/Wisconsin/67/2005": 0.37644103169441223
    },
    "H3N2 A/Wisconsin/67/2005": {
      "H3N2 A/Perth/16/2009": 0.9144625663757324,
      "H3N2 A/Panama/2007/1999": 0.5300305485725403,
      "H3N2 A/Sydney/5/1997": 0.15494869649410248,
      "H3N2 A/Texas/50/2012": 1.0
    }
  },
  "H3N2 A/Wisconsin/67/2005": {
    "H3N2 A/Perth/16/2009": {
      "H3N2 A/Texas/50/2012": 0.6853623390197754,
      "H3N2 A/Switzerland/9715293/2013": 1.0
    },
    "H3N2 A/Panama/2007/1999": {
      "H3N2 A/Sydney/5/1997": 1.0,
      "H3N2 A/Texas/50/2012": 0.1806148886680603
    },
    "H3N2 A/Sydney/5/1997": {
      "H3N2 A/Panama/2007/1999": 1.0
    },
    "H3N2 A/Texas/50/2012": {
      "H3N2 A/Perth/16/2009": 0.8192205429077148,
      "H3N2 A/Switzerland/9715293/2013": 1.0
    },
    "H3N2 A/Switzerland/9715293/2013": {
      "H3N2 A/Perth/16/2009": 0.6825072169303894,
      "H3N2 A/Texas/50/2012": 1.0
    }
  }
}