{
  "H3N2 A/Perth/16/2009": {
    "H3N2 A/Beijing/32/1992": {
      "H3N2 A/Panama/2007/1999": 0.4466573894023895,
      "H3N2 A/Sydney/5/1997": 1.0,
      "H3N2 A/Brisbane/10/2007": 0.405737042427063,
      "H3N2 A/Fujian/411/2002": 0.18645478785037994,
      "H3N2 A/Wuhan/359/1995": 0.3634544909000397,
      "H3N2 A/Wisconsin/67/2005": 0.48187991976737976
    },
    "H3N2 A/Panama/2007/1999": {
      "H3N2 A/Sydney/5/1997": 0.4632461369037628,
      "H3N2 A/California/7/2004": 0.10772321373224258,
      "H3N2 A/Fujian/411/2002": 1.0,
      "H3N2 A/Wuhan/359/1995": 0.12467233091592789
    },
    "H3N2 A/Sydney/5/1997": {
      "H3N2 A/Panama/2007/1999": 1.0,
      "H3N2 A/California/7/2004": 0.1855567991733551,
      "H3N2 A/Fujian/411/2002": 0.4929836392402649,
      "H3N2 A/Wuhan/359/1995": 0.2544463574886322
    },
    "H3N2 A/California/7/2004": {
      "H3N2 A/Panama/2007/1999": 0.11756332218647003,
      "H3N2 A/Sydney/5/1997": 0.12828272581100464,
      "H3N2 A/Brisbane/10/2007": 0.6744691729545593,
      "H3N2 A/Fujian/411/2002": 0.21735496819019318,
      "H3N2 A/Wisconsin/67/2005": 1.0
    },
    "H3N2 A/Brisbane/10/2007": {
      "H3N2 A/California/7/2004": 0.33339923620224,
      "H3N2 A/Wisconsin/67/2005": 1.0
    },
    "H3N2 A/Fujian/411/2002": {
      "H3N2 A/Panama/2007/1999": 1.0,
      "H3N2 A/Sydney/5/1997": 0.20593225955963135,
      "H3N2 A/California/7/2004": 0.13831034302711487
    },
    "H3N2 A/Wuhan/359/1995": {
      "H3N2 A/Panama/2007/1999": 0.7438300251960754,
      "H3N2 A/Sydney/5/1997": 1.0,
      "H3N2 A/Fujian/411/2002": 0.10989706963300705,
      "H3N2 A/Wisconsin/67/2005": 0.17930012941360474
    },
    "H3N2 A/Wisconsin/67/2005": {
      "H3N2 A/California/7/2004": 0.4754759669303894,
      "H3N2 A/Brisbane/10/2007": 1.0
    }
  },
  "H3N2 A/Beijing/32/1992": {
    "H3N2 A/Perth/16/2009": {
      "H3N2 A/California/7/2004": 0.18108312785625458,
      "H3N2 A/Brisbane/10/2007": 1.0,
      "H3N2 A/Wisconsin/67/2005": 0.5609697103500366
    },
    "H3N2 A/Panama/2007/1999": {
      "H3N2 A/Sydney/5/1997": 0.4885300397872925,
      "H3N2 A/California/7/2004": 0.1102273166179657,
      "H3N2 A/Fujian/411/2002": 1.0,
      "H3N2 A/Wuhan/359/1995": 0.1314161866903305
    },
    "H3N2 A/Sydney/5/1997": {
      "H3N2 A/Panama/2007/1999": 1.0,
      "H3N2 A/California/7/2004": 0.1746794581413269,
      "H3N2 A/Fujian/411/2002": 0.5098963379859924,
      "H3N2 A/Wuhan/359/1995": 0.2673310935497284
    },
    "H3N2 A/California/7/2004": {
      "H3N2 A/Perth/16/2009": 0.19890081882476807,
      "H3N2 A/Panama/2007/1999": 0.14664654433727264,
      "H3N2 A/Sydney/5/1997": 0.15306133031845093,
      "H3N2 A/Brisbane/10/2007": 0.5707663297653198,
      "H3N2 A/Fujian/411/2002": 0.2388986349105835,
      "H3N2 A/Wisconsin/67/2005": 1.0
    },
    "H3N2 A/Brisbane/10/2007": {
      "H3N2 A/Perth/16/2009": 0.7547209858894348,
      "H3N2 A/California/7/2004": 0.3448670506477356,
      "H3N2 A/Wisconsin/67/2005": 1.0
    },
    "H3N2 A/Fujian/411/2002": {
      "H3N2 A/Panama/2007/1999": 1.0,
      "H3N2 A/Sydney/5/1997": 0.22840119898319244,
      "H3N2 A/California/7/2004": 0.13137847185134888
    },
    "H3N2 A/Wuhan/359/1995": {
      "H3N2 A/Panama/2007/1999": 0.7989693880081177,
      "H3N2 A/Sydney/5/1997": 1.0,
      "H3N2 A/Fujian/411/2002": 0.14508402347564697,
      "H3N2 A/Wisconsin/67/2005": 0.15075771510601044
    },
    "H3N2 A/Wisconsin/67/2005": {
      "H3N2 A/Perth/16/2009": 0.397000789642334,
      "H3N2 A/California/7/2004": 0.6084439158439636,
      "H3N2 A/Brisbane/10/2007": 1.0
    }
  },
  "H3N2 A/Panama/2007/1999": {
    "H3N2 A/Perth/16/2009": {
      "H3N2 A/California/7/2004": 0.17500437796115875,
      "H3N2 A/Brisbane/10/2007": 1.0,
      "H3N2 A/Wisconsin/67/2005": 0.5462241768836975
    },
    "H3N2 A/Beijing/32/1992": {
      "H3N2 A/Perth/16/2009": 0.8240922689437866,
      "H3N2 A/Sydney/5/1997": 1.0,
      "H3N2 A/Brisbane/10/2007": 0.1355302631855011,
      "H3N2 A/Fujian/411/2002": 0.2230461686849594,
      "H3N2 A/Wuhan/359/1995": 0.5123536586761475,
      "H3N2 A/Wisconsin/67/2005": 0.20261044800281525
    },
    "H3N2 A/Sydney/5/1997": {
      "H3N2 A/California/7/2004": 0.26228460669517517,
      "H3N2 A/Fujian/411/2002": 1.0,
      "H3N2 A/Wuhan/359/1995": 0.29476621747016907
    },
    "H3N2 A/California/7/2004": {
      "H3N2 A/Perth/16/2009": 0.17886538803577423,
      "H3N2 A/Sydney/5/1997": 0.20248445868492126,
      "H3N2 A/Brisbane/10/2007": 0.5507645010948181,
      "H3N2 A/Fujian/411/2002": 0.2972997725009918,
      "H3N2 A/Wisconsin/67/2005": 1.0
    },
    "H3N2 A/Brisbane/10/2007": {
      "H3N2 A/Perth/16/2009": 0.7121924757957458,
      "H3N2 A/California/7/2004": 0.34393173456192017,
      "H3N2 A/Wisconsin/67/2005": 1.0
    },
    "H3N2 A/Fujian/411/2002": {
      "H3N2 A/Sydney/5/1997": 1.0,
      "H3N2 A/California/7/2004": 0.3827895522117615,
      "H3N2 A/Brisbane/10/2007": 0.24676978588104248,
      "H3N2 A/Wisconsin/67/2005": 0.11748841404914856
    },
    "H3N2 A/Wuhan/359/1995": {
      "H3N2 A/Beijing/32/1992": 0.13361839950084686,
      "H3N2 A/Sydney/5/1997": 1.0,
      "H3N2 A/Fujian/411/2002": 0.22295990586280823,
      "H3N2 A/Wisconsin/67/2005": 0.18089556694030762
    },
    "H3N2 A/Wisconsin/67/2005": {
      "H3N2 A/Perth/16/2009": 0.36557477712631226,
      "H3N2 A/California/7/2004": 0.6368206143379211,
      "H3N2 A/Brisbane/10/2007": 1.0
    }
  },
  "H3N2 A/Sydney/5/1997": {
    "H3N2 A/Perth/16/2009": {
      "H3N2 A/California/7/2004": 0.16695034503936768,
      "H3N2 A/Brisbane/10/2007": 1.0,
      "H3N2 A/Wisconsin/67/2005": 0.5187607407569885
    },
    "H3N2 A/Beijing/32/1992": {
      "H3N2 A/Perth/16/2009": 1.0,
      "H3N2 A/Panama/2007/1999": 0.9594528079032898,
      "H3N2 A/Brisbane/10/2007": 0.13630598783493042,
      "H3N2 A/Fujian/411/2002": 0.3844138979911804,
      "H3N2 A/Wuhan/359/1995": 0.8757714033126831,
      "H3N2 A/Wisconsin/67/2005": 0.2774438261985779
    },
    "H3N2 A/Panama/2007/1999": {
      "H3N2 A/California/7/2004": 0.13248410820960999,
      "H3N2 A/Fujian/411/2002": 1.0,
      "H3N2 A/Wuhan/359/1995": 0.1440764218568802
    },
    "H3N2 A/California/7/2004": {
      "H3N2 A/Perth/16/2009": 0.18853282928466797,
      "H3N2 A/Panama/2007/1999": 0.22522594034671783,
      "H3N2 A/Brisbane/10/2007": 0.5074924230575562,
      "H3N2 A/Fujian/411/2002": 0.2871626317501068,
      "H3N2 A/Wisconsin/67/2005": 1.0
    },
    "H3N2 A/Brisbane/10/2007": {
      "H3N2 A/Perth/16/2009": 0.725051760673523,
      "H3N2 A/California/7/2004": 0.3223860561847687,
      "H3N2 A/Wisconsin/67/2005": 1.0
    },
    "H3N2 A/Fujian/411/2002": {
      "H3N2 A/Panama/2007/1999": 1.0,
      "H3N2 A/California/7/2004": 0.13008451461791992
    },
    "H3N2 A/Wuhan/359/1995": {
      "H3N2 A/Beijing/32/1992": 0.1452135592699051,
      "H3N2 A/Panama/2007/1999": 1.0,
      "H3N2 A/California/7/2004": 0.11650704592466354,
      "H3N2 A/Fujian/411/2002": 0.22177113592624664,
      "H3N2 A/Wisconsin/67/2005": 0.21216437220573425
    },
    "H3N2 A/Wisconsin/67/2005": {
      "H3N2 A/Perth/16/2009": 0.3727712035179138,
      "H3N2 A/California/7/2004": 0.641986608505249,
      "H3N2 A/Brisbane/10/2007": 1.0
    }
  },
  "H3N2 A/California/7/2004": {
    "H3N2 A/Perth/16/2009": {
      "H3N2 A/Brisbane/10/2007": 1.0,
      "H3N2 A/Wisconsin/67/2005": 0.5513825416564941
    },
    "H3N2 A/Beijing/32/1992": {
      "H3N2 A/Perth/16/2009": 0.9944750666618347,
      "H3N2 A/Panama/2007/1999": 0.40524548292160034,
      "H3N2 A/Sydney/5/1997": 1.0,
      "H3N2 A/Brisbane/10/2007": 0.12190695106983185,
      "H3N2 A/Fujian/411/2002": 0.13379208743572235,
      "H3N2 A/Wuhan/359/1995": 0.4215500056743622,
      "H3N2 A/Wisconsin/67/2005": 0.20248541235923767
    },
    "H3N2 A/Panama/2007/1999": {
      "H3N2 A/Sydney/5/1997": 0.4748501777648926,
      "H3N2 A/Fujian/411/2002": 1.0,
      "H3N2 A/Wuhan/359/1995": 0.1280449777841568
    },