{
  "H3N2 A/Perth/16/2009": {
    "H3N2 A/Hong Kong/4801/2014": {
      "H3N2 A/Texas/50/2012": 1.0
    },
    "H3N2 A/Philippines/2/1982": {
      "H3N2 A/Hong Kong/4801/2014": 0.8055349588394165,
      "H3N2 A/Brisbane/10/2007": 0.26455122232437134,
      "H3N2 A/Texas/50/2012": 0.23474280536174774,
      "H3N2 A/Fujian/411/2002": 1.0
    },
    "H3N2 A/Brisbane/10/2007": {
      "H3N2 A/Hong Kong/4801/2014": 0.19444359838962555,
      "H3N2 A/Texas/50/2012": 0.15080447494983673,
      "H3N2 A/Fujian/411/2002": 1.0
    },
    "H3N2 A/Texas/50/2012": {
      "H3N2 A/Hong Kong/4801/2014": 1.0
    },
    "H3N2 A/Fujian/411/2002": {
      "H3N2 A/Hong Kong/4801/2014": 0.1992442011833191,
      "H3N2 A/Brisbane/10/2007": 1.0
    }
  },
  "H3N2 A/Hong Kong/4801/2014": {
    "H3N2 A/Perth/16/2009": {
      "H3N2 A/Brisbane/10/2007": 0.10800846666097641,
      "H3N2 A/Texas/50/2012": 1.0
    },
    "H3N2 A/Philippines/2/1982": {
      "H3N2 A/Perth/16/2009": 0.11403456330299377,
      "H3N2 A/Brisbane/10/2007": 0.48479676246643066,
      "H3N2 A/Texas/50/2012": 0.3982657194137573,
      "H3N2 A/Fujian/411/2002": 1.0
    },
    "H3N2 A/Brisbane/10/2007": {
      "H3N2 A/Perth/16/2009": 0.5563264489173889,
      "H3N2 A/Fujian/411/2002": 1.0
    },
    "H3N2 A/Texas/50/2012": {
      "H3N2 A/Perth/16/2009": 1.0
    },
    "H3N2 A/Fujian/411/2002": {
      "H3N2 A/Perth/16/2009": 0.18871980905532837,
      "H3N2 A/Brisbane/10/2007": 1.0
    }
  },
  "H3N2 A/Philippines/2/1982": {
    "H3N2 A/Perth/16/2009": {
      "H3N2 A/Hong Kong/4801/2014": 1.0,
      "H3N2 A/Brisbane/10/2007": 0.12304957211017609,
      "H3N2 A/Texas/50/2012": 0.7814367413520813
    },
    "H3N2 A/Hong Kong/4801/2014": {
      "H3N2 A/Perth/16/2009": 1.0,
      "H3N2 A/Texas/50/2012": 0.6407038569450378
    },
    "H3N2 A/Brisbane/10/2007": {
      "H3N2 A/Perth/16/2009": 0.3844347894191742,
      "H3N2 A/Fujian/411/2002": 1.0
    },
    "H3N2 A/Texas/50/2012": {
      "H3N2 A/Perth/16/2009": 1.0,
      "H3N2 A/Hong Kong/4801/2014": 0.9112465381622314
    },
    "H3N2 A/Fujian/411/2002": {
      "H3N2 A/Hong Kong/4801/2014": 0.13722862303256989,
      "H3N2 A/Brisbane/10/2007": 1.0
    }
  },
  "H3N2 A/Brisbane/10/2007": {
    "H3N2 A/Perth/16/2009": {
      "H3N2 A/Hong Kong/4801/2014": 1.0,
      "H3N2 A/Texas/50/2012": 0.7360652089118958
    },
    "H3N2 A/Hong Kong/4801/2014": {
      "H3N2 A/Perth/16/2009": 1.0,
      "H3N2 A/Texas/50/2012": 0.5766311287879944
    },
    "H3N2 A/Philippines/2/1982": {
      "H3N2 A/Perth/16/2009": 0.11569946259260178,
      "H3N2 A/Hong Kong/4801/2014": 1.0,
      "H3N2 A/Texas/50/2012": 0.2129942774772644,
      "H3N2 A/Fujian/411/2002": 0.9426714181900024
    },
    "H3N2 A/Texas/50/2012": {
      "H3N2 A/Perth/16/2009": 1.0,
      "H3N2 A/Hong Kong/4801/2014": 0.9422509670257568
    },
    "H3N2 A/Fujian/411/2002": {
      "H3N2 A/Perth/16/2009": 1.0,
      "H3N2 A/Hong Kong/4801/2014": 0.9692336916923523
    }
  },
  "H3N2 A/Texas/50/2012": {
    "H3N2 A/Perth/16/2009": {
      "H3N2 A/Hong Kong/4801/2014": 1.0
    },
    "H3N2 A/Hong Kong/4801/2014": {
      "H3N2 A/Perth/16/2009": 1.0
    },
    "H3N2 A/Philippines/2/1982": {
      "H3N2 A/Perth/16/2009": 0.11060964316129684,
      "H3N2 A/Hong Kong/4801/2014": 1.0,
      "H3N2 A/Brisbane/10/2007": 0.31784722208976746,
      "H3N2 A/Fujian/411/2002": 0.3876644968986511
    },
    "H3N2 A/Brisbane/10/2007": {
      "H3N2 A/Perth/16/2009": 0.5008043646812439,
      "H3N2 A/Fujian/411/2002": 1.0
    },
    "H3N2 A/Fujian/411/2002": {
      "H3N2 A/Brisbane/10/2007": 1.0
    }
  },
  "H3N2 A/Fujian/411/2002": {
    "H3N2 A/Perth/16/2009": {
      "H3N2 A/Hong Kong/4801/2014": 1.0,
      "H3N2 A/Brisbane/10/2007": 0.16019800305366516,
      "H3N2 A/Texas/50/2012": 0.715344250202179
    },
    "H3N2 A/Hong Kong/4801/2014": {
      "H3N2 A/Perth/16/2009": 1.0,
      "H3N2 A/Texas/50/2012": 0.5584297776222229
    },
    "H3N2 A/Philippines/2/1982": {
      "H3N2 A/Perth/16/2009": 0.21926377713680267,
      "H3N2 A/Hong Kong/4801/2014": 1.0,
      "H3N2 A/Brisbane/10/2007": 0.14021629095077515
    },
    "H3N2 A/Brisbane/10/2007": {
      "H3N2 A/Perth/16/2009": 1.0,
      "H3N2 A/Hong Kong/4801/2014": 0.24405886232852936
    },
    "H3N2 A/Texas/50/2012": {
      "H3N2 A/Perth/16/2009": 1.0,
      "H3N2 A/Hong Kong/4801/2014": 0.9149764180183411
    }
  }
}