{
  "H3N2 A/Perth/16/2009": {
    "H3N2 A/Brisbane/10/2007": {
      "H3N2 A/Fujian/411/2002": 0.3677966892719269,
      "H3N2 A/Wisconsin/67/2005": 1.0
    },
    "H3N2 A/Texas/50/2012": {
      "H3N2 A/Switzerland/9715293/2013": 1.0,
      "H3N2 A/Wisconsin/67/2005": 0.14748667180538177
    },
    "H3N2 A/Switzerland/9715293/2013": {
      "H3N2 A/Texas/50/2012": 1.0
    },
    "H3N2 A/Fujian/411/2002": {
      "H3N2 A/Brisbane/10/2007": 0.5926951169967651,
      "H3N2 A/Wisconsin/67/2005": 1.0
    },
    "H3N2 A/Wisconsin/67/2005": {
      "H3N2 A/Brisbane/10/2007": 1.0,
      "H3N2 A/Texas/50/2012": 0.5619041919708252,
      "H3N2 A/Fujian/411/2002": 0.9496040940284729
    }
  },
  "H3N2 A/Brisbane/10/2007": {
    "H3N2 A/Perth/16/2009": {
      "H3N2 A/Texas/50/2012": 1.0,
      "H3N2 A/Switzerland/9715293/2013": 0.536750853061676,
      "H3N2 A/Wisconsin/67/2005": 0.4115392863750458
    },
    "H3N2 A/Texas/50/2012": {
      "H3N2 A/Perth/16/2009": 1.0,
      "H3N2 A/Switzerland/9715293/2013": 0.27514439821243286
    },
    "H3N2 A/Switzerland/9715293/2013": {
      "H3N2 A/Perth/16/2009": 1.0,
      "H3N2 A/Texas/50/2012": 0.6563409566879272
    },
    "H3N2 A/Fujian/411/2002": {
      "H3N2 A/Wisconsin/67/2005": 1.0
    },
    "H3N2 A/Wisconsin/67/2005": {
      "H3N2 A/Perth/16/2009": 1.0,
      "H3N2 A/Fujian/411/2002": 0.9811730980873108
    }
  },
  "H3N2 A/Texas/50/2012": {
    "H3N2 A/Perth/16/2009": {
      "H3N2 A/Switzerland/9715293/2013": 1.0,
      "H3N2 A/Wisconsin/67/2005": 0.38587990403175354
    },
    "H3N2 A/Brisbane/10/2007": {
      "H3N2 A/Perth/16/2009": 0.21100576221942902,
      "H3N2 A/Fujian/411/2002": 0.4804965555667877,
      "H3N2 A/Wisconsin/67/2005": 1.0
    },
    "H3N2 A/Switzerland/9715293/2013": {
      "H3N2 A/Perth/16/2009": 1.0
    },
    "H3N2 A/Fujian/411/2002": {
      "H3N2 A/Brisbane/10/2007": 0.560918390750885,
      "H3N2 A/Wisconsin/67/2005": 1.0
    },
    "H3N2 A/Wisconsin/67/2005": {
      "H3N2 A/Perth/16/2009": 1.0,
      "H3N2 A/Brisbane/10/2007": 0.5115193128585815,
      "H3N2 A/Fujian/411/2002": 0.6332653760910034
    }
  },
  "H3N2 A/Switzerland/9715293/2013": {
    "H3N2 A/Perth/16/2009": {
      "H3N2 A/Texas/50/2012": 1.0,
      "H3N2 A/Wisconsin/67/2005": 0.17983047664165497
    },
    "H3N2 A/Brisbane/10/2007": {
      "H3N2 A/Perth/16/2009": 0.2261401116847992,
      "H3N2 A/Fujian/411/2002": 0.5743691921234131,
      "H3N2 A/Wisconsin/67/2005": 1.0
    },
    "H3N2 A/Texas/50/2012": {
      "H3N2 A/Perth/16/2009": 1.0
    },
    "H3N2 A/Fujian/411/2002": {
      "H3N2 A/Brisbane/10/2007": 0.6181197166442871,
      "H3N2 A/Wisconsin/67/2005": 1.0
    },
    "H3N2 A/Wisconsin/67/2005": {
      "H3N2 A/Perth/16/2009": 1.0,
      "H3N2 A/Brisbane/10/2007": 0.6757049560546875,
      "H3N2 A/Fujian/411/2002": 0.91262286901474
    }
  },
  "H3N2 A/Fujian/411/2002": {
    "H3N2 A/Perth/16/2009": {
      "H3N2 A/Texas/50/2012": 1.0,
      "H3N2 A/Switzerland/9715293/2013": 0.5191161632537842,
      "H3N2 A/Wisconsin/67/2005": 0.3367272913455963
    },
    "H3N2 A/Brisbane/10/2007": {
      "H3N2 A/Wisconsin/67/2005": 1.0
    },
    "H3N2 A/Texas/50/2012": {
      "H3N2 A/Perth/16/2009": 1.0,
      "H3N2 A/Switzerland/9715293/2013": 0.27099665999412537
    },
    "H3N2 A/Switzerland/9715293/2013": {
      "H3N2 A/Perth/16/2009": 1.0,
      "H3N2 A/Texas/50/2012": 0.6546475291252136
    },
    "H3N2 A/Wisconsin/67/2005": {
      "H3N2 A/Perth/16/2009": 0.9199788570404053,
      "H3N2 A/Brisbane/10/2007": 1.0
    }
  },
  "H3N2 A/Wisconsin/67/2005": {
    "H3N2 A/Perth/16/2009": {
      "H3N2 A/Brisbane/10/2007": 0.1283729374408722,
      "H3N2 A/Texas/50/2012": 1.0,
      "H3N2 A/Switzerland/9715293/2013": 0.3707384765148163
    },
    "H3N2 A/Brisbane/10/2007": {
      "H3N2 A/Perth/16/2009": 0.4773251414299011,
      "H3N2 A/Fujian/411/2002": 1.0
    },
    "H3N2 A/Texas/50/2012": {
      "H3N2 A/Perth/16/2009": 1.0,
      "H3N2 A/Switzerland/9715293/2013": 0.23713046312332153
    },
    "H3N2 A/Switzerland/9715293/2013": {
      "H3N2 A/Perth/16/2009": 1.0,
      "H3N2 A/Texas/50/2012": 0.7422270774841309
    },
    "H3N2 A/Fujian/411/2002": {
      "H3N2 A/Perth/16/2009": 0.11501071602106094,
      "H3N2 A/Brisbane/10/2007": 1.0
    }
  }
}