{
  "H3N2 A/Perth/16/2009": {
    "H3N2 A/Victoria/361/2011": {
      "H3N2 A/Hong Kong/4801/2014": 0.2823235094547272,
      "H3N2 A/Texas/50/2012": 1.0,
      "H3N2 A/Switzerland/9715293/2013": 0.13252981007099152
    },
    "H3N2 A/Hong Kong/4801/2014": {
      "H3N2 A/Victoria/361/2011": 1.0,
      "H3N2 A/Texas/50/2012": 0.7460249066352844,
      "H3N2 A/Switzerland/9715293/2013": 0.6658304333686829,
      "H3N2 A/Uruguay/716/2007": 0.317086786031723
    },
    "H3N2 A/New York/55/2004": {
      "H3N2 A/Uruguay/716/2007": 0.32610341906547546,
      "H3N2 A/Wisconsin/67/2005": 1.0
    },
    "H3N2 A/Texas/50/2012": {
      "H3N2 A/Victoria/361/2011": 1.0,
      "H3N2 A/Hong Kong/4801/2014": 0.21782760322093964,
      "H3N2 A/Switzerland/9715293/2013": 0.38565629720687866
    },
    "H3N2 A/Switzerland/9715293/2013": {
      "H3N2 A/Victoria/361/2011": 0.35557475686073303,
      "H3N2 A/Hong Kong/4801/2014": 0.5435325503349304,
      "H3N2 A/Texas/50/2012": 1.0
    },
    "H3N2 A/Uruguay/716/2007": {
      "H3N2 A/Hong Kong/4801/2014": 0.28095757961273193,
      "H3N2 A/New York/55/2004": 0.686526358127594,
      "H3N2 A/Wisconsin/67/2005": 1.0
    },
    "H3N2 A/Wisconsin/67/2005": {
      "H3N2 A/New York/55/2004": 1.0,
      "H3N2 A/Uruguay/716/2007": 0.4357808530330658
    }
  },
  "H3N2 A/Victoria/361/2011": {
    "H3N2 A/Perth/16/2009": {
      "H3N2 A/Hong Kong/4801/2014": 0.6848520636558533,
      "H3N2 A/Texas/50/2012": 1.0,
      "H3N2 A/Switzerland/9715293/2013": 0.7748594880104065,
      "H3N2 A/Uruguay/716/2007": 0.1895584911108017,
      "H3N2 A/Wisconsin/67/2005": 0.15720383822917938
    },
    "H3N2 A/Hong Kong/4801/2014": {
      "H3N2 A/Perth/16/2009": 0.630146324634552,
      "H3N2 A/Texas/50/2012": 1.0,
      "H3N2 A/Switzerland/9715293/2013": 0.5602625012397766,
      "H3N2 A/Uruguay/716/2007": 0.2388528734445572
    },
    "H3N2 A/New York/55/2004": {
      "H3N2 A/Uruguay/716/2007": 0.3211722671985626,
      "H3N2 A/Wisconsin/67/2005": 1.0
    },
    "H3N2 A/Texas/50/2012": {
      "H3N2 A/Perth/16/2009": 0.7068626284599304,
      "H3N2 A/Hong Kong/4801/2014": 0.7904680967330933,
      "H3N2 A/Switzerland/9715293/2013": 1.0,
      "H3N2 A/Wisconsin/67/2005": 0.12915489077568054
    },
    "H3N2 A/Switzerland/9715293/2013": {
      "H3N2 A/Perth/16/2009": 0.561309278011322,
      "H3N2 A/Hong Kong/4801/2014": 0.4795428514480591,
      "H3N2 A/Texas/50/2012": 1.0
    },
    "H3N2 A/Uruguay/716/2007": {
      "H3N2 A/Perth/16/2009": 0.10859745740890503,
      "H3N2 A/Hong Kong/4801/2014": 0.25365951657295227,
      "H3N2 A/New York/55/2004": 0.6559207439422607,
      "H3N2 A/Wisconsin/67/2005": 1.0
    },
    "H3N2 A/Wisconsin/67/2005": {
      "H3N2 A/New York/55/2004": 1.0,
      "H3N2 A/Uruguay/716/2007": 0.4392297565937042
    }
  },
  "H3N2 A/Hong Kong/4801/2014": {
    "H3N2 A/Perth/16/2009": {
      "H3N2 A/Victoria/361/2011": 0.7632782459259033,
      "H3N2 A/New York/55/2004": 0.12926390767097473,
      "H3N2 A/Texas/50/2012": 0.9619421362876892,
      "H3N2 A/Switzerland/9715293/2013": 1.0,
      "H3N2 A/Uruguay/716/2007": 0.297743022441864,
      "H3N2 A/Wisconsin/67/2005": 0.15206904709339142
    },
    "H3N2 A/Victoria/361/2011": {
      "H3N2 A/Perth/16/2009": 0.16760383546352386,
      "H3N2 A/Texas/50/2012": 1.0,
      "H3N2 A/Switzerland/9715293/2013": 0.1387459933757782
    },
    "H3N2 A/New York/55/2004": {
      "H3N2 A/Uruguay/716/2007": 0.3284290134906769,
      "H3N2 A/Wisconsin/67/2005": 1.0
    },
    "H3N2 A/Texas/50/2012": {
      "H3N2 A/Perth/16/2009": 0.22347404062747955,
      "H3N2 A/Victoria/361/2011": 1.0,
      "H3N2 A/Switzerland/9715293/2013": 0.33630961179733276
    },
    "H3N2 A/Switzerland/9715293/2013": {
      "H3N2 A/Perth/16/2009": 0.7046436071395874,
      "H3N2 A/Victoria/361/2011": 0.433586448431015,
      "H3N2 A/Texas/50/2012": 1.0
    },
    "H3N2 A/Uruguay/716/2007": {
      "H3N2 A/Perth/16/2009": 0.16586165130138397,
      "H3N2 A/Victoria/361/2011": 0.12017820030450821,
      "H3N2 A/New York/55/2004": 0.6940510272979736,
      "H3N2 A/Wisconsin/67/2005": 1.0
    },
    "H3N2 A/Wisconsin/67/2005": {
      "H3N2 A/New York/55/2004": 1.0,
      "H3N2 A/Uruguay/716/2007": 0.43020814657211304
    }
  },
  "H3N2 A/New York/55/2004": {
    "H3N2 A/Perth/16/2009": {
      "H3N2 A/Victoria/361/2011": 0.7390340566635132,
      "H3N2 A/Hong Kong/4801/2014": 0.8057007789611816,
      "H3N2 A/Texas/50/2012": 1.0,
      "H3N2 A/Switzerland/9715293/2013": 0.9687373042106628,
      "H3N2 A/Uruguay/716/2007": 0.3606855571269989,
      "H3N2 A/Wisconsin/67/2005": 0.38462087512016296
    },
    "H3N2 A/Victoria/361/2011": {
      "H3N2 A/Perth/16/2009": 0.13933588564395905,
      "H3N2 A/Hong Kong/4801/2014": 0.23996326327323914,
      "H3N2 A/Texas/50/2012": 1.0,
      "H3N2 A/Switzerland/9715293/2013": 0.10535604506731033
    },
    "H3N2 A/Hong Kong/4801/2014": {
      "H3N2 A/Perth/16/2009": 0.6452178955078125,
      "H3N2 A/Victoria/361/2011": 1.0,
      "H3N2 A/Texas/50/2012": 0.6959038376808167,
      "H3N2 A/Switzerland/9715293/2013": 0.5884562134742737,
      "H3N2 A/Uruguay/716/2007": 0.35993486642837524
    },
    "H3N2 A/Texas/50/2012": {
      "H3N2 A/Perth/16/2009": 0.19922469556331635,
      "H3N2 A/Victoria/361/2011": 1.0,
      "H3N2 A/Hong Kong/4801/2014": 0.18071459233760834,
      "H3N2 A/Switzerland/9715293/2013": 0.3272712528705597
    },
    "H3N2 A/Switzerland/9715293/2013": {
      "H3N2 A/Perth/16/2009": 0.5992284417152405,
      "H3N2 A/Victoria/361/2011": 0.3416636884212494,
      "H3N2 A/Hong Kong/4801/2014": 0.5022457838058472,
      "H3N2 A/Texas/50/2012": 1.0
    },
    "H3N2 A/Uruguay/716/2007": {
      "H3N2 A/Hong Kong/4801/2014": 0.14069880545139313,
      "H3N2 A/Wisconsin/67/2005": 1.0
    },
    "H3N2 A/Wisconsin/67/2005": {
      "H3N2 A/Uruguay/716/2007": 1.0
    }
  },
  "H3N2 A/Texas/50/2012": {
    "H3N2 A/Perth/16/2009": {
      "H3N2 A/Victoria/361/2011": 0.9237223863601685,
      "H3N2 A/Hong Kong/4801/2014": 0.7355798482894897,
      "H3N2 A/Switzerland/9715293/2013": 1.0,
      "H3N2 A/Uruguay/716/2007": 0.17414860427379608,
      "H3N2 A/Wisconsin/67/2005": 0.1672826111316681
    },
    "H3N2 A/Victoria/361/2011": {
      "H3N2 A/Perth/16/2009": 0.6807017922401428,
      "H3N2 A/Hong Kong/4801/2014": 1.0,
      "H3N2 A/Switzerland/9715293/2013": 0.7091495990753174,
      "H3N2 A/Wisconsin/67/2005": 0.15474705398082733
    },
    "H3N2 A/Hong Kong/4801/2014": {
      "H3N2 A/Perth/16/2009": 0.5442243218421936,
      "H3N2 A/Victoria/361/2011": 1.0,
      "H3N2 A/Switzerland/9715293/2013": 0.5343706607818604,
      "H3N2 A/Uruguay/716/2007": 0.18961644172668457
    },
    "H3N2 A/New York/55/2004": {
      "H3N2 A/Uruguay/716/2007": 0.32285523414611816,
      "H3N2 A/Wisconsin/67/2005": 1.0
    },
    "H3N2 A/Switzerland/9715293/2013": {
      "H3N2 A/Perth/16/2009": 1.0,
      "H3N2 A/Victoria/361/2011": 0.9167742729187012,
      "H3N2 A/Hong Kong/4801/2014": 0.7768808603286743,
      "H3N2 A/Wisconsin/67/2005": 0.11698439717292786
    },
    "H3N2 A/Uruguay/716/2007": {
      "H3N2 A/Hong Kong/4801/2014": 0.2368602305650711,
      "H3N2 A/New York/55/2004": 0.6806977391242981,
      "H3N2 A/Wisconsin/67/2005": 1.0
    },
    "H3N2 A/Wisconsin/67/2005": {
      "H3N2 A/New York/55/2004": 1.0,
      "H3N2 A/Uruguay/716/2007": 0.4302559196949005
    }
  },
  "H3N2 A/Switzerland/9715293/2013": {
    "H3N2 A/Perth/16/2009": {
      "H3N2 A/Victoria/361/2011": 0.5870406627655029,
      "H3N2 A/Hong Kong/4801/2014": 0.7486124634742737,
      "H3N2 A/Texas/50/2012": 1.0,
      "H3N2 A/Uruguay/716/2007": 0.14172646403312683,
      "H3N2 A/Wisconsin/67/2005": 0.17131368815898895
    },
    "H3N2 A/Victoria/361/2011": {
      "H3N2 A/Perth/16/2009": 0.15723834931850433,
      "H3N2 A/Hong Kong/4801/2014": 0.2629912495613098,
      "H3N2 A/Texas/50/2012": 1.0
    },
    "H3N2 A/Hong Kong/4801/2014": {
      "H3N2 A/Perth/16/2009": 0.789383590221405,