{
  "H3N2 A/Perth/16/2009": {
    "H3N2 A/Panama/2007/1999": {
      "H3N2 A/Hong Kong/4801/2014": 0.10931039601564407,
      "H3N2 A/New York/55/2004": 1.0
    },
    "H3N2 A/Victoria/361/2011": {
      "H3N2 A/Hong Kong/4801/2014": 0.3177753686904907,
      "H3N2 A/Texas/50/2012": 1.0,
      "H3N2 A/Switzerland/9715293/2013": 0.5025214552879333,
      "H3N2 A/Wisconsin/67/2005": 0.1306285560131073
    },
    "H3N2 A/Hong Kong/4801/2014": {
      "H3N2 A/Victoria/361/2011": 0.7325364947319031,
      "H3N2 A/Texas/50/2012": 1.0,
      "H3N2 A/Switzerland/9715293/2013": 0.8960727453231812,
      "H3N2 A/Uruguay/716/2007": 0.5621296167373657
    },
    "H3N2 A/New York/55/2004": {
      "H3N2 A/Panama/2007/1999": 0.2834710478782654,
      "H3N2 A/Uruguay/716/2007": 0.5737481117248535,
      "H3N2 A/Wisconsin/67/2005": 1.0
    },
    "H3N2 A/Texas/50/2012": {
      "H3N2 A/Victoria/361/2011": 1.0,
      "H3N2 A/Hong Kong/4801/2014": 0.40240347385406494,
      "H3N2 A/Switzerland/9715293/2013": 0.45568904280662537,
      "H3N2 A/Wisconsin/67/2005": 0.1409163922071457
    },
    "H3N2 A/Switzerland/9715293/2013": {
      "H3N2 A/Victoria/361/2011": 1.0,
      "H3N2 A/Hong Kong/4801/2014": 0.8310548663139343,
      "H3N2 A/Texas/50/2012": 0.9826810956001282
    },
    "H3N2 A/Uruguay/716/2007": {
      "H3N2 A/Hong Kong/4801/2014": 0.26846933364868164,
      "H3N2 A/New York/55/2004": 1.0,
      "H3N2 A/Wisconsin/67/2005": 0.9616178870201111
    },
    "H3N2 A/Wisconsin/67/2005": {
      "H3N2 A/Victoria/361/2011": 0.14285776019096375,
      "H3N2 A/New York/55/2004": 1.0,
      "H3N2 A/Texas/50/2012": 0.13850867748260498,
      "H3N2 A/Uruguay/716/2007": 0.5489696860313416
    }
  },
  "H3N2 A/Panama/2007/1999": {
    "H3N2 A/Perth/16/2009": {
      "H3N2 A/Victoria/361/2011": 0.33037319779396057,
      "H3N2 A/Hong Kong/4801/2014": 0.44949015974998474,
      "H3N2 A/Texas/50/2012": 1.0,
      "H3N2 A/Switzerland/9715293/2013": 0.16386887431144714
    },
    "H3N2 A/Victoria/361/2011": {
      "H3N2 A/Perth/16/2009": 0.3348786532878876,
      "H3N2 A/Hong Kong/4801/2014": 0.31084367632865906,
      "H3N2 A/Texas/50/2012": 1.0,
      "H3N2 A/Switzerland/9715293/2013": 0.5571057200431824,
      "H3N2 A/Wisconsin/67/2005": 0.15611028671264648
    },
    "H3N2 A/Hong Kong/4801/2014": {
      "H3N2 A/Perth/16/2009": 1.0,
      "H3N2 A/Victoria/361/2011": 0.6155210733413696,
      "H3N2 A/Texas/50/2012": 0.6235743761062622,
      "H3N2 A/Switzerland/9715293/2013": 0.8207409977912903,
      "H3N2 A/Uruguay/716/2007": 0.478482186794281
    },
    "H3N2 A/New York/55/2004": {
      "H3N2 A/Uruguay/716/2007": 0.44738417863845825,
      "H3N2 A/Wisconsin/67/2005": 1.0
    },
    "H3N2 A/Texas/50/2012": {
      "H3N2 A/Perth/16/2009": 0.9899767637252808,
      "H3N2 A/Victoria/361/2011": 1.0,
      "H3N2 A/Hong Kong/4801/2014": 0.2796691358089447,
      "H3N2 A/Switzerland/9715293/2013": 0.4235076308250427,
      "H3N2 A/Wisconsin/67/2005": 0.15768148005008698
    },
    "H3N2 A/Switzerland/9715293/2013": {
      "H3N2 A/Perth/16/2009": 0.29270225763320923,
      "H3N2 A/Victoria/361/2011": 1.0,
      "H3N2 A/Hong Kong/4801/2014": 0.8369316458702087,
      "H3N2 A/New York/55/2004": 0.1400575190782547,
      "H3N2 A/Texas/50/2012": 0.8189399838447571,
      "H3N2 A/Uruguay/716/2007": 0.14057692885398865
    },
    "H3N2 A/Uruguay/716/2007": {
      "H3N2 A/Hong Kong/4801/2014": 0.19369883835315704,
      "H3N2 A/New York/55/2004": 0.88411945104599,
      "H3N2 A/Switzerland/9715293/2013": 0.11984489858150482,
      "H3N2 A/Wisconsin/67/2005": 1.0
    },
    "H3N2 A/Wisconsin/67/2005": {
      "H3N2 A/Victoria/361/2011": 0.1242915466427803,
      "H3N2 A/New York/55/2004": 1.0,
      "H3N2 A/Texas/50/2012": 0.10749901831150055,
      "H3N2 A/Uruguay/716/2007": 0.5035999417304993
    }
  },
  "H3N2 A/Victoria/361/2011": {
    "H3N2 A/Perth/16/2009": {
      "H3N2 A/Hong Kong/4801/2014": 0.4168480932712555,
      "H3N2 A/Texas/50/2012": 1.0,
      "H3N2 A/Switzerland/9715293/2013": 0.24116189777851105
    },
    "H3N2 A/Panama/2007/1999": {
      "H3N2 A/Hong Kong/4801/2014": 0.12327471375465393,
      "H3N2 A/New York/55/2004": 1.0
    },
    "H3N2 A/Hong Kong/4801/2014": {
      "H3N2 A/Perth/16/2009": 1.0,
      "H3N2 A/Texas/50/2012": 0.8083823919296265,
      "H3N2 A/Switzerland/9715293/2013": 0.9121178388595581,
      "H3N2 A/Uruguay/716/2007": 0.4070141613483429
    },
    "H3N2 A/New York/55/2004": {
      "H3N2 A/Panama/2007/1999": 0.2853873670101166,
      "H3N2 A/Uruguay/716/2007": 0.5471267104148865,
      "H3N2 A/Wisconsin/67/2005": 1.0
    },
    "H3N2 A/Texas/50/2012": {
      "H3N2 A/Perth/16/2009": 1.0,
      "H3N2 A/Hong Kong/4801/2014": 0.3612331449985504,
      "H3N2 A/Switzerland/9715293/2013": 0.5814529657363892,
      "H3N2 A/Wisconsin/67/2005": 0.19126243889331818
    },
    "H3N2 A/Switzerland/9715293/2013": {
      "H3N2 A/Perth/16/2009": 0.39892247319221497,
      "H3N2 A/Hong Kong/4801/2014": 0.7737071514129639,
      "H3N2 A/Texas/50/2012": 1.0
    },
    "H3N2 A/Uruguay/716/2007": {
      "H3N2 A/Perth/16/2009": 0.10364510864019394,
      "H3N2 A/Hong Kong/4801/2014": 0.21644969284534454,
      "H3N2 A/New York/55/2004": 1.0,
      "H3N2 A/Wisconsin/67/2005": 0.9788483381271362
    },
    "H3N2 A/Wisconsin/67/2005": {
      "H3N2 A/New York/55/2004": 1.0,
      "H3N2 A/Texas/50/2012": 0.1707746386528015,
      "H3N2 A/Uruguay/716/2007": 0.5462091565132141
    }
  },
  "H3N2 A/Hong Kong/4801/2014": {
    "H3N2 A/Perth/16/2009": {
      "H3N2 A/Victoria/361/2011": 0.3986986577510834,
      "H3N2 A/Texas/50/2012": 1.0,
      "H3N2 A/Switzerland/9715293/2013": 0.2657628357410431,
      "H3N2 A/Uruguay/716/2007": 0.15124337375164032
    },
    "H3N2 A/Panama/2007/1999": {
      "H3N2 A/New York/55/2004": 1.0
    },
    "H3N2 A/Victoria/361/2011": {
      "H3N2 A/Perth/16/2009": 0.4250946342945099,
      "H3N2 A/Texas/50/2012": 1.0,
      "H3N2 A/Switzerland/9715293/2013": 0.6175410747528076,
      "H3N2 A/Wisconsin/67/2005": 0.11516008526086807
    },
    "H3N2 A/New York/55/2004": {
      "H3N2 A/Panama/2007/1999": 0.2836616635322571,
      "H3N2 A/Uruguay/716/2007": 0.5487422347068787,
      "H3N2 A/Wisconsin/67/2005": 1.0
    },
    "H3N2 A/Texas/50/2012": {
      "H3N2 A/Perth/16/2009": 1.0,
      "H3N2 A/Victoria/361/2011": 0.9763831496238708,
      "H3N2 A/Switzerland/9715293/2013": 0.4878747761249542,
      "H3N2 A/Wisconsin/67/2005": 0.10592476278543472
    },
    "H3N2 A/Switzerland/9715293/2013": {
      "H3N2 A/Perth/16/2009": 0.5086846947669983,
      "H3N2 A/Victoria/361/2011": 1.0,
      "H3N2 A/New York/55/2004": 0.1142500713467598,
      "H3N2 A/Texas/50/2012": 0.8768355250358582
    },
    "H3N2 A/Uruguay/716/2007": {
      "H3N2 A/Perth/16/2009": 0.183681920170784,
      "H3N2 A/New York/55/2004": 1.0,
      "H3N2 A/Wisconsin/67/2005": 0.9769888520240784
    },
    "H3N2 A/Wisconsin/67/2005": {
      "H3N2 A/Victoria/361/2011": 0.11058707535266876,
      "H3N2 A/New York/55/2004": 1.0,
      "H3N2 A/Uruguay/716/2007": 0.530246913433075
    }
  },
  "H3N2 A/New York/55/2004": {
    "H3N2 A/Perth/16/2009": {
      "H3N2 A/Victoria/361/2011": 0.38184210658073425,
      "H3N2 A/Hong Kong/4801/2014": 0.423787385225296,
      "H3N2 A/Texas/50/2012": 1.0,
      "H3N2 A/Switzerland/9715293/2013": 0.17347697913646698,
      "H3N2 A/Uruguay/716/2007": 0.14067937433719635
    },
    "H3N2 A/Panama/2007/1999": {
      "H3N2 A/Victoria/361/2011": 0.2993851602077484,
      "H3N2 A/Hong Kong/4801/2014": 0.35540854930877686,
      "H3N2 A/Switzerland/9715293/2013": 0.11793185025453568,
      "H3N2 A/Wisconsin/67/2005": 1.0
    },
    "H3N2 A/Victoria/361/2011": {
      "H3N2 A/Perth/16/2009": 0.35318294167518616,
      "H3N2 A/Hong Kong/4801/2014": 0.2635688781738281,
      "H3N2 A/Texas/50/2012": 1.0,
      "H3N2 A/Switzerland/9715293/2013": 0.5014633536338806,
      "H3N2 A/Wisconsin/67/2005": 0.2244497835636139
    },