{
  "H3N2 A/Perth/16/2009": {
    "H3N2 A/Victoria/361/2011": {
      "H3N2 A/Hong Kong/4801/2014": 0.18130263686180115,
      "H3N2 A/Texas/50/2012": 1.0,
      "H3N2 A/Switzerland/9715293/2013": 0.12391138076782227,
      "H3N2 A/Singapore/INFIMH-160019/2016": 0.15548555552959442
    },
    "H3N2 A/Hong Kong/4801/2014": {
      "H3N2 A/Victoria/361/2011": 0.2659253180027008,
      "H3N2 A/Texas/50/2012": 0.21525835990905762,
      "H3N2 A/Switzerland/9715293/2013": 0.20667091012001038,
      "H3N2 A/Singapore/INFIMH-160019/2016": 1.0
    },
    "H3N2 A/New York/55/2004": {
      "H3N2 A/Uruguay/716/2007": 0.34485924243927,
      "H3N2 A/Wisconsin/67/2005": 1.0
    },
    "H3N2 A/Texas/50/2012": {
      "H3N2 A/Victoria/361/2011": 1.0,
      "H3N2 A/Hong Kong/4801/2014": 0.16018110513687134,
      "H3N2 A/Switzerland/9715293/2013": 0.3803750276565552
    },
    "H3N2 A/Switzerland/9715293/2013": {
      "H3N2 A/Victoria/361/2011": 0.34551966190338135,
      "H3N2 A/Hong Kong/4801/2014": 0.39719897508621216,
      "H3N2 A/Texas/50/2012": 1.0,
      "H3N2 A/Singapore/INFIMH-160019/2016": 0.24539218842983246
    },
    "H3N2 A/Uruguay/716/2007": {
      "H3N2 A/Hong Kong/4801/2014": 0.1676761656999588,
      "H3N2 A/New York/55/2004": 0.719933271408081,
      "H3N2 A/Singapore/INFIMH-160019/2016": 0.1180381178855896,
      "H3N2 A/Wisconsin/67/2005": 1.0
    },
    "H3N2 A/Singapore/INFIMH-160019/2016": {
      "H3N2 A/Victoria/361/2011": 0.23076364398002625,
      "H3N2 A/Hong Kong/4801/2014": 1.0,
      "H3N2 A/Texas/50/2012": 0.1272192746400833,
      "H3N2 A/Switzerland/9715293/2013": 0.125365749001503
    },
    "H3N2 A/Wisconsin/67/2005": {
      "H3N2 A/New York/55/2004": 1.0,
      "H3N2 A/Uruguay/716/2007": 0.4507125914096832
    }
  },
  "H3N2 A/Victoria/361/2011": {
    "H3N2 A/Perth/16/2009": {
      "H3N2 A/Hong Kong/4801/2014": 0.48705440759658813,
      "H3N2 A/New York/55/2004": 0.11066015809774399,
      "H3N2 A/Texas/50/2012": 1.0,
      "H3N2 A/Switzerland/9715293/2013": 0.7719137072563171,
      "H3N2 A/Uruguay/716/2007": 0.17410513758659363,
      "H3N2 A/Singapore/INFIMH-160019/2016": 0.264168918132782,
      "H3N2 A/Wisconsin/67/2005": 0.20180518925189972
    },
    "H3N2 A/Hong Kong/4801/2014": {
      "H3N2 A/Perth/16/2009": 0.1938077211380005,
      "H3N2 A/Texas/50/2012": 0.28258848190307617,
      "H3N2 A/Switzerland/9715293/2013": 0.17322678864002228,
      "H3N2 A/Singapore/INFIMH-160019/2016": 1.0
    },
    "H3N2 A/New York/55/2004": {
      "H3N2 A/Uruguay/716/2007": 0.34224939346313477,
      "H3N2 A/Wisconsin/67/2005": 1.0
    },
    "H3N2 A/Texas/50/2012": {
      "H3N2 A/Perth/16/2009": 0.7281979918479919,
      "H3N2 A/Hong Kong/4801/2014": 0.5567986369132996,
      "H3N2 A/Switzerland/9715293/2013": 1.0,
      "H3N2 A/Singapore/INFIMH-160019/2016": 0.3691908121109009,
      "H3N2 A/Wisconsin/67/2005": 0.15142196416854858
    },
    "H3N2 A/Switzerland/9715293/2013": {
      "H3N2 A/Perth/16/2009": 0.5745846033096313,
      "H3N2 A/Hong Kong/4801/2014": 0.3511744737625122,
      "H3N2 A/Texas/50/2012": 1.0,
      "H3N2 A/Singapore/INFIMH-160019/2016": 0.22630701959133148
    },
    "H3N2 A/Uruguay/716/2007": {
      "H3N2 A/Hong Kong/4801/2014": 0.15101195871829987,
      "H3N2 A/New York/55/2004": 0.7003417015075684,
      "H3N2 A/Singapore/INFIMH-160019/2016": 0.10741662979125977,
      "H3N2 A/Wisconsin/67/2005": 1.0
    },
    "H3N2 A/Singapore/INFIMH-160019/2016": {
      "H3N2 A/Hong Kong/4801/2014": 1.0,
      "H3N2 A/Texas/50/2012": 0.19277077913284302,
      "H3N2 A/Switzerland/9715293/2013": 0.1136731430888176
    },
    "H3N2 A/Wisconsin/67/2005": {
      "H3N2 A/New York/55/2004": 1.0,
      "H3N2 A/Uruguay/716/2007": 0.4511943459510803
    }
  },
  "H3N2 A/Hong Kong/4801/2014": {
    "H3N2 A/Perth/16/2009": {
      "H3N2 A/Victoria/361/2011": 0.6944059133529663,
      "H3N2 A/New York/55/2004": 0.1685992032289505,
      "H3N2 A/Texas/50/2012": 0.9614094495773315,
      "H3N2 A/Switzerland/9715293/2013": 1.0,
      "H3N2 A/Uruguay/716/2007": 0.2642578184604645,
      "H3N2 A/Singapore/INFIMH-160019/2016": 0.5451800227165222,
      "H3N2 A/Wisconsin/67/2005": 0.21890492737293243
    },
    "H3N2 A/Victoria/361/2011": {
      "H3N2 A/Perth/16/2009": 0.15238849818706512,
      "H3N2 A/Texas/50/2012": 1.0,
      "H3N2 A/Switzerland/9715293/2013": 0.12163136154413223,
      "H3N2 A/Singapore/INFIMH-160019/2016": 0.24494381248950958
    },
    "H3N2 A/New York/55/2004": {
      "H3N2 A/Uruguay/716/2007": 0.35373741388320923,
      "H3N2 A/Wisconsin/67/2005": 1.0
    },
    "H3N2 A/Texas/50/2012": {
      "H3N2 A/Perth/16/2009": 0.2207450568675995,
      "H3N2 A/Victoria/361/2011": 1.0,
      "H3N2 A/Switzerland/9715293/2013": 0.33631154894828796,
      "H3N2 A/Singapore/INFIMH-160019/2016": 0.1506214141845703
    },
    "H3N2 A/Switzerland/9715293/2013": {
      "H3N2 A/Perth/16/2009": 0.6952694058418274,
      "H3N2 A/Victoria/361/2011": 0.38469046354293823,
      "H3N2 A/Texas/50/2012": 1.0,
      "H3N2 A/Singapore/INFIMH-160019/2016": 0.403590589761734
    },
    "H3N2 A/Uruguay/716/2007": {
      "H3N2 A/New York/55/2004": 0.74540114402771,
      "H3N2 A/Singapore/INFIMH-160019/2016": 0.18254506587982178,
      "H3N2 A/Wisconsin/67/2005": 1.0
    },
    "H3N2 A/Singapore/INFIMH-160019/2016": {
      "H3N2 A/Perth/16/2009": 0.4324835538864136,
      "H3N2 A/Victoria/361/2011": 1.0,
      "H3N2 A/Texas/50/2012": 0.6174525618553162,
      "H3N2 A/Switzerland/9715293/2013": 0.46279051899909973,
      "H3N2 A/Uruguay/716/2007": 0.274372398853302
    },
    "H3N2 A/Wisconsin/67/2005": {
      "H3N2 A/New York/55/2004": 1.0,
      "H3N2 A/Uruguay/716/2007": 0.4435458183288574
    }
  },
  "H3N2 A/New York/55/2004": {
    "H3N2 A/Perth/16/2009": {
      "H3N2 A/Victoria/361/2011": 0.7181198000907898,
      "H3N2 A/Hong Kong/4801/2014": 0.5973323583602905,
      "H3N2 A/Texas/50/2012": 1.0,
      "H3N2 A/Switzerland/9715293/2013": 0.9694685935974121,
      "H3N2 A/Uruguay/716/2007": 0.3364711403846741,
      "H3N2 A/Singapore/INFIMH-160019/2016": 0.2636687457561493,
      "H3N2 A/Wisconsin/67/2005": 0.4509313106536865
    },
    "H3N2 A/Victoria/361/2011": {
      "H3N2 A/Perth/16/2009": 0.13835814595222473,
      "H3N2 A/Hong Kong/4801/2014": 0.15169362723827362,
      "H3N2 A/Texas/50/2012": 1.0,
      "H3N2 A/Switzerland/9715293/2013": 0.10032939910888672,
      "H3N2 A/Singapore/INFIMH-160019/2016": 0.1483776569366455
    },
    "H3N2 A/Hong Kong/4801/2014": {
      "H3N2 A/Perth/16/2009": 0.16994062066078186,
      "H3N2 A/Victoria/361/2011": 0.2080637663602829,
      "H3N2 A/Texas/50/2012": 0.15866221487522125,
      "H3N2 A/Switzerland/9715293/2013": 0.1418091058731079,
      "H3N2 A/Singapore/INFIMH-160019/2016": 1.0
    },
    "H3N2 A/Texas/50/2012": {
      "H3N2 A/Perth/16/2009": 0.2029033899307251,
      "H3N2 A/Victoria/361/2011": 1.0,
      "H3N2 A/Hong Kong/4801/2014": 0.13348807394504547,
      "H3N2 A/Switzerland/9715293/2013": 0.32546868920326233
    },
    "H3N2 A/Switzerland/9715293/2013": {
      "H3N2 A/Perth/16/2009": 0.6119323968887329,
      "H3N2 A/Victoria/361/2011": 0.3307807445526123,
      "H3N2 A/Hong Kong/4801/2014": 0.35747066140174866,
      "H3N2 A/Texas/50/2012": 1.0,
      "H3N2 A/Singapore/INFIMH-160019/2016": 0.24621273577213287
    },
    "H3N2 A/Uruguay/716/2007": {
      "H3N2 A/Wisconsin/67/2005": 1.0
    },
    "H3N2 A/Singapore/INFIMH-160019/2016": {
      "H3N2 A/Victoria/361/2011": 0.19821946322917938,
      "H3N2 A/Hong Kong/4801/2014": 1.0
    },
    "H3N2 A/Wisconsin/67/2005": {
      "H3N2 A/Uruguay/716/2007": 1.0
    }
  },
  "H3N2 A/Texas/50/2012": {
    "H3N2 A/Perth/16/2009": {
      "H3N2 A/Victoria/361/2011": 0.9005334377288818,
      "H3N2 A/Hong Kong/4801/2014": 0.538486659526825,
      "H3N2 A/New York/55/2004": 0.10849644243717194,
      "H3N2 A/Switzerland/9715293/2013": 1.0,
      "H3N2 A/Uruguay/716/2007": 0.15565019845962524,