{
  "H3N2 A/Perth/16/2009": {
    "H3N2 A/Victoria/361/2011": {
      "H3N2 A/Hong Kong/4801/2014": 0.10653122514486313,
      "H3N2 A/Texas/50/2012": 1.0
    },
    "H3N2 A/Hong Kong/4801/2014": {
      "H3N2 A/Victoria/361/2011": 0.6424548029899597,
      "H3N2 A/Texas/50/2012": 0.6299252510070801,
      "H3N2 A/Switzerland/9715293/2013": 1.0
    },
    "H3N2 A/New York/55/2004": {
      "H3N2 A/Uruguay/716/2007": 0.1246270090341568,
      "H3N2 A/Wisconsin/67/2005": 1.0
    },
    "H3N2 A/Texas/50/2012": {
      "H3N2 A/Victoria/361/2011": 1.0
    },
    "H3N2 A/Switzerland/9715293/2013": {
      "H3N2 A/Victoria/361/2011": 0.23579232394695282,
      "H3N2 A/Hong Kong/4801/2014": 1.0,
      "H3N2 A/Texas/50/2012": 0.5245082974433899
    },
    "H3N2 A/Uruguay/716/2007": {
      "H3N2 A/Victoria/361/2011": 0.126666858792305,
      "H3N2 A/New York/55/2004": 0.32567447423934937,
      "H3N2 A/Wisconsin/67/2005": 1.0
    },
    "H3N2 A/Wisconsin/67/2005": {
      "H3N2 A/New York/55/2004": 1.0,
      "H3N2 A/Uruguay/716/2007": 0.39364489912986755
    }
  },
  "H3N2 A/Victoria/361/2011": {
    "H3N2 A/Perth/16/2009": {
      "H3N2 A/Hong Kong/4801/2014": 1.0,
      "H3N2 A/Texas/50/2012": 0.737464189529419,
      "H3N2 A/Switzerland/9715293/2013": 0.3964914083480835,
      "H3N2 A/Wisconsin/67/2005": 0.23771293461322784
    },
    "H3N2 A/Hong Kong/4801/2014": {
      "H3N2 A/Perth/16/2009": 1.0,
      "H3N2 A/Texas/50/2012": 0.6238986253738403,
      "H3N2 A/Switzerland/9715293/2013": 0.4662400782108307
    },
    "H3N2 A/New York/55/2004": {
      "H3N2 A/Uruguay/716/2007": 0.1255248785018921,
      "H3N2 A/Wisconsin/67/2005": 1.0
    },
    "H3N2 A/Texas/50/2012": {
      "H3N2 A/Perth/16/2009": 1.0,
      "H3N2 A/Hong Kong/4801/2014": 0.9291536211967468,
      "H3N2 A/Switzerland/9715293/2013": 0.41593465209007263,
      "H3N2 A/Uruguay/716/2007": 0.3155779242515564
    },
    "H3N2 A/Switzerland/9715293/2013": {
      "H3N2 A/Perth/16/2009": 0.9645346999168396,
      "H3N2 A/Hong Kong/4801/2014": 1.0,
      "H3N2 A/Texas/50/2012": 0.8024172186851501
    },
    "H3N2 A/Uruguay/716/2007": {
      "H3N2 A/New York/55/2004": 0.3216703236103058,
      "H3N2 A/Texas/50/2012": 0.23978935182094574,
      "H3N2 A/Wisconsin/67/2005": 1.0
    },
    "H3N2 A/Wisconsin/67/2005": {
      "H3N2 A/Perth/16/2009": 0.12290819734334946,
      "H3N2 A/New York/55/2004": 1.0,
      "H3N2 A/Uruguay/716/2007": 0.39741936326026917
    }
  },
  "H3N2 A/Hong Kong/4801/2014": {
    "H3N2 A/Perth/16/2009": {
      "H3N2 A/Victoria/361/2011": 0.9328530430793762,
      "H3N2 A/New York/55/2004": 0.11807804554700851,
      "H3N2 A/Texas/50/2012": 0.7698436975479126,
      "H3N2 A/Switzerland/9715293/2013": 1.0,
      "H3N2 A/Wisconsin/67/2005": 0.3489817976951599
    },
    "H3N2 A/Victoria/361/2011": {
      "H3N2 A/Perth/16/2009": 0.14120173454284668,
      "H3N2 A/Texas/50/2012": 1.0
    },
    "H3N2 A/New York/55/2004": {
      "H3N2 A/Uruguay/716/2007": 0.1302441954612732,
      "H3N2 A/Wisconsin/67/2005": 1.0
    },
    "H3N2 A/Texas/50/2012": {
      "H3N2 A/Perth/16/2009": 0.10484518110752106,
      "H3N2 A/Victoria/361/2011": 1.0
    },
    "H3N2 A/Switzerland/9715293/2013": {
      "H3N2 A/Perth/16/2009": 1.0,
      "H3N2 A/Victoria/361/2011": 0.17830602824687958,
      "H3N2 A/Texas/50/2012": 0.5113974809646606
    },
    "H3N2 A/Uruguay/716/2007": {
      "H3N2 A/Victoria/361/2011": 0.13318391144275665,
      "H3N2 A/New York/55/2004": 0.3337126076221466,
      "H3N2 A/Texas/50/2012": 0.11496809870004654,
      "H3N2 A/Wisconsin/67/2005": 1.0
    },
    "H3N2 A/Wisconsin/67/2005": {
      "H3N2 A/Perth/16/2009": 0.11962822824716568,
      "H3N2 A/New York/55/2004": 1.0,
      "H3N2 A/Uruguay/716/2007": 0.39168062806129456
    }
  },
  "H3N2 A/New York/55/2004": {
    "H3N2 A/Perth/16/2009": {
      "H3N2 A/Victoria/361/2011": 0.47617727518081665,
      "H3N2 A/Hong Kong/4801/2014": 1.0,
      "H3N2 A/Texas/50/2012": 0.3213708996772766,
      "H3N2 A/Switzerland/9715293/2013": 0.39462870359420776,
      "H3N2 A/Wisconsin/67/2005": 0.47283729910850525
    },
    "H3N2 A/Victoria/361/2011": {
      "H3N2 A/Perth/16/2009": 0.10292209684848785,
      "H3N2 A/Texas/50/2012": 1.0
    },
    "H3N2 A/Hong Kong/4801/2014": {
      "H3N2 A/Perth/16/2009": 1.0,
      "H3N2 A/Victoria/361/2011": 0.25467318296432495,
      "H3N2 A/Texas/50/2012": 0.26531895995140076,
      "H3N2 A/Switzerland/9715293/2013": 0.47282281517982483
    },
    "H3N2 A/Texas/50/2012": {
      "H3N2 A/Victoria/361/2011": 1.0
    },
    "H3N2 A/Switzerland/9715293/2013": {
      "H3N2 A/Perth/16/2009": 0.9574266076087952,
      "H3N2 A/Victoria/361/2011": 0.1759474277496338,
      "H3N2 A/Hong Kong/4801/2014": 1.0,
      "H3N2 A/Texas/50/2012": 0.5783389806747437
    },
    "H3N2 A/Uruguay/716/2007": {
      "H3N2 A/Wisconsin/67/2005": 1.0
    },
    "H3N2 A/Wisconsin/67/2005": {
      "H3N2 A/Perth/16/2009": 0.2701931297779083,
      "H3N2 A/Uruguay/716/2007": 1.0
    }
  },
  "H3N2 A/Texas/50/2012": {
    "H3N2 A/Perth/16/2009": {
      "H3N2 A/Victoria/361/2011": 0.8248935341835022,
      "H3N2 A/Hong Kong/4801/2014": 1.0,
      "H3N2 A/Switzerland/9715293/2013": 0.4151277542114258,
      "H3N2 A/Wisconsin/67/2005": 0.2391866147518158
    },
    "H3N2 A/Victoria/361/2011": {
      "H3N2 A/Perth/16/2009": 1.0,
      "H3N2 A/Hong Kong/4801/2014": 0.8155562281608582,
      "H3N2 A/Switzerland/9715293/2013": 0.25706931948661804,
      "H3N2 A/Uruguay/716/2007": 0.29936084151268005
    },
    "H3N2 A/Hong Kong/4801/2014": {
      "H3N2 A/Perth/16/2009": 1.0,
      "H3N2 A/Victoria/361/2011": 0.600184440612793,
      "H3N2 A/Switzerland/9715293/2013": 0.47577452659606934
    },
    "H3N2 A/New York/55/2004": {
      "H3N2 A/Uruguay/716/2007": 0.12492262572050095,
      "H3N2 A/Wisconsin/67/2005": 1.0
    },
    "H3N2 A/Switzerland/9715293/2013": {
      "H3N2 A/Perth/16/2009": 0.9430429339408875,
      "H3N2 A/Victoria/361/2011": 0.5282950401306152,
      "H3N2 A/Hong Kong/4801/2014": 1.0
    },
    "H3N2 A/Uruguay/716/2007": {
      "H3N2 A/Victoria/361/2011": 0.26591286063194275,
      "H3N2 A/New York/55/2004": 0.30998435616493225,
      "H3N2 A/Wisconsin/67/2005": 1.0
    },
    "H3N2 A/Wisconsin/67/2005": {
      "H3N2 A/Perth/16/2009": 0.13187530636787415,
      "H3N2 A/New York/55/2004": 1.0,
      "H3N2 A/Uruguay/716/2007": 0.41195929050445557
    }
  },
  "H3N2 A/Switzerland/9715293/2013": {
    "H3N2 A/Perth/16/2009": {
      "H3N2 A/Victoria/361/2011": 0.43445026874542236,
      "H3N2 A/Hong Kong/4801/2014": 1.0,
      "H3N2 A/Texas/50/2012": 0.3671453297138214,
      "H3N2 A/Wisconsin/67/2005": 0.22861959040164948
    },
    "H3N2 A/Victoria/361/2011": {
      "H3N2 A/Perth/16/2009": 0.12205582112073898,
      "H3N2 A/Texas/50/2012": 1.0
    },
    "H3N2 A/Hong Kong/4801/2014": {
      "H3N2 A/Perth/16/2009": 1.0,
      "H3N2 A/Victoria/361/2011": 0.23330293595790863,
      "H3N2 A/Texas/50/2012": 0.3388252556324005
    },
    "H3N2 A/New York/55/2004": {
      "H3N2 A/Uruguay/716/2007": 0.1196596622467041,
      "H3N2 A/Wisconsin/67/2005": 1.0
    },
    "H3N2 A/Texas/50/2012": {
      "H3N2 A/Victoria/361/2011": 1.0,
      "H3N2 A/Hong Kong/4801/2014": 0.10144606977701187
    },
    "H3N2 A/Uruguay/716/2007": {
      "H3N2 A/New York/55/2004": 0.319269061088562,
      "H3N2 A/Wisconsin/67/2005": 1.0
    },
    "H3N2 A/Wisconsin/67/2005": {
      "H3N2 A/Perth/16/2009": 0.14617472887039185,
      "H3N2 A/New York/55/2004": 1.0,
      "H3N2 A/Uruguay/716/2007": 0.39885684847831726
    }
  },
  "H3N2 A/Uruguay/716/2007": {
    "H3N2 A/Perth/16/2009": {
      "H3N2 A/Victoria/361/2011": 0.46600937843322754,
      "H3N2 A/Hong Kong/4801/2014": 1.0,
      "H3N2 A/Texas/50/2012": 0.31267932057380676,
      "H3N2 A/Switzerland/9715293/2013": 0.3920334279537201,
      "H3N2 A/Wisconsin/67/2005": 0.3238411545753479
    },
    "H3N2 A/Victoria/361/2011": {
      "H3N2 A/Texas/50/2012": 1.0
    },