{
  "H3N2 A/Perth/16/2009": {
    "H3N2 A/Hong Kong/4801/2014": {
      "H3N2 A/Texas/50/2012": 1.0
    },
    "H3N2 A/Philippines/2/1982": {
      "H3N2 A/Hong Kong/4801/2014": 0.8046324849128723,
      "H3N2 A/Brisbane/10/2007": 0.2643062472343445,
      "H3N2 A/Texas/50/2012": 0.23484362661838531,
      "H3N2 A/Fujian/411/2002": 1.0
    },
    "H3N2 A/Brisbane/10/2007": {
      "H3N2 A/Hong Kong/4801/2014": 0.1945093274116516,
      "H3N2 A/Texas/50/2012": 0.15086810290813446,
      "H3N2 A/Fujian/411/2002": 1.0
    },
    "H3N2 A/Texas/50/2012": {
      "H3N2 A/Hong Kong/4801/2014": 1.0
    },
    "H3N2 A/Fujian/411/2002": {
      "H3N2 A/Hong Kong/4801/2014": 0.19924677908420563,
      "H3N2 A/Brisbane/10/2007": 1.0
    }
  },
  "H3N2 A/Hong Kong/4801/2014": {
    "H3N2 A/Perth/16/2009": {
      "H3N2 A/Brisbane/10/2007": 0.108009934425354,
      "H3N2 A/Texas/50/2012": 1.0
    },
    "H3N2 A/Philippines/2/1982": {
      "H3N2 A/Perth/16/2009": 0.11403100937604904,
      "H3N2 A/Brisbane/10/2007": 0.4846664071083069,
      "H3N2 A/Texas/50/2012": 0.39829832315444946,
      "H3N2 A/Fujian/411/2002": 1.0
    },
    "H3N2 A/Brisbane/10/2007": {
      "H3N2 A/Perth/16/2009": 0.5563743114471436,
      "H3N2 A/Fujian/411/2002": 1.0
    },
    "H3N2 A/Texas/50/2012": {
      "H3N2 A/Perth/16/2009": 1.0
    },
    "H3N2 A/Fujian/411/2002": {
      "H3N2 A/Perth/16/2009": 0.1887294352054596,
      "H3N2 A/Brisbane/10/2007": 1.0
    }
  },
  "H3N2 A/Philippines/2/1982": {
    "H3N2 A/Perth/16/2009": {
      "H3N2 A/Hong Kong/4801/2014": 1.0,
      "H3N2 A/Brisbane/10/2007": 0.12304972112178802,
      "H3N2 A/Texas/50/2012": 0.7814303040504456
    },
    "H3N2 A/Hong Kong/4801/2014": {
      "H3N2 A/Perth/16/2009": 1.0,
      "H3N2 A/Texas/50/2012": 0.6407867670059204
    },
    "H3N2 A/Brisbane/10/2007": {
      "H3N2 A/Perth/16/2009": 0.38538211584091187,
      "H3N2 A/Fujian/411/2002": 1.0
    },
    "H3N2 A/Texas/50/2012": {
      "H3N2 A/Perth/16/2009": 1.0,
      "H3N2 A/Hong Kong/4801/2014": 0.9112591743469238
    },
    "H3N2 A/Fujian/411/2002": {
      "H3N2 A/Hong Kong/4801/2014": 0.1372218132019043,
      "H3N2 A/Brisbane/10/2007": 1.0
    }
  },
  "H3N2 A/Brisbane/10/2007": {
    "H3N2 A/Perth/16/2009": {
      "H3N2 A/Hong Kong/4801/2014": 1.0,
      "H3N2 A/Texas/50/2012": 0.7360522150993347
    },
    "H3N2 A/Hong Kong/4801/2014": {
      "H3N2 A/Perth/16/2009": 1.0,
      "H3N2 A/Texas/50/2012": 0.5766100287437439
    },
    "H3N2 A/Philippines/2/1982": {
      "H3N2 A/Perth/16/2009": 0.11579573154449463,
      "H3N2 A/Hong Kong/4801/2014": 1.0,
      "H3N2 A/Texas/50/2012": 0.21335729956626892,
      "H3N2 A/Fujian/411/2002": 0.9438499212265015
    },
    "H3N2 A/Texas/50/2012": {
      "H3N2 A/Perth/16/2009": 1.0,
      "H3N2 A/Hong Kong/4801/2014": 0.942241370677948
    },
    "H3N2 A/Fujian/411/2002": {
      "H3N2 A/Perth/16/2009": 1.0,
      "H3N2 A/Hong Kong/4801/2014": 0.9692197442054749
    }
  },
  "H3N2 A/Texas/50/2012": {
    "H3N2 A/Perth/16/2009": {
      "H3N2 A/Hong Kong/4801/2014": 1.0
    },
    "H3N2 A/Hong Kong/4801/2014": {
      "H3N2 A/Perth/16/2009": 1.0
    },
    "H3N2 A/Philippines/2/1982": {
      "H3N2 A/Perth/16/2009": 0.11060895770788193,
      "H3N2 A/Hong Kong/4801/2014": 1.0,
      "H3N2 A/Brisbane/10/2007": 0.3178628981113434,
      "H3N2 A/Fujian/411/2002": 0.3876781463623047
    },
    "H3N2 A/Brisbane/10/2007": {
      "H3N2 A/Perth/16/2009": 0.5007918477058411,
      "H3N2 A/Fujian/411/2002": 1.0
    },
    "H3N2 A/Fujian/411/2002": {
      "H3N2 A/Brisbane/10/2007": 1.0
    }
  },
  "H3N2 A/Fujian/411/2002": {
    "H3N2 A/Perth/16/2009": {
      "H3N2 A/Hong Kong/4801/2014": 1.0,
      "H3N2 A/Brisbane/10/2007": 0.160200297832489,
      "H3N2 A/Texas/50/2012": 0.7153609991073608
    },
    "H3N2 A/Hong Kong/4801/2014": {
      "H3N2 A/Perth/16/2009": 1.0,
      "H3N2 A/Texas/50/2012": 0.5584225058555603
    },
    "H3N2 A/Philippines/2/1982": {
      "H3N2 A/Perth/16/2009": 0.21923032402992249,
      "H3N2 A/Hong Kong/4801/2014": 1.0,
      "H3N2 A/Brisbane/10/2007": 0.14021529257297516
    },
    "H3N2 A/Brisbane/10/2007": {
      "H3N2 A/Perth/16/2009": 1.0,
      "H3N2 A/Hong Kong/4801/2014": 0.243882954120636
    },
    "H3N2 A/Texas/50/2012": {
      "H3N2 A/Perth/16/2009": 1.0,
      "H3N2 A/Hong Kong/4801/2014": 0.9149966835975647
    }
  }
}