{
  "H3N2 A/Perth/16/2009": {
    "H3N2 A/Victoria/361/2011": {
      "H3N2 A/Hong Kong/4801/2014": 0.10653151571750641,
      "H3N2 A/Texas/50/2012": 1.0
    },
    "H3N2 A/Hong Kong/4801/2014": {
      "H3N2 A/Victoria/361/2011": 0.6424550414085388,
      "H3N2 A/Texas/50/2012": 0.629923403263092,
      "H3N2 A/Switzerland/9715293/2013": 1.0
    },
    "H3N2 A/New York/55/2004": {
      "H3N2 A/Uruguay/716/2007": 0.12462460994720459,
      "H3N2 A/Wisconsin/67/2005": 1.0
    },
    "H3N2 A/Texas/50/2012": {
      "H3N2 A/Victoria/361/2011": 1.0
    },
    "H3N2 A/Switzerland/9715293/2013": {
      "H3N2 A/Victoria/361/2011": 0.23578985035419464,
      "H3N2 A/Hong Kong/4801/2014": 1.0,
      "H3N2 A/Texas/50/2012": 0.5245054960250854
    },
    "H3N2 A/Uruguay/716/2007": {
      "H3N2 A/Victoria/361/2011": 0.12667250633239746,
      "H3N2 A/New York/55/2004": 0.32567456364631653,
      "H3N2 A/Wisconsin/67/2005": 1.0
    },
    "H3N2 A/Wisconsin/67/2005": {
      "H3N2 A/New York/55/2004": 1.0,
      "H3N2 A/Uruguay/716/2007": 0.3936411142349243
    }
  },
  "H3N2 A/Victoria/361/2011": {
    "H3N2 A/Perth/16/2009": {
      "H3N2 A/Hong Kong/4801/2014": 1.0,
      "H3N2 A/Texas/50/2012": 0.7374656200408936,
      "H3N2 A/Switzerland/9715293/2013": 0.3964883089065552,
      "H3N2 A/Wisconsin/67/2005": 0.23770958185195923
    },
    "H3N2 A/Hong Kong/4801/2014": {
      "H3N2 A/Perth/16/2009": 1.0,
      "H3N2 A/Texas/50/2012": 0.6238881945610046,
      "H3N2 A/Switzerland/9715293/2013": 0.46623924374580383
    },
    "H3N2 A/New York/55/2004": {
      "H3N2 A/Uruguay/716/2007": 0.12552572786808014,
      "H3N2 A/Wisconsin/67/2005": 1.0
    },
    "H3N2 A/Texas/50/2012": {
      "H3N2 A/Perth/16/2009": 1.0,
      "H3N2 A/Hong Kong/4801/2014": 0.9291957020759583,
      "H3N2 A/Switzerland/9715293/2013": 0.4159300625324249,
      "H3N2 A/Uruguay/716/2007": 0.31557801365852356
    },
    "H3N2 A/Switzerland/9715293/2013": {
      "H3N2 A/Perth/16/2009": 0.9645301699638367,
      "H3N2 A/Hong Kong/4801/2014": 1.0,
      "H3N2 A/Texas/50/2012": 0.8024417757987976
    },
    "H3N2 A/Uruguay/716/2007": {
      "H3N2 A/New York/55/2004": 0.3216717541217804,
      "H3N2 A/Texas/50/2012": 0.23979027569293976,
      "H3N2 A/Wisconsin/67/2005": 1.0
    },
    "H3N2 A/Wisconsin/67/2005": {
      "H3N2 A/Perth/16/2009": 0.12290329486131668,
      "H3N2 A/New York/55/2004": 1.0,
      "H3N2 A/Uruguay/716/2007": 0.3974211513996124
    }
  },
  "H3N2 A/Hong Kong/4801/2014": {
    "H3N2 A/Perth/16/2009": {
      "H3N2 A/Victoria/361/2011": 0.9328636527061462,
      "H3N2 A/New York/55/2004": 0.11807794868946075,
      "H3N2 A/Texas/50/2012": 0.7698792815208435,
      "H3N2 A/Switzerland/9715293/2013": 1.0,
      "H3N2 A/Wisconsin/67/2005": 0.34897300601005554
    },
    "H3N2 A/Victoria/361/2011": {
      "H3N2 A/Perth/16/2009": 0.14120106399059296,
      "H3N2 A/Texas/50/2012": 1.0
    },
    "H3N2 A/New York/55/2004": {
      "H3N2 A/Uruguay/716/2007": 0.1302463263273239,
      "H3N2 A/Wisconsin/67/2005": 1.0
    },
    "H3N2 A/Texas/50/2012": {
      "H3N2 A/Perth/16/2009": 0.1048448383808136,
      "H3N2 A/Victoria/361/2011": 1.0
    },
    "H3N2 A/Switzerland/9715293/2013": {
      "H3N2 A/Perth/16/2009": 1.0,
      "H3N2 A/Victoria/361/2011": 0.17829449474811554,
      "H3N2 A/Texas/50/2012": 0.5113860964775085
    },
    "H3N2 A/Uruguay/716/2007": {
      "H3N2 A/Victoria/361/2011": 0.13318590819835663,
      "H3N2 A/New York/55/2004": 0.33370301127433777,
      "H3N2 A/Texas/50/2012": 0.11496971547603607,
      "H3N2 A/Wisconsin/67/2005": 1.0
    },
    "H3N2 A/Wisconsin/67/2005": {
      "H3N2 A/Perth/16/2009": 0.11962471157312393,
      "H3N2 A/New York/55/2004": 1.0,
      "H3N2 A/Uruguay/716/2007": 0.3916788399219513
    }
  },
  "H3N2 A/New York/55/2004": {
    "H3N2 A/Perth/16/2009": {
      "H3N2 A/Victoria/361/2011": 0.4761767089366913,
      "H3N2 A/Hong Kong/4801/2014": 1.0,
      "H3N2 A/Texas/50/2012": 0.3213803768157959,
      "H3N2 A/Switzerland/9715293/2013": 0.3946264088153839,
      "H3N2 A/Wisconsin/67/2005": 0.4728356897830963
    },
    "H3N2 A/Victoria/361/2011": {
      "H3N2 A/Perth/16/2009": 0.1029236689209938,
      "H3N2 A/Texas/50/2012": 1.0
    },
    "H3N2 A/Hong Kong/4801/2014": {
      "H3N2 A/Perth/16/2009": 1.0,
      "H3N2 A/Victoria/361/2011": 0.25466808676719666,
      "H3N2 A/Texas/50/2012": 0.26531746983528137,
      "H3N2 A/Switzerland/9715293/2013": 0.4728300869464874
    },
    "H3N2 A/Texas/50/2012": {
      "H3N2 A/Victoria/361/2011": 1.0
    },
    "H3N2 A/Switzerland/9715293/2013": {
      "H3N2 A/Perth/16/2009": 0.9574118852615356,
      "H3N2 A/Victoria/361/2011": 0.1759585589170456,
      "H3N2 A/Hong Kong/4801/2014": 1.0,
      "H3N2 A/Texas/50/2012": 0.5783740282058716
    },
    "H3N2 A/Uruguay/716/2007": {
      "H3N2 A/Wisconsin/67/2005": 1.0
    },
    "H3N2 A/Wisconsin/67/2005": {
      "H3N2 A/Perth/16/2009": 0.27019521594047546,
      "H3N2 A/Uruguay/716/2007": 1.0
    }
  },
  "H3N2 A/Texas/50/2012": {
    "H3N2 A/Perth/16/2009": {
      "H3N2 A/Victoria/361/2011": 0.8249226808547974,
      "H3N2 A/Hong Kong/4801/2014": 1.0,
      "H3N2 A/Switzerland/9715293/2013": 0.4151404798030853,
      "H3N2 A/Wisconsin/67/2005": 0.23919479548931122
    },
    "H3N2 A/Victoria/361/2011": {
      "H3N2 A/Perth/16/2009": 1.0,
      "H3N2 A/Hong Kong/4801/2014": 0.8155752420425415,
      "H3N2 A/Switzerland/9715293/2013": 0.257077693939209,
      "H3N2 A/Uruguay/716/2007": 0.2993638217449188
    },
    "H3N2 A/Hong Kong/4801/2014": {
      "H3N2 A/Perth/16/2009": 1.0,
      "H3N2 A/Victoria/361/2011": 0.6001798510551453,
      "H3N2 A/Switzerland/9715293/2013": 0.4757753014564514
    },
    "H3N2 A/New York/55/2004": {
      "H3N2 A/Uruguay/716/2007": 0.12492205202579498,
      "H3N2 A/Wisconsin/67/2005": 1.0
    },
    "H3N2 A/Switzerland/9715293/2013": {
      "H3N2 A/Perth/16/2009": 0.9430310726165771,
      "H3N2 A/Victoria/361/2011": 0.5282911062240601,
      "H3N2 A/Hong Kong/4801/2014": 1.0
    },
    "H3N2 A/Uruguay/716/2007": {
      "H3N2 A/Victoria/361/2011": 0.26590853929519653,
      "H3N2 A/New York/55/2004": 0.30998480319976807,
      "H3N2 A/Wisconsin/67/2005": 1.0
    },
    "H3N2 A/Wisconsin/67/2005": {
      "H3N2 A/Perth/16/2009": 0.13187403976917267,
      "H3N2 A/New York/55/2004": 1.0,
      "H3N2 A/Uruguay/716/2007": 0.4119583070278168
    }
  },
  "H3N2 A/Switzerland/9715293/2013": {
    "H3N2 A/Perth/16/2009": {
      "H3N2 A/Victoria/361/2011": 0.43445512652397156,
      "H3N2 A/Hong Kong/4801/2014": 1.0,
      "H3N2 A/Texas/50/2012": 0.36714738607406616,
      "H3N2 A/Wisconsin/67/2005": 0.228624626994133
    },
    "H3N2 A/Victoria/361/2011": {
      "H3N2 A/Perth/16/2009": 0.12205749750137329,
      "H3N2 A/Texas/50/2012": 1.0
    },
    "H3N2 A/Hong Kong/4801/2014": {
      "H3N2 A/Perth/16/2009": 1.0,
      "H3N2 A/Victoria/361/2011": 0.23330262303352356,
      "H3N2 A/Texas/50/2012": 0.33882924914360046
    },
    "H3N2 A/New York/55/2004": {
      "H3N2 A/Uruguay/716/2007": 0.1196579709649086,
      "H3N2 A/Wisconsin/67/2005": 1.0
    },
    "H3N2 A/Texas/50/2012": {
      "H3N2 A/Victoria/361/2011": 1.0,
      "H3N2 A/Hong Kong/4801/2014": 0.10144738852977753
    },
    "H3N2 A/Uruguay/716/2007": {
      "H3N2 A/New York/55/2004": 0.31927454471588135,
      "H3N2 A/Wisconsin/67/2005": 1.0
    },
    "H3N2 A/Wisconsin/67/2005": {
      "H3N2 A/Perth/16/2009": 0.14617250859737396,
      "H3N2 A/New York/55/2004": 1.0,
      "H3N2 A/Uruguay/716/2007": 0.3988604247570038
    }
  },
  "H3N2 A/Uruguay/716/2007": {
    "H3N2 A/Perth/16/2009": {
      "H3N2 A/Victoria/361/2011": 0.4660150706768036,
      "H3N2 A/Hong Kong/4801/2014": 1.0,
      "H3N2 A/Texas/50/2012": 0.3126949071884155,
      "H3N2 A/Switzerland/9715293/2013": 0.392024427652359,
      "H3N2 A/Wisconsin/67/2005": 0.32384029030799866
    },
    "H3N2 A/Victoria/361/2011": {
      "H3N2 A/Texas/50/2012": 1.0
    },