{
  "H3N2 A/Nanchang/933/1995": {
    "H3N2 A/Shandong/9/1993": {
      "H3N2 A/Victoria/361/2011": 1.0,
      "H3N2 A/New York/55/2004": 0.6000166535377502,
      "H3N2 A/Perth/16/2009": 0.3726173937320709
    },
    "H3N2 A/Victoria/361/2011": {
      "H3N2 A/Wisconsin/67/2005": 0.1310630440711975,
      "H3N2 A/Perth/16/2009": 1.0
    },
    "H3N2 A/Wisconsin/67/2005": {
      "H3N2 A/Victoria/361/2011": 0.15509480237960815,
      "H3N2 A/New York/55/2004": 1.0
    },
    "H3N2 A/New York/55/2004": {
      "H3N2 A/Wisconsin/67/2005": 1.0
    },
    "H3N2 A/Perth/16/2009": {
      "H3N2 A/Victoria/361/2011": 1.0
    }
  },
  "H3N2 A/Shandong/9/1993": {
    "H3N2 A/Nanchang/933/1995": {
      "H3N2 A/Victoria/361/2011": 0.3372732996940613,
      "H3N2 A/New York/55/2004": 1.0,
      "H3N2 A/Perth/16/2009": 0.24386224150657654
    },
    "H3N2 A/Victoria/361/2011": {
      "H3N2 A/Wisconsin/67/2005": 0.13993524014949799,
      "H3N2 A/Perth/16/2009": 1.0
    },
    "H3N2 A/Wisconsin/67/2005": {
      "H3N2 A/Victoria/361/2011": 0.14849142730236053,
      "H3N2 A/New York/55/2004": 1.0
    },
    "H3N2 A/New York/55/2004": {
      "H3N2 A/Wisconsin/67/2005": 1.0
    },
    "H3N2 A/Perth/16/2009": {
      "H3N2 A/Victoria/361/2011": 1.0
    }
  },
  "H3N2 A/Victoria/361/2011": {
    "H3N2 A/Nanchang/933/1995": {
      "H3N2 A/Shandong/9/1993": 1.0,
      "H3N2 A/New York/55/2004": 0.257093220949173
    },
    "H3N2 A/Shandong/9/1993": {
      "H3N2 A/Nanchang/933/1995": 1.0
    },
    "H3N2 A/Wisconsin/67/2005": {
      "H3N2 A/New York/55/2004": 1.0,
      "H3N2 A/Perth/16/2009": 0.19434143602848053
    },
    "H3N2 A/New York/55/2004": {
      "H3N2 A/Wisconsin/67/2005": 1.0
    },
    "H3N2 A/Perth/16/2009": {
      "H3N2 A/Wisconsin/67/2005": 1.0
    }
  },
  "H3N2 A/Wisconsin/67/2005": {
    "H3N2 A/Nanchang/933/1995": {
      "H3N2 A/Shandong/9/1993": 1.0,
      "H3N2 A/New York/55/2004": 0.1825159192085266
    },
    "H3N2 A/Shandong/9/1993": {
      "H3N2 A/Nanchang/933/1995": 1.0
    },
    "H3N2 A/Victoria/361/2011": {
      "H3N2 A/Perth/16/2009": 1.0
    },
    "H3N2 A/New York/55/2004": {
      "H3N2 A/Nanchang/933/1995": 0.4948699176311493,
      "H3N2 A/Victoria/361/2011": 1.0,
      "H3N2 A/Perth/16/2009": 0.9464582800865173
    },
    "H3N2 A/Perth/16/2009": {
      "H3N2 A/Victoria/361/2011": 1.0
    }
  },
  "H3N2 A/New York/55/2004": {
    "H3N2 A/Nanchang/933/1995": {
      "H3N2 A/Shandong/9/1993": 1.0
    },
    "H3N2 A/Shandong/9/1993": {
      "H3N2 A/Nanchang/933/1995": 1.0
    },
    "H3N2 A/Victoria/361/2011": {
      "H3N2 A/Wisconsin/67/2005": 0.1814732551574707,
      "H3N2 A/Perth/16/2009": 1.0
    },
    "H3N2 A/Wisconsin/67/2005": {
      "H3N2 A/Victoria/361/2011": 1.0,
      "H3N2 A/Perth/16/2009": 0.5845144987106323
    },
    "H3N2 A/Perth/16/2009": {
      "H3N2 A/Victoria/361/2011": 1.0,
      "H3N2 A/Wisconsin/67/2005": 0.11763958632946014
    }
  },
  "H3N2 A/Perth/16/2009": {
    "H3N2 A/Nanchang/933/1995": {
      "H3N2 A/Shandong/9/1993": 1.0,
      "H3N2 A/New York/55/2004": 0.22178201377391815
    },
    "H3N2 A/Shandong/9/1993": {
      "H3N2 A/Nanchang/933/1995": 1.0
    },
    "H3N2 A/Victoria/361/2011": {
      "H3N2 A/Wisconsin/67/2005": 1.0
    },
    "H3N2 A/Wisconsin/67/2005": {
      "H3N2 A/Victoria/361/2011": 0.3138614594936371,
      "H3N2 A/New York/55/2004": 1.0
    },
    "H3N2 A/New York/55/2004": {
      "H3N2 A/Wisconsin/67/2005": 1.0
    }
  }
}