{
  "H3N2 A/Sydney/5/1997": {
    "H3N2 A/Hong Kong/4801/2014": {
      "H3N2 A/Texas/50/2012": 1.0
    },
    "H3N2 A/Hong Kong/1/1968": {
      "H3N2 A/Hong Kong/4801/2014": 0.1661902666091919,
      "H3N2 A/New York/55/2004": 0.15835073590278625,
      "H3N2 A/Texas/50/2012": 0.23620034754276276,
      "H3N2 A/Texas/1/1977": 1.0
    },
    "H3N2 A/New York/55/2004": {
      "H3N2 A/Hong Kong/4801/2014": 0.14011314511299133,
      "H3N2 A/Texas/50/2012": 1.0
    },
    "H3N2 A/Texas/50/2012": {
      "H3N2 A/Hong Kong/4801/2014": 1.0,
      "H3N2 A/New York/55/2004": 0.18055643141269684
    },
    "H3N2 A/Texas/1/1977": {
      "H3N2 A/Hong Kong/1/1968": 1.0,
      "H3N2 A/New York/55/2004": 0.11036577820777893,
      "H3N2 A/Texas/50/2012": 0.3292732238769531
    }
  },
  "H3N2 A/Hong Kong/4801/2014": {
    "H3N2 A/Sydney/5/1997": {
      "H3N2 A/Hong Kong/1/1968": 0.10721732676029205,
      "H3N2 A/New York/55/2004": 1.0
    },
    "H3N2 A/Hong Kong/1/1968": {
      "H3N2 A/Sydney/5/1997": 0.9294412136077881,
      "H3N2 A/New York/55/2004": 0.1356838047504425,
      "H3N2 A/Texas/1/1977": 1.0
    },
    "H3N2 A/New York/55/2004": {
      "H3N2 A/Sydney/5/1997": 1.0,
      "H3N2 A/Texas/50/2012": 0.6871640086174011
    },
    "H3N2 A/Texas/50/2012": {
      "H3N2 A/New York/55/2004": 1.0,
      "H3N2 A/Texas/1/1977": 0.11547912657260895
    },
    "H3N2 A/Texas/1/1977": {
      "H3N2 A/Sydney/5/1997": 0.13917244970798492,
      "H3N2 A/Hong Kong/1/1968": 1.0,
      "H3N2 A/New York/55/2004": 0.3099602162837982,
      "H3N2 A/Texas/50/2012": 0.24454925954341888
    }
  },
  "H3N2 A/Hong Kong/1/1968": {
    "H3N2 A/Sydney/5/1997": {
      "H3N2 A/New York/55/2004": 1.0
    },
    "H3N2 A/Hong Kong/4801/2014": {
      "H3N2 A/Texas/50/2012": 1.0
    },
    "H3N2 A/New York/55/2004": {
      "H3N2 A/Sydney/5/1997": 1.0,
      "H3N2 A/Texas/50/2012": 0.5308489203453064
    },
    "H3N2 A/Texas/50/2012": {
      "H3N2 A/Hong Kong/4801/2014": 1.0,
      "H3N2 A/New York/55/2004": 0.2591972351074219
    },
    "H3N2 A/Texas/1/1977": {
      "H3N2 A/Sydney/5/1997": 0.17485757172107697,
      "H3N2 A/New York/55/2004": 0.7763391733169556,
      "H3N2 A/Texas/50/2012": 1.0
    }
  },
  "H3N2 A/New York/55/2004": {
    "H3N2 A/Sydney/5/1997": {
      "H3N2 A/Hong Kong/4801/2014": 0.4146551787853241,
      "H3N2 A/Hong Kong/1/1968": 1.0,
      "H3N2 A/Texas/50/2012": 0.7268741726875305
    },
    "H3N2 A/Hong Kong/4801/2014": {
      "H3N2 A/Texas/50/2012": 1.0
    },
    "H3N2 A/Hong Kong/1/1968": {
      "H3N2 A/Sydney/5/1997": 0.5489230155944824,
      "H3N2 A/Hong Kong/4801/2014": 0.11650662124156952,
      "H3N2 A/Texas/50/2012": 0.17986701428890228,
      "H3N2 A/Texas/1/1977": 1.0
    },
    "H3N2 A/Texas/50/2012": {
      "H3N2 A/Hong Kong/4801/2014": 1.0
    },
    "H3N2 A/Texas/1/1977": {
      "H3N2 A/Hong Kong/1/1968": 1.0,
      "H3N2 A/Texas/50/2012": 0.12910734117031097
    }
  },
  "H3N2 A/Texas/50/2012": {
    "H3N2 A/Sydney/5/1997": {
      "H3N2 A/Hong Kong/1/1968": 0.13072752952575684,
      "H3N2 A/New York/55/2004": 1.0
    },
    "H3N2 A/Hong Kong/4801/2014": {
      "H3N2 A/New York/55/2004": 1.0
    },
    "H3N2 A/Hong Kong/1/1968": {
      "H3N2 A/Sydney/5/1997": 0.7663195133209229,
      "H3N2 A/New York/55/2004": 0.20819847285747528,
      "H3N2 A/Texas/1/1977": 1.0
    },
    "H3N2 A/New York/55/2004": {
      "H3N2 A/Sydney/5/1997": 1.0,
      "H3N2 A/Hong Kong/4801/2014": 0.5369274020195007
    },
    "H3N2 A/Texas/1/1977": {
      "H3N2 A/Hong Kong/1/1968": 1.0,
      "H3N2 A/New York/55/2004": 0.12374608963727951
    }
  },
  "H3N2 A/Texas/1/1977": {
    "H3N2 A/Sydney/5/1997": {
      "H3N2 A/New York/55/2004": 1.0
    },
    "H3N2 A/Hong Kong/4801/2014": {
      "H3N2 A/Texas/50/2012": 1.0
    },
    "H3N2 A/Hong Kong/1/1968": {
      "H3N2 A/Sydney/5/1997": 1.0,
      "H3N2 A/Texas/50/2012": 0.157193124294281
    },
    "H3N2 A/New York/55/2004": {
      "H3N2 A/Sydney/5/1997": 1.0,
      "H3N2 A/Texas/50/2012": 0.4754352271556854
    },
    "H3N2 A/Texas/50/2012": {
      "H3N2 A/Hong Kong/4801/2014": 1.0,
      "H3N2 A/New York/55/2004": 0.24427223205566406
    }
  }
}