{
  "H3N2 A/Shandong/9/1993": {
    "H3N2 A/Panama/2007/1999": {
      "H3N2 A/Sydney/5/1997": 1.0,
      "H3N2 A/Nanchang/933/1995": 0.1723288595676422
    },
    "H3N2 A/Perth/16/2009": {
      "H3N2 A/Victoria/361/2011": 1.0
    },
    "H3N2 A/Sydney/5/1997": {
      "H3N2 A/Panama/2007/1999": 1.0,
      "H3N2 A/New York/55/2004": 0.21300633251667023,
      "H3N2 A/Nanchang/933/1995": 0.2624053359031677
    },
    "H3N2 A/Victoria/361/2011": {
      "H3N2 A/Perth/16/2009": 1.0,
      "H3N2 A/Wisconsin/67/2005": 0.1381254941225052
    },
    "H3N2 A/New York/55/2004": {
      "H3N2 A/Sydney/5/1997": 0.27825963497161865,
      "H3N2 A/Uruguay/716/2007": 0.642978847026825,
      "H3N2 A/Wisconsin/67/2005": 1.0
    },
    "H3N2 A/Nanchang/933/1995": {
      "H3N2 A/Panama/2007/1999": 0.7244263291358948,
      "H3N2 A/Sydney/5/1997": 1.0
    },
    "H3N2 A/Uruguay/716/2007": {
      "H3N2 A/Perth/16/2009": 0.23072035610675812,
      "H3N2 A/New York/55/2004": 0.976158082485199,
      "H3N2 A/Wisconsin/67/2005": 1.0
    },
    "H3N2 A/Wisconsin/67/2005": {
      "H3N2 A/Victoria/361/2011": 0.26354262232780457,
      "H3N2 A/New York/55/2004": 1.0,
      "H3N2 A/Uruguay/716/2007": 0.623014509677887
    }
  },
  "H3N2 A/Panama/2007/1999": {
    "H3N2 A/Shandong/9/1993": {
      "H3N2 A/Nanchang/933/1995": 1.0
    },
    "H3N2 A/Perth/16/2009": {
      "H3N2 A/Victoria/361/2011": 1.0
    },
    "H3N2 A/Sydney/5/1997": {
      "H3N2 A/New York/55/2004": 0.9014931321144104,
      "H3N2 A/Nanchang/933/1995": 1.0,
      "H3N2 A/Wisconsin/67/2005": 0.10638445615768433
    },
    "H3N2 A/Victoria/361/2011": {
      "H3N2 A/Perth/16/2009": 1.0,
      "H3N2 A/Wisconsin/67/2005": 0.12890203297138214
    },
    "H3N2 A/New York/55/2004": {
      "H3N2 A/Sydney/5/1997": 0.5083661675453186,
      "H3N2 A/Uruguay/716/2007": 0.6107085943222046,
      "H3N2 A/Wisconsin/67/2005": 1.0
    },
    "H3N2 A/Nanchang/933/1995": {
      "H3N2 A/Shandong/9/1993": 0.7116670608520508,
      "H3N2 A/Sydney/5/1997": 1.0
    },
    "H3N2 A/Uruguay/716/2007": {
      "H3N2 A/Perth/16/2009": 0.22468015551567078,
      "H3N2 A/New York/55/2004": 0.9626840353012085,
      "H3N2 A/Wisconsin/67/2005": 1.0
    },
    "H3N2 A/Wisconsin/67/2005": {
      "H3N2 A/Victoria/361/2011": 0.2632123827934265,
      "H3N2 A/New York/55/2004": 1.0,
      "H3N2 A/Uruguay/716/2007": 0.603329598903656
    }
  },
  "H3N2 A/Perth/16/2009": {
    "H3N2 A/Shandong/9/1993": {
      "H3N2 A/Nanchang/933/1995": 1.0
    },
    "H3N2 A/Panama/2007/1999": {
      "H3N2 A/Sydney/5/1997": 1.0,
      "H3N2 A/Nanchang/933/1995": 0.2560361623764038
    },
    "H3N2 A/Sydney/5/1997": {
      "H3N2 A/Panama/2007/1999": 1.0,
      "H3N2 A/New York/55/2004": 0.20555631816387177,
      "H3N2 A/Nanchang/933/1995": 0.18430736660957336
    },
    "H3N2 A/Victoria/361/2011": {
      "H3N2 A/Panama/2007/1999": 0.14582251012325287,
      "H3N2 A/Sydney/5/1997": 0.15082770586013794,
      "H3N2 A/Uruguay/716/2007": 0.28370100259780884,
      "H3N2 A/Wisconsin/67/2005": 1.0
    },
    "H3N2 A/New York/55/2004": {
      "H3N2 A/Panama/2007/1999": 0.1015540063381195,
      "H3N2 A/Sydney/5/1997": 0.2669063210487366,
      "H3N2 A/Uruguay/716/2007": 0.6503071188926697,
      "H3N2 A/Wisconsin/67/2005": 1.0
    },
    "H3N2 A/Nanchang/933/1995": {
      "H3N2 A/Shandong/9/1993": 1.0,
      "H3N2 A/Panama/2007/1999": 0.6748902201652527,
      "H3N2 A/Sydney/5/1997": 0.46347615122795105
    },
    "H3N2 A/Uruguay/716/2007": {
      "H3N2 A/Victoria/361/2011": 0.28299832344055176,
      "H3N2 A/New York/55/2004": 0.9070976376533508,
      "H3N2 A/Wisconsin/67/2005": 1.0
    },
    "H3N2 A/Wisconsin/67/2005": {
      "H3N2 A/Victoria/361/2011": 0.45399442315101624,
      "H3N2 A/New York/55/2004": 1.0,
      "H3N2 A/Uruguay/716/2007": 0.6450735926628113
    }
  },
  "H3N2 A/Sydney/5/1997": {
    "H3N2 A/Shandong/9/1993": {
      "H3N2 A/Nanchang/933/1995": 1.0
    },
    "H3N2 A/Panama/2007/1999": {
      "H3N2 A/New York/55/2004": 0.5860127806663513,
      "H3N2 A/Nanchang/933/1995": 1.0
    },
    "H3N2 A/Perth/16/2009": {
      "H3N2 A/Victoria/361/2011": 1.0
    },
    "H3N2 A/Victoria/361/2011": {
      "H3N2 A/Perth/16/2009": 1.0,
      "H3N2 A/Wisconsin/67/2005": 0.12715616822242737
    },
    "H3N2 A/New York/55/2004": {
      "H3N2 A/Panama/2007/1999": 0.26673465967178345,
      "H3N2 A/Uruguay/716/2007": 0.6007552742958069,
      "H3N2 A/Wisconsin/67/2005": 1.0
    },
    "H3N2 A/Nanchang/933/1995": {
      "H3N2 A/Shandong/9/1993": 0.8870604038238525,
      "H3N2 A/Panama/2007/1999": 1.0
    },
    "H3N2 A/Uruguay/716/2007": {
      "H3N2 A/Perth/16/2009": 0.21231605112552643,
      "H3N2 A/New York/55/2004": 1.0,
      "H3N2 A/Wisconsin/67/2005": 0.972766101360321
    },
    "H3N2 A/Wisconsin/67/2005": {
      "H3N2 A/Victoria/361/2011": 0.2228788435459137,
      "H3N2 A/New York/55/2004": 1.0,
      "H3N2 A/Uruguay/716/2007": 0.5555266737937927
    }
  },
  "H3N2 A/Victoria/361/2011": {
    "H3N2 A/Shandong/9/1993": {
      "H3N2 A/Nanchang/933/1995": 1.0
    },
    "H3N2 A/Panama/2007/1999": {
      "H3N2 A/Sydney/5/1997": 1.0,
      "H3N2 A/Nanchang/933/1995": 0.25150421261787415
    },
    "H3N2 A/Perth/16/2009": {
      "H3N2 A/Panama/2007/1999": 0.24196310341358185,
      "H3N2 A/Sydney/5/1997": 0.29580163955688477,
      "H3N2 A/Uruguay/716/2007": 0.5863782167434692,
      "H3N2 A/Wisconsin/67/2005": 1.0
    },
    "H3N2 A/Sydney/5/1997": {
      "H3N2 A/Panama/2007/1999": 1.0,
      "H3N2 A/New York/55/2004": 0.20732975006103516,
      "H3N2 A/Nanchang/933/1995": 0.18368710577487946
    },
    "H3N2 A/New York/55/2004": {
      "H3N2 A/Sydney/5/1997": 0.25942134857177734,
      "H3N2 A/Uruguay/716/2007": 0.6255464553833008,
      "H3N2 A/Wisconsin/67/2005": 1.0
    },
    "H3N2 A/Nanchang/933/1995": {
      "H3N2 A/Shandong/9/1993": 1.0,
      "H3N2 A/Panama/2007/1999": 0.6955028176307678,
      "H3N2 A/Sydney/5/1997": 0.4671514928340912
    },
    "H3N2 A/Uruguay/716/2007": {
      "H3N2 A/Perth/16/2009": 0.3571544289588928,
      "H3N2 A/New York/55/2004": 0.9319965839385986,
      "H3N2 A/Wisconsin/67/2005": 1.0
    },
    "H3N2 A/Wisconsin/67/2005": {
      "H3N2 A/Perth/16/2009": 0.27754777669906616,
      "H3N2 A/New York/55/2004": 1.0,
      "H3N2 A/Uruguay/716/2007": 0.6223124861717224
    }
  },
  "H3N2 A/New York/55/2004": {
    "H3N2 A/Shandong/9/1993": {
      "H3N2 A/Nanchang/933/1995": 1.0
    },
    "H3N2 A/Panama/2007/1999": {
      "H3N2 A/Sydney/5/1997": 1.0,
      "H3N2 A/Nanchang/933/1995": 0.219517782330513
    },
    "H3N2 A/Perth/16/2009": {
      "H3N2 A/Victoria/361/2011": 1.0,
      "H3N2 A/Uruguay/716/2007": 0.10628537833690643
    },
    "H3N2 A/Sydney/5/1997": {
      "H3N2 A/Panama/2007/1999": 1.0,
      "H3N2 A/Nanchang/933/1995": 0.14675039052963257,
      "H3N2 A/Wisconsin/67/2005": 0.1490953266620636
    },
    "H3N2 A/Victoria/361/2011": {
      "H3N2 A/Perth/16/2009": 1.0,
      "H3N2 A/Wisconsin/67/2005": 0.16411153972148895
    },
    "H3N2 A/Nanchang/933/1995": {
      "H3N2 A/Shandong/9/1993": 1.0,
      "H3N2 A/Panama/2007/1999": 0.665533721446991,
      "H3N2 A/Sydney/5/1997": 0.4342189431190491
    },
    "H3N2 A/Uruguay/716/2007": {
      "H3N2 A/Perth/16/2009": 0.16081300377845764,
      "H3N2 A/Wisconsin/67/2005": 1.0
    },
    "H3N2 A/Wisconsin/67/2005": {
      "H3N2 A/Sydney/5/1997": 0.1920548975467682,
      "H3N2 A/Victoria/361/2011": 0.27927207946777344,
      "H3N2 A/Uruguay/716/2007": 1.0
    }
  },
  "H3N2 A/Nanchang/933/1995": {
    "H3N2 A/Shandong/9/1993": {
      "H3N2 A/Sydney/5/1997": 1.0,
      "H3N2 A/Victoria/361/2011": 0.4183458387851715,
      "H3N2 A/Uruguay/716/2007": 0.11173749715089798
    },
    "H3N2 A/Panama/2007/1999": {
      "H3N2 A/Sydney/5/1997": 1.0
    },
    "H3N2 A/Perth/16/2009": {
      "H3N2 A/Victoria/361/2011": 1.0
    },
    "H3N2 A/Sydney/5/1997": {
      "H3N2 A/Panama/2007/1999": 1.0,