{
  "H3N2 A/Perth/16/2009": {
    "H3N2 A/Victoria/361/2011": {
      "H3N2 A/Hong Kong/4801/2014": 0.1813032329082489,
      "H3N2 A/Texas/50/2012": 1.0,
      "H3N2 A/Switzerland/9715293/2013": 0.12391003966331482,
      "H3N2 A/Singapore/INFIMH-160019/2016": 0.15548638999462128
    },
    "H3N2 A/Hong Kong/4801/2014": {
      "H3N2 A/Victoria/361/2011": 0.2659236788749695,
      "H3N2 A/Texas/50/2012": 0.21525749564170837,
      "H3N2 A/Switzerland/9715293/2013": 0.20667287707328796,
      "H3N2 A/Singapore/INFIMH-160019/2016": 1.0
    },
    "H3N2 A/New York/55/2004": {
      "H3N2 A/Uruguay/716/2007": 0.3448585569858551,
      "H3N2 A/Wisconsin/67/2005": 1.0
    },
    "H3N2 A/Texas/50/2012": {
      "H3N2 A/Victoria/361/2011": 1.0,
      "H3N2 A/Hong Kong/4801/2014": 0.16018246114253998,
      "H3N2 A/Switzerland/9715293/2013": 0.38038063049316406
    },
    "H3N2 A/Switzerland/9715293/2013": {
      "H3N2 A/Victoria/361/2011": 0.34551674127578735,
      "H3N2 A/Hong Kong/4801/2014": 0.3972008228302002,
      "H3N2 A/Texas/50/2012": 1.0,
      "H3N2 A/Singapore/INFIMH-160019/2016": 0.24538564682006836
    },
    "H3N2 A/Uruguay/716/2007": {
      "H3N2 A/Hong Kong/4801/2014": 0.16768036782741547,
      "H3N2 A/New York/55/2004": 0.7199593186378479,
      "H3N2 A/Singapore/INFIMH-160019/2016": 0.11804383993148804,
      "H3N2 A/Wisconsin/67/2005": 1.0
    },
    "H3N2 A/Singapore/INFIMH-160019/2016": {
      "H3N2 A/Victoria/361/2011": 0.2307637482881546,
      "H3N2 A/Hong Kong/4801/2014": 1.0,
      "H3N2 A/Texas/50/2012": 0.12722055613994598,
      "H3N2 A/Switzerland/9715293/2013": 0.12536734342575073
    },
    "H3N2 A/Wisconsin/67/2005": {
      "H3N2 A/New York/55/2004": 1.0,
      "H3N2 A/Uruguay/716/2007": 0.4507126808166504
    }
  },
  "H3N2 A/Victoria/361/2011": {
    "H3N2 A/Perth/16/2009": {
      "H3N2 A/Hong Kong/4801/2014": 0.4870515465736389,
      "H3N2 A/New York/55/2004": 0.11065550893545151,
      "H3N2 A/Texas/50/2012": 1.0,
      "H3N2 A/Switzerland/9715293/2013": 0.7718955874443054,
      "H3N2 A/Uruguay/716/2007": 0.17409828305244446,
      "H3N2 A/Singapore/INFIMH-160019/2016": 0.26415836811065674,
      "H3N2 A/Wisconsin/67/2005": 0.20179693400859833
    },
    "H3N2 A/Hong Kong/4801/2014": {
      "H3N2 A/Perth/16/2009": 0.193809375166893,
      "H3N2 A/Texas/50/2012": 0.2825879156589508,
      "H3N2 A/Switzerland/9715293/2013": 0.17322832345962524,
      "H3N2 A/Singapore/INFIMH-160019/2016": 1.0
    },
    "H3N2 A/New York/55/2004": {
      "H3N2 A/Uruguay/716/2007": 0.34225884079933167,
      "H3N2 A/Wisconsin/67/2005": 1.0
    },
    "H3N2 A/Texas/50/2012": {
      "H3N2 A/Perth/16/2009": 0.728192925453186,
      "H3N2 A/Hong Kong/4801/2014": 0.5567991733551025,
      "H3N2 A/Switzerland/9715293/2013": 1.0,
      "H3N2 A/Singapore/INFIMH-160019/2016": 0.3691712021827698,
      "H3N2 A/Wisconsin/67/2005": 0.15141408145427704
    },
    "H3N2 A/Switzerland/9715293/2013": {
      "H3N2 A/Perth/16/2009": 0.5745599865913391,
      "H3N2 A/Hong Kong/4801/2014": 0.351188987493515,
      "H3N2 A/Texas/50/2012": 1.0,
      "H3N2 A/Singapore/INFIMH-160019/2016": 0.22630523145198822
    },
    "H3N2 A/Uruguay/716/2007": {
      "H3N2 A/Hong Kong/4801/2014": 0.151017427444458,
      "H3N2 A/New York/55/2004": 0.7003564834594727,
      "H3N2 A/Singapore/INFIMH-160019/2016": 0.10741275548934937,
      "H3N2 A/Wisconsin/67/2005": 1.0
    },
    "H3N2 A/Singapore/INFIMH-160019/2016": {
      "H3N2 A/Hong Kong/4801/2014": 1.0,
      "H3N2 A/Texas/50/2012": 0.19277307391166687,
      "H3N2 A/Switzerland/9715293/2013": 0.11367212235927582
    },
    "H3N2 A/Wisconsin/67/2005": {
      "H3N2 A/New York/55/2004": 1.0,
      "H3N2 A/Uruguay/716/2007": 0.4511929750442505
    }
  },
  "H3N2 A/Hong Kong/4801/2014": {
    "H3N2 A/Perth/16/2009": {
      "H3N2 A/Victoria/361/2011": 0.6944001317024231,
      "H3N2 A/New York/55/2004": 0.1685906946659088,
      "H3N2 A/Texas/50/2012": 0.9613816142082214,
      "H3N2 A/Switzerland/9715293/2013": 1.0,
      "H3N2 A/Uruguay/716/2007": 0.26424309611320496,
      "H3N2 A/Singapore/INFIMH-160019/2016": 0.5451697111129761,
      "H3N2 A/Wisconsin/67/2005": 0.21888971328735352
    },
    "H3N2 A/Victoria/361/2011": {
      "H3N2 A/Perth/16/2009": 0.15238864719867706,
      "H3N2 A/Texas/50/2012": 1.0,
      "H3N2 A/Switzerland/9715293/2013": 0.12162992358207703,
      "H3N2 A/Singapore/INFIMH-160019/2016": 0.24494238197803497
    },
    "H3N2 A/New York/55/2004": {
      "H3N2 A/Uruguay/716/2007": 0.35373955965042114,
      "H3N2 A/Wisconsin/67/2005": 1.0
    },
    "H3N2 A/Texas/50/2012": {
      "H3N2 A/Perth/16/2009": 0.2207433581352234,
      "H3N2 A/Victoria/361/2011": 1.0,
      "H3N2 A/Switzerland/9715293/2013": 0.33631235361099243,
      "H3N2 A/Singapore/INFIMH-160019/2016": 0.1506216675043106
    },
    "H3N2 A/Switzerland/9715293/2013": {
      "H3N2 A/Perth/16/2009": 0.6952845454216003,
      "H3N2 A/Victoria/361/2011": 0.38469377160072327,
      "H3N2 A/Texas/50/2012": 1.0,
      "H3N2 A/Singapore/INFIMH-160019/2016": 0.4036010801792145
    },
    "H3N2 A/Uruguay/716/2007": {
      "H3N2 A/New York/55/2004": 0.745384156703949,
      "H3N2 A/Singapore/INFIMH-160019/2016": 0.18253812193870544,
      "H3N2 A/Wisconsin/67/2005": 1.0
    },
    "H3N2 A/Singapore/INFIMH-160019/2016": {
      "H3N2 A/Perth/16/2009": 0.4324800372123718,
      "H3N2 A/Victoria/361/2011": 1.0,
      "H3N2 A/Texas/50/2012": 0.6174566149711609,
      "H3N2 A/Switzerland/9715293/2013": 0.46279415488243103,
      "H3N2 A/Uruguay/716/2007": 0.27437910437583923
    },
    "H3N2 A/Wisconsin/67/2005": {
      "H3N2 A/New York/55/2004": 1.0,
      "H3N2 A/Uruguay/716/2007": 0.44353702664375305
    }
  },
  "H3N2 A/New York/55/2004": {
    "H3N2 A/Perth/16/2009": {
      "H3N2 A/Victoria/361/2011": 0.7180964946746826,
      "H3N2 A/Hong Kong/4801/2014": 0.5973435640335083,
      "H3N2 A/Texas/50/2012": 1.0,
      "H3N2 A/Switzerland/9715293/2013": 0.9694677591323853,
      "H3N2 A/Uruguay/716/2007": 0.33646830916404724,
      "H3N2 A/Singapore/INFIMH-160019/2016": 0.26367291808128357,
      "H3N2 A/Wisconsin/67/2005": 0.45089659094810486
    },
    "H3N2 A/Victoria/361/2011": {
      "H3N2 A/Perth/16/2009": 0.13835667073726654,
      "H3N2 A/Hong Kong/4801/2014": 0.1516904979944229,
      "H3N2 A/Texas/50/2012": 1.0,
      "H3N2 A/Switzerland/9715293/2013": 0.10032863914966583,
      "H3N2 A/Singapore/INFIMH-160019/2016": 0.14837749302387238
    },
    "H3N2 A/Hong Kong/4801/2014": {
      "H3N2 A/Perth/16/2009": 0.16993853449821472,
      "H3N2 A/Victoria/361/2011": 0.20805752277374268,
      "H3N2 A/Texas/50/2012": 0.15865938365459442,
      "H3N2 A/Switzerland/9715293/2013": 0.14181001484394073,
      "H3N2 A/Singapore/INFIMH-160019/2016": 1.0
    },
    "H3N2 A/Texas/50/2012": {
      "H3N2 A/Perth/16/2009": 0.20290184020996094,
      "H3N2 A/Victoria/361/2011": 1.0,
      "H3N2 A/Hong Kong/4801/2014": 0.13348814845085144,
      "H3N2 A/Switzerland/9715293/2013": 0.3254718780517578
    },
    "H3N2 A/Switzerland/9715293/2013": {
      "H3N2 A/Perth/16/2009": 0.6119397878646851,
      "H3N2 A/Victoria/361/2011": 0.3307681679725647,
      "H3N2 A/Hong Kong/4801/2014": 0.35747015476226807,
      "H3N2 A/Texas/50/2012": 1.0,
      "H3N2 A/Singapore/INFIMH-160019/2016": 0.24620197713375092
    },
    "H3N2 A/Uruguay/716/2007": {
      "H3N2 A/Wisconsin/67/2005": 1.0
    },
    "H3N2 A/Singapore/INFIMH-160019/2016": {
      "H3N2 A/Victoria/361/2011": 0.19822198152542114,
      "H3N2 A/Hong Kong/4801/2014": 1.0
    },
    "H3N2 A/Wisconsin/67/2005": {
      "H3N2 A/Uruguay/716/2007": 1.0
    }
  },
  "H3N2 A/Texas/50/2012": {
    "H3N2 A/Perth/16/2009": {
      "H3N2 A/Victoria/361/2011": 0.9005135893821716,
      "H3N2 A/Hong Kong/4801/2014": 0.5384916067123413,
      "H3N2 A/New York/55/2004": 0.10850761830806732,
      "H3N2 A/Switzerland/9715293/2013": 1.0,
      "H3N2 A/Uruguay/716/2007": 0.15566033124923706,