{
  "H3N2 A/Uruguay/716/2007": {
    "H3N2 A/Nanchang/933/1995": {
      "H3N2 A/Sydney/5/1997": 1.0,
      "H3N2 A/Panama/2007/1999": 0.7233232259750366
    },
    "H3N2 A/Victoria/361/2011": {
      "H3N2 A/Wisconsin/67/2005": 0.15881484746932983,
      "H3N2 A/Perth/16/2009": 1.0
    },
    "H3N2 A/Sydney/5/1997": {
      "H3N2 A/Nanchang/933/1995": 0.2503707706928253,
      "H3N2 A/New York/55/2004": 0.25012531876564026,
      "H3N2 A/Panama/2007/1999": 1.0
    },
    "H3N2 A/New York/55/2004": {
      "H3N2 A/Sydney/5/1997": 0.20533183217048645,
      "H3N2 A/Wisconsin/67/2005": 1.0
    },
    "H3N2 A/Panama/2007/1999": {
      "H3N2 A/Nanchang/933/1995": 0.16267554461956024,
      "H3N2 A/Sydney/5/1997": 1.0
    },
    "H3N2 A/Wisconsin/67/2005": {
      "H3N2 A/Victoria/361/2011": 0.1838841587305069,
      "H3N2 A/New York/55/2004": 1.0
    },
    "H3N2 A/Perth/16/2009": {
      "H3N2 A/Victoria/361/2011": 1.0
    }
  },
  "H3N2 A/Nanchang/933/1995": {
    "H3N2 A/Uruguay/716/2007": {
      "H3N2 A/New York/55/2004": 0.9746158719062805,
      "H3N2 A/Wisconsin/67/2005": 1.0,
      "H3N2 A/Perth/16/2009": 0.22393152117729187
    },
    "H3N2 A/Victoria/361/2011": {
      "H3N2 A/Wisconsin/67/2005": 0.12883758544921875,
      "H3N2 A/Perth/16/2009": 1.0
    },
    "H3N2 A/Sydney/5/1997": {
      "H3N2 A/New York/55/2004": 0.12601220607757568,
      "H3N2 A/Panama/2007/1999": 1.0
    },
    "H3N2 A/New York/55/2004": {
      "H3N2 A/Uruguay/716/2007": 0.6215932965278625,
      "H3N2 A/Sydney/5/1997": 0.24536091089248657,
      "H3N2 A/Wisconsin/67/2005": 1.0
    },
    "H3N2 A/Panama/2007/1999": {
      "H3N2 A/Sydney/5/1997": 1.0
    },
    "H3N2 A/Wisconsin/67/2005": {
      "H3N2 A/Uruguay/716/2007": 0.6002827286720276,
      "H3N2 A/Victoria/361/2011": 0.2514030635356903,
      "H3N2 A/New York/55/2004": 1.0
    },
    "H3N2 A/Perth/16/2009": {
      "H3N2 A/Victoria/361/2011": 1.0
    }
  },
  "H3N2 A/Victoria/361/2011": {
    "H3N2 A/Uruguay/716/2007": {
      "H3N2 A/New York/55/2004": 0.9228829145431519,
      "H3N2 A/Wisconsin/67/2005": 1.0,
      "H3N2 A/Perth/16/2009": 0.313858300447464
    },
    "H3N2 A/Nanchang/933/1995": {
      "H3N2 A/Sydney/5/1997": 1.0,
      "H3N2 A/Panama/2007/1999": 0.736735463142395
    },
    "H3N2 A/Sydney/5/1997": {
      "H3N2 A/Nanchang/933/1995": 0.25661563873291016,
      "H3N2 A/New York/55/2004": 0.20842553675174713,
      "H3N2 A/Panama/2007/1999": 1.0
    },
    "H3N2 A/New York/55/2004": {
      "H3N2 A/Uruguay/716/2007": 0.6179257035255432,
      "H3N2 A/Sydney/5/1997": 0.25158780813217163,
      "H3N2 A/Wisconsin/67/2005": 1.0
    },
    "H3N2 A/Panama/2007/1999": {
      "H3N2 A/Nanchang/933/1995": 0.16141870617866516,
      "H3N2 A/Sydney/5/1997": 1.0
    },
    "H3N2 A/Wisconsin/67/2005": {
      "H3N2 A/Uruguay/716/2007": 0.619350016117096,
      "H3N2 A/New York/55/2004": 1.0,
      "H3N2 A/Perth/16/2009": 0.2591179609298706
    },
    "H3N2 A/Perth/16/2009": {
      "H3N2 A/Uruguay/716/2007": 0.6083635687828064,
      "H3N2 A/Sydney/5/1997": 0.34407350420951843,
      "H3N2 A/Panama/2007/1999": 0.28435003757476807,
      "H3N2 A/Wisconsin/67/2005": 1.0
    }
  },
  "H3N2 A/Sydney/5/1997": {
    "H3N2 A/Uruguay/716/2007": {
      "H3N2 A/New York/55/2004": 0.9996935725212097,
      "H3N2 A/Wisconsin/67/2005": 1.0,
      "H3N2 A/Perth/16/2009": 0.20164965093135834
    },
    "H3N2 A/Nanchang/933/1995": {
      "H3N2 A/Panama/2007/1999": 1.0
    },
    "H3N2 A/Victoria/361/2011": {
      "H3N2 A/Wisconsin/67/2005": 0.12996675074100494,
      "H3N2 A/Perth/16/2009": 1.0
    },
    "H3N2 A/New York/55/2004": {
      "H3N2 A/Uruguay/716/2007": 0.5883992314338684,
      "H3N2 A/Panama/2007/1999": 0.25366565585136414,
      "H3N2 A/Wisconsin/67/2005": 1.0
    },
    "H3N2 A/Panama/2007/1999": {
      "H3N2 A/Nanchang/933/1995": 1.0,
      "H3N2 A/New York/55/2004": 0.6825538277626038
    },
    "H3N2 A/Wisconsin/67/2005": {
      "H3N2 A/Uruguay/716/2007": 0.5549830198287964,
      "H3N2 A/Victoria/361/2011": 0.22472929954528809,
      "H3N2 A/New York/55/2004": 1.0
    },
    "H3N2 A/Perth/16/2009": {
      "H3N2 A/Victoria/361/2011": 1.0
    }
  },
  "H3N2 A/New York/55/2004": {
    "H3N2 A/Uruguay/716/2007": {
      "H3N2 A/Wisconsin/67/2005": 1.0,
      "H3N2 A/Perth/16/2009": 0.14544783532619476
    },
    "H3N2 A/Nanchang/933/1995": {
      "H3N2 A/Sydney/5/1997": 1.0,
      "H3N2 A/Panama/2007/1999": 0.7218236923217773
    },
    "H3N2 A/Victoria/361/2011": {
      "H3N2 A/Wisconsin/67/2005": 0.16199450194835663,
      "H3N2 A/Perth/16/2009": 1.0
    },
    "H3N2 A/Sydney/5/1997": {
      "H3N2 A/Nanchang/933/1995": 0.20123225450515747,
      "H3N2 A/Panama/2007/1999": 1.0,
      "H3N2 A/Wisconsin/67/2005": 0.1554100066423416
    },
    "H3N2 A/Panama/2007/1999": {
      "H3N2 A/Nanchang/933/1995": 0.134538933634758,
      "H3N2 A/Sydney/5/1997": 1.0
    },
    "H3N2 A/Wisconsin/67/2005": {
      "H3N2 A/Uruguay/716/2007": 1.0,
      "H3N2 A/Victoria/361/2011": 0.267604798078537,
      "H3N2 A/Sydney/5/1997": 0.18581390380859375
    },
    "H3N2 A/Perth/16/2009": {
      "H3N2 A/Uruguay/716/2007": 0.10498950630426407,
      "H3N2 A/Victoria/361/2011": 1.0
    }
  },
  "H3N2 A/Panama/2007/1999": {
    "H3N2 A/Uruguay/716/2007": {
      "H3N2 A/New York/55/2004": 0.9217756986618042,
      "H3N2 A/Wisconsin/67/2005": 1.0,
      "H3N2 A/Perth/16/2009": 0.20111511647701263
    },
    "H3N2 A/Nanchang/933/1995": {
      "H3N2 A/Sydney/5/1997": 1.0
    },
    "H3N2 A/Victoria/361/2011": {
      "H3N2 A/Wisconsin/67/2005": 0.13007843494415283,
      "H3N2 A/Perth/16/2009": 1.0
    },
    "H3N2 A/Sydney/5/1997": {
      "H3N2 A/Nanchang/933/1995": 1.0,
      "H3N2 A/New York/55/2004": 0.7979389429092407
    },
    "H3N2 A/New York/55/2004": {
      "H3N2 A/Uruguay/716/2007": 0.6031346917152405,
      "H3N2 A/Sydney/5/1997": 0.4898126423358917,
      "H3N2 A/Wisconsin/67/2005": 1.0
    },
    "H3N2 A/Wisconsin/67/2005": {
      "H3N2 A/Uruguay/716/2007": 0.617567777633667,
      "H3N2 A/Victoria/361/2011": 0.26413795351982117,
      "H3N2 A/New York/55/2004": 1.0
    },
    "H3N2 A/Perth/16/2009": {
      "H3N2 A/Victoria/361/2011": 1.0
    }
  },
  "H3N2 A/Wisconsin/67/2005": {
    "H3N2 A/Uruguay/716/2007": {
      "H3N2 A/New York/55/2004": 1.0,
      "H3N2 A/Perth/16/2009": 0.1739676594734192
    },
    "H3N2 A/Nanchang/933/1995": {
      "H3N2 A/Sydney/5/1997": 1.0,
      "H3N2 A/Panama/2007/1999": 0.715118944644928
    },
    "H3N2 A/Victoria/361/2011": {
      "H3N2 A/Perth/16/2009": 1.0
    },
    "H3N2 A/Sydney/5/1997": {
      "H3N2 A/Nanchang/933/1995": 0.24417108297348022,
      "H3N2 A/New York/55/2004": 0.3145237863063812,
      "H3N2 A/Panama/2007/1999": 1.0
    },
    "H3N2 A/New York/55/2004": {
      "H3N2 A/Uruguay/716/2007": 1.0,
      "H3N2 A/Sydney/5/1997": 0.345032274723053
    },
    "H3N2 A/Panama/2007/1999": {
      "H3N2 A/Nanchang/933/1995": 0.16132286190986633,
      "H3N2 A/Sydney/5/1997": 1.0
    },
    "H3N2 A/Perth/16/2009": {
      "H3N2 A/Uruguay/716/2007": 0.11815381050109863,
      "H3N2 A/Victoria/361/2011": 1.0
    }
  },
  "H3N2 A/Perth/16/2009": {
    "H3N2 A/Uruguay/716/2007": {
      "H3N2 A/Victoria/361/2011": 0.2366378903388977,
      "H3N2 A/New York/55/2004": 0.8930422067642212,
      "H3N2 A/Wisconsin/67/2005": 1.0
    },
    "H3N2 A/Nanchang/933/1995": {
      "H3N2 A/Sydney/5/1997": 1.0,
      "H3N2 A/Panama/2007/1999": 0.6158913969993591
    },
    "H3N2 A/Victoria/361/2011": {
      "H3N2 A/Uruguay/716/2007": 0.26874321699142456,
      "H3N2 A/Sydney/5/1997": 0.15036317706108093,
      "H3N2 A/Panama/2007/1999": 0.14633728563785553,
      "H3N2 A/Wisconsin/67/2005": 1.0
    },
    "H3N2 A/Sydney/5/1997": {
      "H3N2 A/Nanchang/933/1995": 0.2756017744541168,
      "H3N2 A/New York/55/2004": 0.20759522914886475,
      "H3N2 A/Panama/2007/1999": 1.0
    },
    "H3N2 A/New York/55/2004": {
      "H3N2 A/Uruguay/716/2007": 0.6361414790153503,