{
  "H3N2 A/Shandong/9/1993": {
    "H3N2 A/Panama/2007/1999": {
      "H3N2 A/Sydney/5/1997": 1.0,
      "H3N2 A/Nanchang/933/1995": 0.1723291128873825
    },
    "H3N2 A/Perth/16/2009": {
      "H3N2 A/Victoria/361/2011": 1.0
    },
    "H3N2 A/Sydney/5/1997": {
      "H3N2 A/Panama/2007/1999": 1.0,
      "H3N2 A/New York/55/2004": 0.21300697326660156,
      "H3N2 A/Nanchang/933/1995": 0.26240620017051697
    },
    "H3N2 A/Victoria/361/2011": {
      "H3N2 A/Perth/16/2009": 1.0,
      "H3N2 A/Wisconsin/67/2005": 0.13812577724456787
    },
    "H3N2 A/New York/55/2004": {
      "H3N2 A/Sydney/5/1997": 0.2782647907733917,
      "H3N2 A/Uruguay/716/2007": 0.6429741382598877,
      "H3N2 A/Wisconsin/67/2005": 1.0
    },
    "H3N2 A/Nanchang/933/1995": {
      "H3N2 A/Panama/2007/1999": 0.7244336605072021,
      "H3N2 A/Sydney/5/1997": 1.0
    },
    "H3N2 A/Uruguay/716/2007": {
      "H3N2 A/Perth/16/2009": 0.23071379959583282,
      "H3N2 A/New York/55/2004": 0.9761512279510498,
      "H3N2 A/Wisconsin/67/2005": 1.0
    },
    "H3N2 A/Wisconsin/67/2005": {
      "H3N2 A/Victoria/361/2011": 0.2635449171066284,
      "H3N2 A/New York/55/2004": 1.0,
      "H3N2 A/Uruguay/716/2007": 0.6230175495147705
    }
  },
  "H3N2 A/Panama/2007/1999": {
    "H3N2 A/Shandong/9/1993": {
      "H3N2 A/Nanchang/933/1995": 1.0
    },
    "H3N2 A/Perth/16/2009": {
      "H3N2 A/Victoria/361/2011": 1.0
    },
    "H3N2 A/Sydney/5/1997": {
      "H3N2 A/New York/55/2004": 0.901503324508667,
      "H3N2 A/Nanchang/933/1995": 1.0,
      "H3N2 A/Wisconsin/67/2005": 0.10638780146837234
    },
    "H3N2 A/Victoria/361/2011": {
      "H3N2 A/Perth/16/2009": 1.0,
      "H3N2 A/Wisconsin/67/2005": 0.12890289723873138
    },
    "H3N2 A/New York/55/2004": {
      "H3N2 A/Sydney/5/1997": 0.508374810218811,
      "H3N2 A/Uruguay/716/2007": 0.6107097268104553,
      "H3N2 A/Wisconsin/67/2005": 1.0
    },
    "H3N2 A/Nanchang/933/1995": {
      "H3N2 A/Shandong/9/1993": 0.7116724848747253,
      "H3N2 A/Sydney/5/1997": 1.0
    },
    "H3N2 A/Uruguay/716/2007": {
      "H3N2 A/Perth/16/2009": 0.2246757596731186,
      "H3N2 A/New York/55/2004": 0.9627087116241455,
      "H3N2 A/Wisconsin/67/2005": 1.0
    },
    "H3N2 A/Wisconsin/67/2005": {
      "H3N2 A/Victoria/361/2011": 0.26321175694465637,
      "H3N2 A/New York/55/2004": 1.0,
      "H3N2 A/Uruguay/716/2007": 0.6033256649971008
    }
  },
  "H3N2 A/Perth/16/2009": {
    "H3N2 A/Shandong/9/1993": {
      "H3N2 A/Nanchang/933/1995": 1.0
    },
    "H3N2 A/Panama/2007/1999": {
      "H3N2 A/Sydney/5/1997": 1.0,
      "H3N2 A/Nanchang/933/1995": 0.25604015588760376
    },
    "H3N2 A/Sydney/5/1997": {
      "H3N2 A/Panama/2007/1999": 1.0,
      "H3N2 A/New York/55/2004": 0.20555861294269562,
      "H3N2 A/Nanchang/933/1995": 0.18430869281291962
    },
    "H3N2 A/Victoria/361/2011": {
      "H3N2 A/Panama/2007/1999": 0.14582151174545288,
      "H3N2 A/Sydney/5/1997": 0.15083248913288116,
      "H3N2 A/Uruguay/716/2007": 0.283704936504364,
      "H3N2 A/Wisconsin/67/2005": 1.0
    },
    "H3N2 A/New York/55/2004": {
      "H3N2 A/Panama/2007/1999": 0.1015540212392807,
      "H3N2 A/Sydney/5/1997": 0.26690706610679626,
      "H3N2 A/Uruguay/716/2007": 0.6503044366836548,
      "H3N2 A/Wisconsin/67/2005": 1.0
    },
    "H3N2 A/Nanchang/933/1995": {
      "H3N2 A/Shandong/9/1993": 1.0,
      "H3N2 A/Panama/2007/1999": 0.6748823523521423,
      "H3N2 A/Sydney/5/1997": 0.4634741246700287
    },
    "H3N2 A/Uruguay/716/2007": {
      "H3N2 A/Victoria/361/2011": 0.2830069363117218,
      "H3N2 A/New York/55/2004": 0.9070972800254822,
      "H3N2 A/Wisconsin/67/2005": 1.0
    },
    "H3N2 A/Wisconsin/67/2005": {
      "H3N2 A/Victoria/361/2011": 0.45400065183639526,
      "H3N2 A/New York/55/2004": 1.0,
      "H3N2 A/Uruguay/716/2007": 0.6450904011726379
    }
  },
  "H3N2 A/Sydney/5/1997": {
    "H3N2 A/Shandong/9/1993": {
      "H3N2 A/Nanchang/933/1995": 1.0
    },
    "H3N2 A/Panama/2007/1999": {
      "H3N2 A/New York/55/2004": 0.5859946012496948,
      "H3N2 A/Nanchang/933/1995": 1.0
    },
    "H3N2 A/Perth/16/2009": {
      "H3N2 A/Victoria/361/2011": 1.0
    },
    "H3N2 A/Victoria/361/2011": {
      "H3N2 A/Perth/16/2009": 1.0,
      "H3N2 A/Wisconsin/67/2005": 0.12715554237365723
    },
    "H3N2 A/New York/55/2004": {
      "H3N2 A/Panama/2007/1999": 0.266732394695282,
      "H3N2 A/Uruguay/716/2007": 0.6007546186447144,
      "H3N2 A/Wisconsin/67/2005": 1.0
    },
    "H3N2 A/Nanchang/933/1995": {
      "H3N2 A/Shandong/9/1993": 0.8870611190795898,
      "H3N2 A/Panama/2007/1999": 1.0
    },
    "H3N2 A/Uruguay/716/2007": {
      "H3N2 A/Perth/16/2009": 0.21231161057949066,
      "H3N2 A/New York/55/2004": 1.0,
      "H3N2 A/Wisconsin/67/2005": 0.9727725982666016
    },
    "H3N2 A/Wisconsin/67/2005": {
      "H3N2 A/Victoria/361/2011": 0.22288204729557037,
      "H3N2 A/New York/55/2004": 1.0,
      "H3N2 A/Uruguay/716/2007": 0.5555330514907837
    }
  },
  "H3N2 A/Victoria/361/2011": {
    "H3N2 A/Shandong/9/1993": {
      "H3N2 A/Nanchang/933/1995": 1.0
    },
    "H3N2 A/Panama/2007/1999": {
      "H3N2 A/Sydney/5/1997": 1.0,
      "H3N2 A/Nanchang/933/1995": 0.25150662660598755
    },
    "H3N2 A/Perth/16/2009": {
      "H3N2 A/Panama/2007/1999": 0.24197299778461456,
      "H3N2 A/Sydney/5/1997": 0.2957974076271057,
      "H3N2 A/Uruguay/716/2007": 0.5863785743713379,
      "H3N2 A/Wisconsin/67/2005": 1.0
    },
    "H3N2 A/Sydney/5/1997": {
      "H3N2 A/Panama/2007/1999": 1.0,
      "H3N2 A/New York/55/2004": 0.2073306292295456,
      "H3N2 A/Nanchang/933/1995": 0.1836850643157959
    },
    "H3N2 A/New York/55/2004": {
      "H3N2 A/Sydney/5/1997": 0.25941646099090576,
      "H3N2 A/Uruguay/716/2007": 0.625539243221283,
      "H3N2 A/Wisconsin/67/2005": 1.0
    },
    "H3N2 A/Nanchang/933/1995": {
      "H3N2 A/Shandong/9/1993": 1.0,
      "H3N2 A/Panama/2007/1999": 0.6955073475837708,
      "H3N2 A/Sydney/5/1997": 0.4671430289745331
    },
    "H3N2 A/Uruguay/716/2007": {
      "H3N2 A/Perth/16/2009": 0.3571544587612152,
      "H3N2 A/New York/55/2004": 0.9319993853569031,
      "H3N2 A/Wisconsin/67/2005": 1.0
    },
    "H3N2 A/Wisconsin/67/2005": {
      "H3N2 A/Perth/16/2009": 0.27754655480384827,
      "H3N2 A/New York/55/2004": 1.0,
      "H3N2 A/Uruguay/716/2007": 0.6223070025444031
    }
  },
  "H3N2 A/New York/55/2004": {
    "H3N2 A/Shandong/9/1993": {
      "H3N2 A/Nanchang/933/1995": 1.0
    },
    "H3N2 A/Panama/2007/1999": {
      "H3N2 A/Sydney/5/1997": 1.0,
      "H3N2 A/Nanchang/933/1995": 0.21951891481876373
    },
    "H3N2 A/Perth/16/2009": {
      "H3N2 A/Victoria/361/2011": 1.0,
      "H3N2 A/Uruguay/716/2007": 0.10628557950258255
    },
    "H3N2 A/Sydney/5/1997": {
      "H3N2 A/Panama/2007/1999": 1.0,
      "H3N2 A/Nanchang/933/1995": 0.1467510461807251,
      "H3N2 A/Wisconsin/67/2005": 0.1490963250398636
    },
    "H3N2 A/Victoria/361/2011": {
      "H3N2 A/Perth/16/2009": 1.0,
      "H3N2 A/Wisconsin/67/2005": 0.1641101986169815
    },
    "H3N2 A/Nanchang/933/1995": {
      "H3N2 A/Shandong/9/1993": 1.0,
      "H3N2 A/Panama/2007/1999": 0.6655339002609253,
      "H3N2 A/Sydney/5/1997": 0.43421563506126404
    },
    "H3N2 A/Uruguay/716/2007": {
      "H3N2 A/Perth/16/2009": 0.16081801056861877,
      "H3N2 A/Wisconsin/67/2005": 1.0
    },
    "H3N2 A/Wisconsin/67/2005": {
      "H3N2 A/Sydney/5/1997": 0.1920466423034668,
      "H3N2 A/Victoria/361/2011": 0.2792622148990631,
      "H3N2 A/Uruguay/716/2007": 1.0
    }
  },
  "H3N2 A/Nanchang/933/1995": {
    "H3N2 A/Shandong/9/1993": {
      "H3N2 A/Sydney/5/1997": 1.0,
      "H3N2 A/Victoria/361/2011": 0.41833388805389404,
      "H3N2 A/Uruguay/716/2007": 0.1117391586303711
    },
    "H3N2 A/Panama/2007/1999": {
      "H3N2 A/Sydney/5/1997": 1.0
    },
    "H3N2 A/Perth/16/2009": {
      "H3N2 A/Victoria/361/2011": 1.0
    },
    "H3N2 A/Sydney/5/1997": {
      "H3N2 A/Panama/2007/1999": 1.0,