{
  "H3N2 A/Perth/16/2009": {
    "H3N2 A/Victoria/361/2011": {
      "H3N2 A/Hong Kong/4801/2014": 0.3207421898841858,
      "H3N2 A/Texas/50/2012": 1.0,
      "H3N2 A/Switzerland/9715293/2013": 0.4735139310359955,
      "H3N2 A/Wisconsin/67/2005": 0.12403598427772522
    },
    "H3N2 A/Hong Kong/4801/2014": {
      "H3N2 A/Victoria/361/2011": 0.810433030128479,
      "H3N2 A/Texas/50/2012": 1.0,
      "H3N2 A/Switzerland/9715293/2013": 0.8697206974029541,
      "H3N2 A/Uruguay/716/2007": 0.5611506700515747
    },
    "H3N2 A/New York/55/2004": {
      "H3N2 A/Uruguay/716/2007": 0.4353853166103363,
      "H3N2 A/Wisconsin/67/2005": 1.0
    },
    "H3N2 A/Texas/50/2012": {
      "H3N2 A/Victoria/361/2011": 1.0,
      "H3N2 A/Hong Kong/4801/2014": 0.35969847440719604,
      "H3N2 A/Switzerland/9715293/2013": 0.42457425594329834,
      "H3N2 A/Wisconsin/67/2005": 0.13925199210643768
    },
    "H3N2 A/Switzerland/9715293/2013": {
      "H3N2 A/Victoria/361/2011": 1.0,
      "H3N2 A/Hong Kong/4801/2014": 0.7912805080413818,
      "H3N2 A/New York/55/2004": 0.11773990839719772,
      "H3N2 A/Texas/50/2012": 0.9611100554466248
    },
    "H3N2 A/Uruguay/716/2007": {
      "H3N2 A/Hong Kong/4801/2014": 0.2722409665584564,
      "H3N2 A/New York/55/2004": 0.8641368746757507,
      "H3N2 A/Wisconsin/67/2005": 1.0
    },
    "H3N2 A/Wisconsin/67/2005": {
      "H3N2 A/Victoria/361/2011": 0.13962510228157043,
      "H3N2 A/New York/55/2004": 1.0,
      "H3N2 A/Texas/50/2012": 0.1331503689289093,
      "H3N2 A/Uruguay/716/2007": 0.4876103699207306
    }
  },
  "H3N2 A/Victoria/361/2011": {
    "H3N2 A/Perth/16/2009": {
      "H3N2 A/Hong Kong/4801/2014": 0.4147489368915558,
      "H3N2 A/Texas/50/2012": 1.0,
      "H3N2 A/Switzerland/9715293/2013": 0.1934356987476349
    },
    "H3N2 A/Hong Kong/4801/2014": {
      "H3N2 A/Perth/16/2009": 1.0,
      "H3N2 A/Texas/50/2012": 0.7605708837509155,
      "H3N2 A/Switzerland/9715293/2013": 0.8747011423110962,
      "H3N2 A/Uruguay/716/2007": 0.39688560366630554
    },
    "H3N2 A/New York/55/2004": {
      "H3N2 A/Uruguay/716/2007": 0.4180324375629425,
      "H3N2 A/Wisconsin/67/2005": 1.0
    },
    "H3N2 A/Texas/50/2012": {
      "H3N2 A/Perth/16/2009": 1.0,
      "H3N2 A/Hong Kong/4801/2014": 0.32383784651756287,
      "H3N2 A/Switzerland/9715293/2013": 0.5485056638717651,
      "H3N2 A/Wisconsin/67/2005": 0.19280864298343658
    },
    "H3N2 A/Switzerland/9715293/2013": {
      "H3N2 A/Perth/16/2009": 0.336252897977829,
      "H3N2 A/Hong Kong/4801/2014": 0.7812292575836182,
      "H3N2 A/Texas/50/2012": 1.0
    },
    "H3N2 A/Uruguay/716/2007": {
      "H3N2 A/Perth/16/2009": 0.10813012719154358,
      "H3N2 A/Hong Kong/4801/2014": 0.21281124651432037,
      "H3N2 A/New York/55/2004": 0.8539546132087708,
      "H3N2 A/Switzerland/9715293/2013": 0.10687059909105301,
      "H3N2 A/Wisconsin/67/2005": 1.0
    },
    "H3N2 A/Wisconsin/67/2005": {
      "H3N2 A/New York/55/2004": 1.0,
      "H3N2 A/Texas/50/2012": 0.17030376195907593,
      "H3N2 A/Uruguay/716/2007": 0.48396480083465576
    }
  },
  "H3N2 A/Hong Kong/4801/2014": {
    "H3N2 A/Perth/16/2009": {
      "H3N2 A/Victoria/361/2011": 0.3603063225746155,
      "H3N2 A/Texas/50/2012": 1.0,
      "H3N2 A/Switzerland/9715293/2013": 0.21601815521717072,
      "H3N2 A/Uruguay/716/2007": 0.1366172730922699
    },
    "H3N2 A/Victoria/361/2011": {
      "H3N2 A/Perth/16/2009": 0.39498770236968994,
      "H3N2 A/Texas/50/2012": 1.0,
      "H3N2 A/Switzerland/9715293/2013": 0.6028986573219299,
      "H3N2 A/Wisconsin/67/2005": 0.10844885557889938
    },
    "H3N2 A/New York/55/2004": {
      "H3N2 A/Uruguay/716/2007": 0.43665289878845215,
      "H3N2 A/Wisconsin/67/2005": 1.0
    },
    "H3N2 A/Texas/50/2012": {
      "H3N2 A/Perth/16/2009": 1.0,
      "H3N2 A/Victoria/361/2011": 0.9617999196052551,
      "H3N2 A/Switzerland/9715293/2013": 0.43922534584999084,
      "H3N2 A/Wisconsin/67/2005": 0.10378701984882355
    },
    "H3N2 A/Switzerland/9715293/2013": {
      "H3N2 A/Perth/16/2009": 0.4410136044025421,
      "H3N2 A/Victoria/361/2011": 1.0,
      "H3N2 A/Texas/50/2012": 0.8105573058128357
    },
    "H3N2 A/Uruguay/716/2007": {
      "H3N2 A/Perth/16/2009": 0.19570082426071167,
      "H3N2 A/New York/55/2004": 0.8914828896522522,
      "H3N2 A/Wisconsin/67/2005": 1.0
    },
    "H3N2 A/Wisconsin/67/2005": {
      "H3N2 A/Victoria/361/2011": 0.10907267779111862,
      "H3N2 A/New York/55/2004": 1.0,
      "H3N2 A/Uruguay/716/2007": 0.47508734464645386
    }
  },
  "H3N2 A/New York/55/2004": {
    "H3N2 A/Perth/16/2009": {
      "H3N2 A/Victoria/361/2011": 0.3366427719593048,
      "H3N2 A/Hong Kong/4801/2014": 0.42541009187698364,
      "H3N2 A/Texas/50/2012": 1.0,
      "H3N2 A/Switzerland/9715293/2013": 0.12629422545433044,
      "H3N2 A/Uruguay/716/2007": 0.1224106177687645
    },
    "H3N2 A/Victoria/361/2011": {
      "H3N2 A/Perth/16/2009": 0.31702640652656555,
      "H3N2 A/Hong Kong/4801/2014": 0.2812119722366333,
      "H3N2 A/Texas/50/2012": 1.0,
      "H3N2 A/Switzerland/9715293/2013": 0.4557352662086487,
      "H3N2 A/Wisconsin/67/2005": 0.25486481189727783
    },
    "H3N2 A/Hong Kong/4801/2014": {
      "H3N2 A/Perth/16/2009": 1.0,
      "H3N2 A/Victoria/361/2011": 0.587236762046814,
      "H3N2 A/Texas/50/2012": 0.589579164981842,
      "H3N2 A/Switzerland/9715293/2013": 0.7981814742088318,
      "H3N2 A/Uruguay/716/2007": 0.5014725923538208
    },
    "H3N2 A/Texas/50/2012": {
      "H3N2 A/Perth/16/2009": 0.9477143287658691,
      "H3N2 A/Victoria/361/2011": 1.0,
      "H3N2 A/Hong Kong/4801/2014": 0.24424363672733307,
      "H3N2 A/Switzerland/9715293/2013": 0.36696815490722656,
      "H3N2 A/Wisconsin/67/2005": 0.16042457520961761
    },
    "H3N2 A/Switzerland/9715293/2013": {
      "H3N2 A/Perth/16/2009": 0.2661439776420593,
      "H3N2 A/Victoria/361/2011": 1.0,
      "H3N2 A/Hong Kong/4801/2014": 0.9365842938423157,
      "H3N2 A/Texas/50/2012": 0.8966302871704102,
      "H3N2 A/Uruguay/716/2007": 0.3076469302177429
    },
    "H3N2 A/Uruguay/716/2007": {
      "H3N2 A/Wisconsin/67/2005": 1.0
    },
    "H3N2 A/Wisconsin/67/2005": {
      "H3N2 A/Victoria/361/2011": 0.1740848422050476,
      "H3N2 A/Uruguay/716/2007": 1.0
    }
  },
  "H3N2 A/Texas/50/2012": {
    "H3N2 A/Perth/16/2009": {
      "H3N2 A/Victoria/361/2011": 1.0,
      "H3N2 A/Hong Kong/4801/2014": 0.8886325359344482,
      "H3N2 A/Switzerland/9715293/2013": 0.48542073369026184,
      "H3N2 A/Uruguay/716/2007": 0.1965937614440918
    },
    "H3N2 A/Victoria/361/2011": {
      "H3N2 A/Perth/16/2009": 0.8087693452835083,
      "H3N2 A/Hong Kong/4801/2014": 0.538997232913971,
      "H3N2 A/Switzerland/9715293/2013": 1.0,
      "H3N2 A/Wisconsin/67/2005": 0.2959234118461609
    },
    "H3N2 A/Hong Kong/4801/2014": {
      "H3N2 A/Perth/16/2009": 1.0,
      "H3N2 A/Victoria/361/2011": 0.6763620376586914,
      "H3N2 A/Switzerland/9715293/2013": 0.7425862550735474,
      "H3N2 A/Uruguay/716/2007": 0.3663318455219269
    },
    "H3N2 A/New York/55/2004": {
      "H3N2 A/Uruguay/716/2007": 0.4272007346153259,
      "H3N2 A/Wisconsin/67/2005": 1.0
    },
    "H3N2 A/Switzerland/9715293/2013": {
      "H3N2 A/Perth/16/2009": 0.3952873945236206,
      "H3N2 A/Victoria/361/2011": 1.0,
      "H3N2 A/Hong Kong/4801/2014": 0.6512246131896973
    },
    "H3N2 A/Uruguay/716/2007": {
      "H3N2 A/Perth/16/2009": 0.12780152261257172,
      "H3N2 A/Hong Kong/4801/2014": 0.20506560802459717,
      "H3N2 A/New York/55/2004": 0.8090712428092957,
      "H3N2 A/Wisconsin/67/2005": 1.0
    },
    "H3N2 A/Wisconsin/67/2005": {
      "H3N2 A/Victoria/361/2011": 0.19811145961284637,
      "H3N2 A/New York/55/2004": 1.0,
      "H3N2 A/Uruguay/716/2007": 0.5063586831092834
    }
  },
  "H3N2 A/Switzerland/9715293/2013": {
    "H3N2 A/Perth/16/2009": {
      "H3N2 A/Victoria/361/2011": 0.3650926947593689,
      "H3N2 A/Hong Kong/4801/2014": 0.41046369075775146,
      "H3N2 A/Texas/50/2012": 1.0
    },