{
  "H3N2 A/Perth/16/2009": {
    "H3N2 A/Victoria/361/2011": {
      "H3N2 A/Hong Kong/4801/2014": 0.3207404315471649,
      "H3N2 A/Texas/50/2012": 1.0,
      "H3N2 A/Switzerland/9715293/2013": 0.47351008653640747,
      "H3N2 A/Wisconsin/67/2005": 0.12403558939695358
    },
    "H3N2 A/Hong Kong/4801/2014": {
      "H3N2 A/Victoria/361/2011": 0.8104304075241089,
      "H3N2 A/Texas/50/2012": 1.0,
      "H3N2 A/Switzerland/9715293/2013": 0.8696964979171753,
      "H3N2 A/Uruguay/716/2007": 0.561150074005127
    },
    "H3N2 A/New York/55/2004": {
      "H3N2 A/Uruguay/716/2007": 0.4353809356689453,
      "H3N2 A/Wisconsin/67/2005": 1.0
    },
    "H3N2 A/Texas/50/2012": {
      "H3N2 A/Victoria/361/2011": 1.0,
      "H3N2 A/Hong Kong/4801/2014": 0.3596861660480499,
      "H3N2 A/Switzerland/9715293/2013": 0.42457398772239685,
      "H3N2 A/Wisconsin/67/2005": 0.13925328850746155
    },
    "H3N2 A/Switzerland/9715293/2013": {
      "H3N2 A/Victoria/361/2011": 1.0,
      "H3N2 A/Hong Kong/4801/2014": 0.7912731766700745,
      "H3N2 A/New York/55/2004": 0.11773641407489777,
      "H3N2 A/Texas/50/2012": 0.9610528349876404
    },
    "H3N2 A/Uruguay/716/2007": {
      "H3N2 A/Hong Kong/4801/2014": 0.2722506523132324,
      "H3N2 A/New York/55/2004": 0.8641200661659241,
      "H3N2 A/Wisconsin/67/2005": 1.0
    },
    "H3N2 A/Wisconsin/67/2005": {
      "H3N2 A/Victoria/361/2011": 0.13962732255458832,
      "H3N2 A/New York/55/2004": 1.0,
      "H3N2 A/Texas/50/2012": 0.13315023481845856,
      "H3N2 A/Uruguay/716/2007": 0.4876158833503723
    }
  },
  "H3N2 A/Victoria/361/2011": {
    "H3N2 A/Perth/16/2009": {
      "H3N2 A/Hong Kong/4801/2014": 0.414743572473526,
      "H3N2 A/Texas/50/2012": 1.0,
      "H3N2 A/Switzerland/9715293/2013": 0.19343586266040802
    },
    "H3N2 A/Hong Kong/4801/2014": {
      "H3N2 A/Perth/16/2009": 1.0,
      "H3N2 A/Texas/50/2012": 0.7605639100074768,
      "H3N2 A/Switzerland/9715293/2013": 0.8746848106384277,
      "H3N2 A/Uruguay/716/2007": 0.3968612253665924
    },
    "H3N2 A/New York/55/2004": {
      "H3N2 A/Uruguay/716/2007": 0.41803911328315735,
      "H3N2 A/Wisconsin/67/2005": 1.0
    },
    "H3N2 A/Texas/50/2012": {
      "H3N2 A/Perth/16/2009": 1.0,
      "H3N2 A/Hong Kong/4801/2014": 0.323830783367157,
      "H3N2 A/Switzerland/9715293/2013": 0.5484864711761475,
      "H3N2 A/Wisconsin/67/2005": 0.19280552864074707
    },
    "H3N2 A/Switzerland/9715293/2013": {
      "H3N2 A/Perth/16/2009": 0.3362608551979065,
      "H3N2 A/Hong Kong/4801/2014": 0.7812660336494446,
      "H3N2 A/Texas/50/2012": 1.0
    },
    "H3N2 A/Uruguay/716/2007": {
      "H3N2 A/Perth/16/2009": 0.10813229531049728,
      "H3N2 A/Hong Kong/4801/2014": 0.21280914545059204,
      "H3N2 A/New York/55/2004": 0.8539436459541321,
      "H3N2 A/Switzerland/9715293/2013": 0.10686413943767548,
      "H3N2 A/Wisconsin/67/2005": 1.0
    },
    "H3N2 A/Wisconsin/67/2005": {
      "H3N2 A/New York/55/2004": 1.0,
      "H3N2 A/Texas/50/2012": 0.17030563950538635,
      "H3N2 A/Uruguay/716/2007": 0.4839628338813782
    }
  },
  "H3N2 A/Hong Kong/4801/2014": {
    "H3N2 A/Perth/16/2009": {
      "H3N2 A/Victoria/361/2011": 0.3603166341781616,
      "H3N2 A/Texas/50/2012": 1.0,
      "H3N2 A/Switzerland/9715293/2013": 0.21602104604244232,
      "H3N2 A/Uruguay/716/2007": 0.1366167515516281
    },
    "H3N2 A/Victoria/361/2011": {
      "H3N2 A/Perth/16/2009": 0.39498692750930786,
      "H3N2 A/Texas/50/2012": 1.0,
      "H3N2 A/Switzerland/9715293/2013": 0.6028936505317688,
      "H3N2 A/Wisconsin/67/2005": 0.10844968259334564
    },
    "H3N2 A/New York/55/2004": {
      "H3N2 A/Uruguay/716/2007": 0.43664881587028503,
      "H3N2 A/Wisconsin/67/2005": 1.0
    },
    "H3N2 A/Texas/50/2012": {
      "H3N2 A/Perth/16/2009": 1.0,
      "H3N2 A/Victoria/361/2011": 0.9617615342140198,
      "H3N2 A/Switzerland/9715293/2013": 0.439214825630188,
      "H3N2 A/Wisconsin/67/2005": 0.10378799587488174
    },
    "H3N2 A/Switzerland/9715293/2013": {
      "H3N2 A/Perth/16/2009": 0.44104787707328796,
      "H3N2 A/Victoria/361/2011": 1.0,
      "H3N2 A/Texas/50/2012": 0.8105525374412537
    },
    "H3N2 A/Uruguay/716/2007": {
      "H3N2 A/Perth/16/2009": 0.19568999111652374,
      "H3N2 A/New York/55/2004": 0.8914247155189514,
      "H3N2 A/Wisconsin/67/2005": 1.0
    },
    "H3N2 A/Wisconsin/67/2005": {
      "H3N2 A/Victoria/361/2011": 0.1090729758143425,
      "H3N2 A/New York/55/2004": 1.0,
      "H3N2 A/Uruguay/716/2007": 0.47508588433265686
    }
  },
  "H3N2 A/New York/55/2004": {
    "H3N2 A/Perth/16/2009": {
      "H3N2 A/Victoria/361/2011": 0.3366396427154541,
      "H3N2 A/Hong Kong/4801/2014": 0.42540955543518066,
      "H3N2 A/Texas/50/2012": 1.0,
      "H3N2 A/Switzerland/9715293/2013": 0.12630274891853333,
      "H3N2 A/Uruguay/716/2007": 0.1224140003323555
    },
    "H3N2 A/Victoria/361/2011": {
      "H3N2 A/Perth/16/2009": 0.31702834367752075,
      "H3N2 A/Hong Kong/4801/2014": 0.28121045231819153,
      "H3N2 A/Texas/50/2012": 1.0,
      "H3N2 A/Switzerland/9715293/2013": 0.4557359516620636,
      "H3N2 A/Wisconsin/67/2005": 0.2548648416996002
    },
    "H3N2 A/Hong Kong/4801/2014": {
      "H3N2 A/Perth/16/2009": 1.0,
      "H3N2 A/Victoria/361/2011": 0.5872548818588257,
      "H3N2 A/Texas/50/2012": 0.5896215438842773,
      "H3N2 A/Switzerland/9715293/2013": 0.7982204556465149,
      "H3N2 A/Uruguay/716/2007": 0.5014734268188477
    },
    "H3N2 A/Texas/50/2012": {
      "H3N2 A/Perth/16/2009": 0.9477136731147766,
      "H3N2 A/Victoria/361/2011": 1.0,
      "H3N2 A/Hong Kong/4801/2014": 0.24423839151859283,
      "H3N2 A/Switzerland/9715293/2013": 0.366962194442749,
      "H3N2 A/Wisconsin/67/2005": 0.16042189300060272
    },
    "H3N2 A/Switzerland/9715293/2013": {
      "H3N2 A/Perth/16/2009": 0.2661198377609253,
      "H3N2 A/Victoria/361/2011": 1.0,
      "H3N2 A/Hong Kong/4801/2014": 0.9365437626838684,
      "H3N2 A/Texas/50/2012": 0.8966085314750671,
      "H3N2 A/Uruguay/716/2007": 0.30764853954315186
    },
    "H3N2 A/Uruguay/716/2007": {
      "H3N2 A/Wisconsin/67/2005": 1.0
    },
    "H3N2 A/Wisconsin/67/2005": {
      "H3N2 A/Victoria/361/2011": 0.17409083247184753,
      "H3N2 A/Uruguay/716/2007": 1.0
    }
  },
  "H3N2 A/Texas/50/2012": {
    "H3N2 A/Perth/16/2009": {
      "H3N2 A/Victoria/361/2011": 1.0,
      "H3N2 A/Hong Kong/4801/2014": 0.8886685371398926,
      "H3N2 A/Switzerland/9715293/2013": 0.4854208827018738,
      "H3N2 A/Uruguay/716/2007": 0.19659662246704102
    },
    "H3N2 A/Victoria/361/2011": {
      "H3N2 A/Perth/16/2009": 0.8087661862373352,
      "H3N2 A/Hong Kong/4801/2014": 0.5390015244483948,
      "H3N2 A/Switzerland/9715293/2013": 1.0,
      "H3N2 A/Wisconsin/67/2005": 0.2959252893924713
    },
    "H3N2 A/Hong Kong/4801/2014": {
      "H3N2 A/Perth/16/2009": 1.0,
      "H3N2 A/Victoria/361/2011": 0.6763785481452942,
      "H3N2 A/Switzerland/9715293/2013": 0.7425916790962219,
      "H3N2 A/Uruguay/716/2007": 0.3663363754749298
    },
    "H3N2 A/New York/55/2004": {
      "H3N2 A/Uruguay/716/2007": 0.42719757556915283,
      "H3N2 A/Wisconsin/67/2005": 1.0
    },
    "H3N2 A/Switzerland/9715293/2013": {
      "H3N2 A/Perth/16/2009": 0.3952920734882355,
      "H3N2 A/Victoria/361/2011": 1.0,
      "H3N2 A/Hong Kong/4801/2014": 0.6512103080749512
    },
    "H3N2 A/Uruguay/716/2007": {
      "H3N2 A/Perth/16/2009": 0.1278029978275299,
      "H3N2 A/Hong Kong/4801/2014": 0.20507001876831055,
      "H3N2 A/New York/55/2004": 0.8090801239013672,
      "H3N2 A/Wisconsin/67/2005": 1.0
    },
    "H3N2 A/Wisconsin/67/2005": {
      "H3N2 A/Victoria/361/2011": 0.1981079876422882,
      "H3N2 A/New York/55/2004": 1.0,
      "H3N2 A/Uruguay/716/2007": 0.5063599944114685
    }
  },
  "H3N2 A/Switzerland/9715293/2013": {
    "H3N2 A/Perth/16/2009": {
      "H3N2 A/Victoria/361/2011": 0.36509352922439575,
      "H3N2 A/Hong Kong/4801/2014": 0.41046392917633057,
      "H3N2 A/Texas/50/2012": 1.0
    },