{
  "H3N2 A/Perth/16/2009": {
    "H3N2 A/Brisbane/10/2007": {
      "H3N2 A/Texas/50/2012": 0.42253902554512024,
      "H3N2 A/Switzerland/9715293/2013": 0.11335822939872742,
      "H3N2 A/Fujian/411/2002": 0.9353653788566589,
      "H3N2 A/Wisconsin/67/2005": 1.0
    },
    "H3N2 A/Texas/50/2012": {
      "H3N2 A/Switzerland/9715293/2013": 1.0,
      "H3N2 A/Wisconsin/67/2005": 0.20266641676425934
    },
    "H3N2 A/Switzerland/9715293/2013": {
      "H3N2 A/Texas/50/2012": 1.0
    },
    "H3N2 A/Fujian/411/2002": {
      "H3N2 A/Brisbane/10/2007": 0.37740054726600647,
      "H3N2 A/Wisconsin/67/2005": 1.0
    },
    "H3N2 A/Wisconsin/67/2005": {
      "H3N2 A/Brisbane/10/2007": 0.4177577495574951,
      "H3N2 A/Texas/50/2012": 0.5001110434532166,
      "H3N2 A/Fujian/411/2002": 1.0
    }
  },
  "H3N2 A/Brisbane/10/2007": {
    "H3N2 A/Perth/16/2009": {
      "H3N2 A/Texas/50/2012": 1.0,
      "H3N2 A/Switzerland/9715293/2013": 0.6424914598464966,
      "H3N2 A/Wisconsin/67/2005": 0.2630349397659302
    },
    "H3N2 A/Texas/50/2012": {
      "H3N2 A/Perth/16/2009": 0.8334677815437317,
      "H3N2 A/Switzerland/9715293/2013": 1.0,
      "H3N2 A/Wisconsin/67/2005": 0.2141532599925995
    },
    "H3N2 A/Switzerland/9715293/2013": {
      "H3N2 A/Perth/16/2009": 0.540453314781189,
      "H3N2 A/Texas/50/2012": 1.0
    },
    "H3N2 A/Fujian/411/2002": {
      "H3N2 A/Wisconsin/67/2005": 1.0
    },
    "H3N2 A/Wisconsin/67/2005": {
      "H3N2 A/Perth/16/2009": 0.2762657105922699,
      "H3N2 A/Texas/50/2012": 0.27116864919662476,
      "H3N2 A/Fujian/411/2002": 1.0
    }
  },
  "H3N2 A/Texas/50/2012": {
    "H3N2 A/Perth/16/2009": {
      "H3N2 A/Brisbane/10/2007": 0.24056021869182587,
      "H3N2 A/Switzerland/9715293/2013": 1.0,
      "H3N2 A/Wisconsin/67/2005": 0.21469956636428833
    },
    "H3N2 A/Brisbane/10/2007": {
      "H3N2 A/Perth/16/2009": 1.0,
      "H3N2 A/Switzerland/9715293/2013": 0.1063089519739151,
      "H3N2 A/Fujian/411/2002": 0.8526455760002136,
      "H3N2 A/Wisconsin/67/2005": 0.8133182525634766
    },
    "H3N2 A/Switzerland/9715293/2013": {
      "H3N2 A/Perth/16/2009": 1.0
    },
    "H3N2 A/Fujian/411/2002": {
      "H3N2 A/Brisbane/10/2007": 0.3923463523387909,
      "H3N2 A/Switzerland/9715293/2013": 0.14695626497268677,
      "H3N2 A/Wisconsin/67/2005": 1.0
    },
    "H3N2 A/Wisconsin/67/2005": {
      "H3N2 A/Perth/16/2009": 0.5522807836532593,
      "H3N2 A/Brisbane/10/2007": 0.3329455852508545,
      "H3N2 A/Switzerland/9715293/2013": 0.1947133094072342,
      "H3N2 A/Fujian/411/2002": 1.0
    }
  },
  "H3N2 A/Switzerland/9715293/2013": {
    "H3N2 A/Perth/16/2009": {
      "H3N2 A/Brisbane/10/2007": 0.17996466159820557,
      "H3N2 A/Texas/50/2012": 1.0,
      "H3N2 A/Wisconsin/67/2005": 0.11780106276273727
    },
    "H3N2 A/Brisbane/10/2007": {
      "H3N2 A/Perth/16/2009": 0.8605047464370728,
      "H3N2 A/Texas/50/2012": 0.21538928151130676,
      "H3N2 A/Fujian/411/2002": 1.0,
      "H3N2 A/Wisconsin/67/2005": 0.9377007484436035
    },
    "H3N2 A/Texas/50/2012": {
      "H3N2 A/Perth/16/2009": 1.0,
      "H3N2 A/Wisconsin/67/2005": 0.14662115275859833
    },
    "H3N2 A/Fujian/411/2002": {
      "H3N2 A/Brisbane/10/2007": 0.3808630704879761,
      "H3N2 A/Texas/50/2012": 0.1001158058643341,
      "H3N2 A/Wisconsin/67/2005": 1.0
    },
    "H3N2 A/Wisconsin/67/2005": {
      "H3N2 A/Perth/16/2009": 0.2975732088088989,
      "H3N2 A/Brisbane/10/2007": 0.33841532468795776,
      "H3N2 A/Texas/50/2012": 0.38158199191093445,
      "H3N2 A/Fujian/411/2002": 1.0
    }
  },
  "H3N2 A/Fujian/411/2002": {
    "H3N2 A/Perth/16/2009": {
      "H3N2 A/Brisbane/10/2007": 0.38464462757110596,
      "H3N2 A/Texas/50/2012": 1.0,
      "H3N2 A/Switzerland/9715293/2013": 0.6224680542945862,
      "H3N2 A/Wisconsin/67/2005": 0.20246554911136627
    },
    "H3N2 A/Brisbane/10/2007": {
      "H3N2 A/Perth/16/2009": 0.5148271918296814,
      "H3N2 A/Wisconsin/67/2005": 1.0
    },
    "H3N2 A/Texas/50/2012": {
      "H3N2 A/Perth/16/2009": 0.7892103791236877,
      "H3N2 A/Switzerland/9715293/2013": 1.0,
      "H3N2 A/Wisconsin/67/2005": 0.12713177502155304
    },
    "H3N2 A/Switzerland/9715293/2013": {
      "H3N2 A/Perth/16/2009": 0.49704885482788086,
      "H3N2 A/Texas/50/2012": 1.0
    },
    "H3N2 A/Wisconsin/67/2005": {
      "H3N2 A/Perth/16/2009": 0.3633812963962555,
      "H3N2 A/Brisbane/10/2007": 1.0,
      "H3N2 A/Texas/50/2012": 0.3320949375629425
    }
  },
  "H3N2 A/Wisconsin/67/2005": {
    "H3N2 A/Perth/16/2009": {
      "H3N2 A/Brisbane/10/2007": 0.35390129685401917,
      "H3N2 A/Texas/50/2012": 1.0,
      "H3N2 A/Switzerland/9715293/2013": 0.5893173813819885
    },
    "H3N2 A/Brisbane/10/2007": {
      "H3N2 A/Perth/16/2009": 0.754167914390564,
      "H3N2 A/Texas/50/2012": 0.19252385199069977,
      "H3N2 A/Fujian/411/2002": 1.0
    },
    "H3N2 A/Texas/50/2012": {
      "H3N2 A/Perth/16/2009": 0.8807328939437866,
      "H3N2 A/Switzerland/9715293/2013": 1.0
    },
    "H3N2 A/Switzerland/9715293/2013": {
      "H3N2 A/Perth/16/2009": 0.5105672478675842,
      "H3N2 A/Texas/50/2012": 1.0
    },
    "H3N2 A/Fujian/411/2002": {
      "H3N2 A/Perth/16/2009": 0.10375963151454926,
      "H3N2 A/Brisbane/10/2007": 1.0
    }
  }
}