{
  "H3N2 A/Perth/16/2009": {
    "H3N2 A/Panama/2007/1999": {
      "H3N2 A/Sydney/5/1997": 1.0
    },
    "H3N2 A/Sydney/5/1997": {
      "H3N2 A/Panama/2007/1999": 1.0
    },
    "H3N2 A/Texas/50/2012": {
      "H3N2 A/Panama/2007/1999": 0.20033439993858337,
      "H3N2 A/Switzerland/9715293/2013": 1.0,
      "H3N2 A/Wisconsin/67/2005": 0.4990612864494324
    },
    "H3N2 A/Switzerland/9715293/2013": {
      "H3N2 A/Texas/50/2012": 1.0,
      "H3N2 A/Wisconsin/67/2005": 0.2698730230331421
    },
    "H3N2 A/Wisconsin/67/2005": {
      "H3N2 A/Sydney/5/1997": 0.4709257185459137,
      "H3N2 A/Texas/50/2012": 1.0,
      "H3N2 A/Switzerland/9715293/2013": 0.3204665780067444
    }
  },
  "H3N2 A/Panama/2007/1999": {
    "H3N2 A/Perth/16/2009": {
      "H3N2 A/Texas/50/2012": 1.0,
      "H3N2 A/Switzerland/9715293/2013": 0.3409735858440399
    },
    "H3N2 A/Sydney/5/1997": {
      "H3N2 A/Texas/50/2012": 0.12127434462308884,
      "H3N2 A/Switzerland/9715293/2013": 0.25640785694122314,
      "H3N2 A/Wisconsin/67/2005": 1.0
    },
    "H3N2 A/Texas/50/2012": {
      "H3N2 A/Perth/16/2009": 1.0
    },
    "H3N2 A/Switzerland/9715293/2013": {
      "H3N2 A/Perth/16/2009": 1.0
    },
    "H3N2 A/Wisconsin/67/2005": {
      "H3N2 A/Perth/16/2009": 1.0,
      "H3N2 A/Sydney/5/1997": 0.9355389475822449,
      "H3N2 A/Texas/50/2012": 0.5402258634567261,
      "H3N2 A/Switzerland/9715293/2013": 0.10647636651992798
    }
  },
  "H3N2 A/Sydney/5/1997": {
    "H3N2 A/Perth/16/2009": {
      "H3N2 A/Texas/50/2012": 1.0,
      "H3N2 A/Switzerland/9715293/2013": 0.33928781747817993
    },
    "H3N2 A/Panama/2007/1999": {
      "H3N2 A/Texas/50/2012": 0.5848509669303894,
      "H3N2 A/Switzerland/9715293/2013": 0.40970754623413086,
      "H3N2 A/Wisconsin/67/2005": 1.0
    },
    "H3N2 A/Texas/50/2012": {
      "H3N2 A/Perth/16/2009": 1.0
    },
    "H3N2 A/Switzerland/9715293/2013": {
      "H3N2 A/Perth/16/2009": 1.0
    },
    "H3N2 A/Wisconsin/67/2005": {
      "H3N2 A/Perth/16/2009": 1.0,
      "H3N2 A/Panama/2007/1999": 0.6389300227165222,
      "H3N2 A/Texas/50/2012": 0.4902718961238861
    }
  },
  "H3N2 A/Texas/50/2012": {
    "H3N2 A/Perth/16/2009": {
      "H3N2 A/Switzerland/9715293/2013": 1.0,
      "H3N2 A/Wisconsin/67/2005": 0.2612849473953247
    },
    "H3N2 A/Panama/2007/1999": {
      "H3N2 A/Sydney/5/1997": 1.0
    },
    "H3N2 A/Sydney/5/1997": {
      "H3N2 A/Panama/2007/1999": 1.0
    },
    "H3N2 A/Switzerland/9715293/2013": {
      "H3N2 A/Perth/16/2009": 1.0
    },
    "H3N2 A/Wisconsin/67/2005": {
      "H3N2 A/Perth/16/2009": 1.0,
      "H3N2 A/Sydney/5/1997": 0.38602760434150696
    }
  },
  "H3N2 A/Switzerland/9715293/2013": {
    "H3N2 A/Perth/16/2009": {
      "H3N2 A/Texas/50/2012": 1.0
    },
    "H3N2 A/Panama/2007/1999": {
      "H3N2 A/Sydney/5/1997": 1.0
    },
    "H3N2 A/Sydney/5/1997": {
      "H3N2 A/Panama/2007/1999": 1.0
    },
    "H3N2 A/Texas/50/2012": {
      "H3N2 A/Perth/16/2009": 1.0
    },
    "H3N2 A/Wisconsin/67/2005": {
      "H3N2 A/Perth/16/2009": 1.0,
      "H3N2 A/Sydney/5/1997": 0.5059971213340759,
      "H3N2 A/Texas/50/2012": 0.3452240526676178
    }
  },
  "H3N2 A/Wisconsin/67/2005": {
    "H3N2 A/Perth/16/2009": {
      "H3N2 A/Texas/50/2012": 1.0,
      "H3N2 A/Switzerland/9715293/2013": 0.3436393439769745
    },
    "H3N2 A/Panama/2007/1999": {
      "H3N2 A/Sydney/5/1997": 1.0
    },
    "H3N2 A/Sydney/5/1997": {
      "H3N2 A/Panama/2007/1999": 1.0
    },
    "H3N2 A/Texas/50/2012": {
      "H3N2 A/Perth/16/2009": 1.0
    },
    "H3N2 A/Switzerland/9715293/2013": {
      "H3N2 A/Perth/16/2009": 1.0
    }
  }
}