{
  "H3N2 A/Uruguay/716/2007": {
    "H3N2 A/Nanchang/933/1995": {
      "H3N2 A/Sydney/5/1997": 0.5151347517967224,
      "H3N2 A/Panama/2007/1999": 1.0
    },
    "H3N2 A/Victoria/361/2011": {
      "H3N2 A/Perth/16/2009": 1.0
    },
    "H3N2 A/Sydney/5/1997": {
      "H3N2 A/Nanchang/933/1995": 0.1394953727722168,
      "H3N2 A/New York/55/2004": 0.1678002029657364,
      "H3N2 A/Panama/2007/1999": 1.0
    },
    "H3N2 A/New York/55/2004": {
      "H3N2 A/Victoria/361/2011": 0.1081412062048912,
      "H3N2 A/Sydney/5/1997": 0.2679847180843353,
      "H3N2 A/Panama/2007/1999": 0.21386882662773132,
      "H3N2 A/Wisconsin/67/2005": 1.0,
      "H3N2 A/Perth/16/2009": 0.10512541979551315
    },
    "H3N2 A/Panama/2007/1999": {
      "H3N2 A/Nanchang/933/1995": 0.2910744249820709,
      "H3N2 A/Sydney/5/1997": 1.0,
      "H3N2 A/New York/55/2004": 0.1570969521999359
    },
    "H3N2 A/Wisconsin/67/2005": {
      "H3N2 A/Victoria/361/2011": 0.2388411909341812,
      "H3N2 A/New York/55/2004": 1.0
    },
    "H3N2 A/Perth/16/2009": {
      "H3N2 A/Victoria/361/2011": 1.0
    }
  },
  "H3N2 A/Nanchang/933/1995": {
    "H3N2 A/Uruguay/716/2007": {
      "H3N2 A/New York/55/2004": 1.0,
      "H3N2 A/Wisconsin/67/2005": 0.3507106900215149,
      "H3N2 A/Perth/16/2009": 0.6678856611251831
    },
    "H3N2 A/Victoria/361/2011": {
      "H3N2 A/Perth/16/2009": 1.0
    },
    "H3N2 A/Sydney/5/1997": {
      "H3N2 A/New York/55/2004": 0.11507376283407211,
      "H3N2 A/Panama/2007/1999": 1.0
    },
    "H3N2 A/New York/55/2004": {
      "H3N2 A/Uruguay/716/2007": 1.0,
      "H3N2 A/Sydney/5/1997": 0.20791900157928467,
      "H3N2 A/Panama/2007/1999": 0.18847036361694336,
      "H3N2 A/Wisconsin/67/2005": 0.39641308784484863
    },
    "H3N2 A/Panama/2007/1999": {
      "H3N2 A/Sydney/5/1997": 1.0,
      "H3N2 A/New York/55/2004": 0.11995706707239151
    },
    "H3N2 A/Wisconsin/67/2005": {
      "H3N2 A/Uruguay/716/2007": 0.9713764786720276,
      "H3N2 A/Victoria/361/2011": 0.41102394461631775,
      "H3N2 A/New York/55/2004": 1.0
    },
    "H3N2 A/Perth/16/2009": {
      "H3N2 A/Uruguay/716/2007": 0.348084032535553,
      "H3N2 A/Victoria/361/2011": 1.0
    }
  },
  "H3N2 A/Victoria/361/2011": {
    "H3N2 A/Uruguay/716/2007": {
      "H3N2 A/New York/55/2004": 1.0,
      "H3N2 A/Wisconsin/67/2005": 0.3507383465766907,
      "H3N2 A/Perth/16/2009": 0.7068239450454712
    },
    "H3N2 A/Nanchang/933/1995": {
      "H3N2 A/Sydney/5/1997": 0.5634429454803467,
      "H3N2 A/Panama/2007/1999": 1.0
    },
    "H3N2 A/Sydney/5/1997": {
      "H3N2 A/Nanchang/933/1995": 0.14606858789920807,
      "H3N2 A/New York/55/2004": 0.13886451721191406,
      "H3N2 A/Panama/2007/1999": 1.0
    },
    "H3N2 A/New York/55/2004": {
      "H3N2 A/Uruguay/716/2007": 1.0,
      "H3N2 A/Sydney/5/1997": 0.19231201708316803,
      "H3N2 A/Panama/2007/1999": 0.19386981427669525,
      "H3N2 A/Wisconsin/67/2005": 0.43462827801704407
    },
    "H3N2 A/Panama/2007/1999": {
      "H3N2 A/Nanchang/933/1995": 0.27288055419921875,
      "H3N2 A/Sydney/5/1997": 1.0,
      "H3N2 A/New York/55/2004": 0.17028117179870605
    },
    "H3N2 A/Wisconsin/67/2005": {
      "H3N2 A/Uruguay/716/2007": 0.892318844795227,
      "H3N2 A/New York/55/2004": 1.0,
      "H3N2 A/Perth/16/2009": 0.15392723679542542
    },
    "H3N2 A/Perth/16/2009": {
      "H3N2 A/Uruguay/716/2007": 1.0
    }
  },
  "H3N2 A/Sydney/5/1997": {
    "H3N2 A/Uruguay/716/2007": {
      "H3N2 A/New York/55/2004": 1.0,
      "H3N2 A/Wisconsin/67/2005": 0.3310464322566986,
      "H3N2 A/Perth/16/2009": 0.6483139395713806
    },
    "H3N2 A/Nanchang/933/1995": {
      "H3N2 A/Panama/2007/1999": 1.0
    },
    "H3N2 A/Victoria/361/2011": {
      "H3N2 A/Perth/16/2009": 1.0
    },
    "H3N2 A/New York/55/2004": {
      "H3N2 A/Uruguay/716/2007": 1.0,
      "H3N2 A/Panama/2007/1999": 0.4496402144432068,
      "H3N2 A/Wisconsin/67/2005": 0.4176061749458313
    },
    "H3N2 A/Panama/2007/1999": {
      "H3N2 A/Nanchang/933/1995": 1.0,
      "H3N2 A/New York/55/2004": 0.6895479559898376
    },
    "H3N2 A/Wisconsin/67/2005": {
      "H3N2 A/Uruguay/716/2007": 0.870887279510498,
      "H3N2 A/Victoria/361/2011": 0.3609970211982727,
      "H3N2 A/New York/55/2004": 1.0
    },
    "H3N2 A/Perth/16/2009": {
      "H3N2 A/Uruguay/716/2007": 0.34379100799560547,
      "H3N2 A/Victoria/361/2011": 1.0
    }
  },
  "H3N2 A/New York/55/2004": {
    "H3N2 A/Uruguay/716/2007": {
      "H3N2 A/Wisconsin/67/2005": 1.0,
      "H3N2 A/Perth/16/2009": 0.9285770654678345
    },
    "H3N2 A/Nanchang/933/1995": {
      "H3N2 A/Sydney/5/1997": 0.5497860312461853,
      "H3N2 A/Panama/2007/1999": 1.0
    },
    "H3N2 A/Victoria/361/2011": {
      "H3N2 A/Perth/16/2009": 1.0
    },
    "H3N2 A/Sydney/5/1997": {
      "H3N2 A/Nanchang/933/1995": 0.12041676789522171,
      "H3N2 A/Panama/2007/1999": 1.0
    },
    "H3N2 A/Panama/2007/1999": {
      "H3N2 A/Nanchang/933/1995": 0.24994872510433197,
      "H3N2 A/Sydney/5/1997": 1.0
    },
    "H3N2 A/Wisconsin/67/2005": {
      "H3N2 A/Uruguay/716/2007": 1.0,
      "H3N2 A/Victoria/361/2011": 0.29103609919548035
    },
    "H3N2 A/Perth/16/2009": {
      "H3N2 A/Uruguay/716/2007": 0.35454100370407104,
      "H3N2 A/Victoria/361/2011": 1.0
    }
  },
  "H3N2 A/Panama/2007/1999": {
    "H3N2 A/Uruguay/716/2007": {
      "H3N2 A/New York/55/2004": 1.0,
      "H3N2 A/Wisconsin/67/2005": 0.349275678396225,
      "H3N2 A/Perth/16/2009": 0.6858187913894653
    },
    "H3N2 A/Nanchang/933/1995": {
      "H3N2 A/Sydney/5/1997": 1.0
    },
    "H3N2 A/Victoria/361/2011": {
      "H3N2 A/Perth/16/2009": 1.0
    },
    "H3N2 A/Sydney/5/1997": {
      "H3N2 A/Nanchang/933/1995": 1.0,
      "H3N2 A/New York/55/2004": 0.8019525408744812
    },
    "H3N2 A/New York/55/2004": {
      "H3N2 A/Uruguay/716/2007": 1.0,
      "H3N2 A/Sydney/5/1997": 0.4705888330936432,
      "H3N2 A/Wisconsin/67/2005": 0.4101985991001129
    },
    "H3N2 A/Wisconsin/67/2005": {
      "H3N2 A/Uruguay/716/2007": 0.9594502449035645,
      "H3N2 A/Victoria/361/2011": 0.4372994601726532,
      "H3N2 A/New York/55/2004": 1.0
    },
    "H3N2 A/Perth/16/2009": {
      "H3N2 A/Uruguay/716/2007": 0.343902587890625,
      "H3N2 A/Victoria/361/2011": 1.0
    }
  },
  "H3N2 A/Wisconsin/67/2005": {
    "H3N2 A/Uruguay/716/2007": {
      "H3N2 A/New York/55/2004": 1.0,
      "H3N2 A/Perth/16/2009": 0.42861682176589966
    },
    "H3N2 A/Nanchang/933/1995": {
      "H3N2 A/Sydney/5/1997": 0.6085482239723206,
      "H3N2 A/Panama/2007/1999": 1.0
    },
    "H3N2 A/Victoria/361/2011": {
      "H3N2 A/Perth/16/2009": 1.0
    },
    "H3N2 A/Sydney/5/1997": {
      "H3N2 A/Nanchang/933/1995": 0.13398702442646027,
      "H3N2 A/New York/55/2004": 0.18359540402889252,
      "H3N2 A/Panama/2007/1999": 1.0
    },
    "H3N2 A/New York/55/2004": {
      "H3N2 A/Uruguay/716/2007": 1.0,
      "H3N2 A/Victoria/361/2011": 0.10450278222560883,
      "H3N2 A/Sydney/5/1997": 0.16493169963359833,
      "H3N2 A/Panama/2007/1999": 0.1315569132566452
    },
    "H3N2 A/Panama/2007/1999": {
      "H3N2 A/Nanchang/933/1995": 0.27667784690856934,
      "H3N2 A/Sydney/5/1997": 1.0,
      "H3N2 A/New York/55/2004": 0.1732845902442932
    },
    "H3N2 A/Perth/16/2009": {
      "H3N2 A/Uruguay/716/2007": 0.3490321636199951,
      "H3N2 A/Victoria/361/2011": 1.0
    }
  },
  "H3N2 A/Perth/16/2009": {
    "H3N2 A/Uruguay/716/2007": {
      "H3N2 A/Victoria/361/2011": 0.29571592807769775,
      "H3N2 A/New York/55/2004": 1.0,
      "H3N2 A/Wisconsin/67/2005": 0.3744390308856964
    },
    "H3N2 A/Nanchang/933/1995": {
      "H3N2 A/Sydney/5/1997": 0.5497077107429504,
      "H3N2 A/Panama/2007/1999": 1.0
    },
    "H3N2 A/Victoria/361/2011": {
      "H3N2 A/Uruguay/716/2007": 1.0,
      "H3N2 A/Sydney/5/1997": 0.1304396390914917,
      "H3N2 A/New York/55/2004": 0.26630526781082153,
      "H3N2 A/Wisconsin/67/2005": 0.5130839943885803
    },