{
  "H3N2 A/Sydney/5/1997": {
    "H3N2 A/Hong Kong/4801/2014": {
      "H3N2 A/Hong Kong/1/1968": 0.10482226312160492,
      "H3N2 A/Texas/50/2012": 1.0
    },
    "H3N2 A/Hong Kong/1/1968": {
      "H3N2 A/Hong Kong/4801/2014": 0.33786508440971375,
      "H3N2 A/New York/55/2004": 0.1008538082242012,
      "H3N2 A/Texas/1/1977": 1.0
    },
    "H3N2 A/New York/55/2004": {
      "H3N2 A/Hong Kong/4801/2014": 0.23097340762615204,
      "H3N2 A/Texas/50/2012": 1.0
    },
    "H3N2 A/Texas/50/2012": {
      "H3N2 A/Hong Kong/4801/2014": 1.0,
      "H3N2 A/New York/55/2004": 0.23621636629104614
    },
    "H3N2 A/Texas/1/1977": {
      "H3N2 A/Hong Kong/4801/2014": 0.1466783583164215,
      "H3N2 A/Hong Kong/1/1968": 1.0
    }
  },
  "H3N2 A/Hong Kong/4801/2014": {
    "H3N2 A/Sydney/5/1997": {
      "H3N2 A/New York/55/2004": 1.0
    },
    "H3N2 A/Hong Kong/1/1968": {
      "H3N2 A/Texas/1/1977": 1.0
    },
    "H3N2 A/New York/55/2004": {
      "H3N2 A/Sydney/5/1997": 0.93666011095047,
      "H3N2 A/Texas/50/2012": 1.0
    },
    "H3N2 A/Texas/50/2012": {
      "H3N2 A/New York/55/2004": 1.0
    },
    "H3N2 A/Texas/1/1977": {
      "H3N2 A/Hong Kong/1/1968": 1.0,
      "H3N2 A/Texas/50/2012": 0.10974893718957901
    }
  },
  "H3N2 A/Hong Kong/1/1968": {
    "H3N2 A/Sydney/5/1997": {
      "H3N2 A/New York/55/2004": 1.0
    },
    "H3N2 A/Hong Kong/4801/2014": {
      "H3N2 A/New York/55/2004": 0.15557190775871277,
      "H3N2 A/Texas/50/2012": 1.0
    },
    "H3N2 A/New York/55/2004": {
      "H3N2 A/Sydney/5/1997": 1.0,
      "H3N2 A/Hong Kong/4801/2014": 0.3073830008506775,
      "H3N2 A/Texas/50/2012": 0.4464958906173706
    },
    "H3N2 A/Texas/50/2012": {
      "H3N2 A/Hong Kong/4801/2014": 1.0,
      "H3N2 A/New York/55/2004": 0.2919233739376068
    },
    "H3N2 A/Texas/1/1977": {
      "H3N2 A/Sydney/5/1997": 0.3309800922870636,
      "H3N2 A/Hong Kong/4801/2014": 0.2367655634880066,
      "H3N2 A/New York/55/2004": 1.0,
      "H3N2 A/Texas/50/2012": 0.6760687232017517
    }
  },
  "H3N2 A/New York/55/2004": {
    "H3N2 A/Sydney/5/1997": {
      "H3N2 A/Hong Kong/1/1968": 0.30621230602264404,
      "H3N2 A/Texas/50/2012": 1.0
    },
    "H3N2 A/Hong Kong/4801/2014": {
      "H3N2 A/Texas/50/2012": 1.0
    },
    "H3N2 A/Hong Kong/1/1968": {
      "H3N2 A/Hong Kong/4801/2014": 0.35619863867759705,
      "H3N2 A/Texas/1/1977": 1.0
    },
    "H3N2 A/Texas/50/2012": {
      "H3N2 A/Hong Kong/4801/2014": 1.0
    },
    "H3N2 A/Texas/1/1977": {
      "H3N2 A/Hong Kong/4801/2014": 0.11225657165050507,
      "H3N2 A/Hong Kong/1/1968": 1.0
    }
  },
  "H3N2 A/Texas/50/2012": {
    "H3N2 A/Sydney/5/1997": {
      "H3N2 A/New York/55/2004": 1.0
    },
    "H3N2 A/Hong Kong/4801/2014": {
      "H3N2 A/Hong Kong/1/1968": 0.11468154937028885,
      "H3N2 A/New York/55/2004": 1.0
    },
    "H3N2 A/Hong Kong/1/1968": {
      "H3N2 A/Hong Kong/4801/2014": 0.26752638816833496,
      "H3N2 A/Texas/1/1977": 1.0
    },
    "H3N2 A/New York/55/2004": {
      "H3N2 A/Sydney/5/1997": 1.0,
      "H3N2 A/Hong Kong/4801/2014": 0.9725427031517029
    },
    "H3N2 A/Texas/1/1977": {
      "H3N2 A/Hong Kong/4801/2014": 0.2006235271692276,
      "H3N2 A/Hong Kong/1/1968": 1.0
    }
  },
  "H3N2 A/Texas/1/1977": {
    "H3N2 A/Sydney/5/1997": {
      "H3N2 A/New York/55/2004": 1.0
    },
    "H3N2 A/Hong Kong/4801/2014": {
      "H3N2 A/New York/55/2004": 0.15067937970161438,
      "H3N2 A/Texas/50/2012": 1.0
    },
    "H3N2 A/Hong Kong/1/1968": {
      "H3N2 A/Sydney/5/1997": 0.10026640444993973,
      "H3N2 A/Hong Kong/4801/2014": 1.0,
      "H3N2 A/Texas/50/2012": 0.18709392845630646
    },
    "H3N2 A/New York/55/2004": {
      "H3N2 A/Sydney/5/1997": 1.0,
      "H3N2 A/Hong Kong/4801/2014": 0.28304365277290344,
      "H3N2 A/Texas/50/2012": 0.444988876581192
    },
    "H3N2 A/Texas/50/2012": {
      "H3N2 A/Hong Kong/4801/2014": 1.0,
      "H3N2 A/New York/55/2004": 0.2590685486793518
    }
  }
}