{
  "H3N2 A/Perth/16/2009": {
    "H3N2 A/Victoria/361/2011": {
      "H3N2 A/Texas/50/2012": 0.4604859948158264,
      "H3N2 A/Switzerland/9715293/2013": 1.0,
      "H3N2 A/Singapore/INFIMH-160019/2016": 0.6052982211112976,
      "H3N2 A/Wisconsin/67/2005": 0.18443730473518372
    },
    "H3N2 A/Hong Kong/4801/2014": {
      "H3N2 A/Switzerland/9715293/2013": 0.1559024155139923,
      "H3N2 A/Singapore/INFIMH-160019/2016": 1.0
    },
    "H3N2 A/New York/55/2004": {
      "H3N2 A/Uruguay/716/2007": 1.0,
      "H3N2 A/Wisconsin/67/2005": 0.4333544373512268
    },
    "H3N2 A/Texas/50/2012": {
      "H3N2 A/Victoria/361/2011": 0.5825890898704529,
      "H3N2 A/Hong Kong/4801/2014": 0.5452374219894409,
      "H3N2 A/Uruguay/716/2007": 0.6572204232215881,
      "H3N2 A/Singapore/INFIMH-160019/2016": 1.0
    },
    "H3N2 A/Switzerland/9715293/2013": {
      "H3N2 A/Victoria/361/2011": 1.0,
      "H3N2 A/Hong Kong/4801/2014": 0.700918972492218,
      "H3N2 A/Singapore/INFIMH-160019/2016": 0.16339346766471863
    },
    "H3N2 A/Uruguay/716/2007": {
      "H3N2 A/New York/55/2004": 1.0,
      "H3N2 A/Texas/50/2012": 0.2237183302640915,
      "H3N2 A/Singapore/INFIMH-160019/2016": 0.2302360236644745,
      "H3N2 A/Wisconsin/67/2005": 0.4243781268596649
    },
    "H3N2 A/Singapore/INFIMH-160019/2016": {
      "H3N2 A/Victoria/361/2011": 0.187946155667305,
      "H3N2 A/Hong Kong/4801/2014": 1.0,
      "H3N2 A/Texas/50/2012": 0.1912161409854889,
      "H3N2 A/Uruguay/716/2007": 0.18228909373283386
    },
    "H3N2 A/Wisconsin/67/2005": {
      "H3N2 A/Victoria/361/2011": 0.35550758242607117,
      "H3N2 A/New York/55/2004": 1.0,
      "H3N2 A/Uruguay/716/2007": 0.9037125110626221
    }
  },
  "H3N2 A/Victoria/361/2011": {
    "H3N2 A/Perth/16/2009": {
      "H3N2 A/Hong Kong/4801/2014": 0.3080255091190338,
      "H3N2 A/Texas/50/2012": 1.0,
      "H3N2 A/Switzerland/9715293/2013": 0.4182000160217285,
      "H3N2 A/Uruguay/716/2007": 0.3778921365737915,
      "H3N2 A/Singapore/INFIMH-160019/2016": 0.7239910960197449
    },
    "H3N2 A/Hong Kong/4801/2014": {
      "H3N2 A/Perth/16/2009": 0.255587100982666,
      "H3N2 A/Switzerland/9715293/2013": 0.13429957628250122,
      "H3N2 A/Singapore/INFIMH-160019/2016": 1.0
    },
    "H3N2 A/New York/55/2004": {
      "H3N2 A/Uruguay/716/2007": 1.0,
      "H3N2 A/Wisconsin/67/2005": 0.4958222508430481
    },
    "H3N2 A/Texas/50/2012": {
      "H3N2 A/Perth/16/2009": 1.0,
      "H3N2 A/Uruguay/716/2007": 0.10665993392467499,
      "H3N2 A/Singapore/INFIMH-160019/2016": 0.2035258710384369
    },
    "H3N2 A/Switzerland/9715293/2013": {
      "H3N2 A/Perth/16/2009": 1.0,
      "H3N2 A/Hong Kong/4801/2014": 0.8686409592628479,
      "H3N2 A/Texas/50/2012": 0.11172108352184296,
      "H3N2 A/Uruguay/716/2007": 0.1333940625190735,
      "H3N2 A/Singapore/INFIMH-160019/2016": 0.24941521883010864,
      "H3N2 A/Wisconsin/67/2005": 0.1046786680817604
    },
    "H3N2 A/Uruguay/716/2007": {
      "H3N2 A/Perth/16/2009": 0.29312169551849365,
      "H3N2 A/New York/55/2004": 1.0,
      "H3N2 A/Texas/50/2012": 0.11794716119766235,
      "H3N2 A/Singapore/INFIMH-160019/2016": 0.13272544741630554,
      "H3N2 A/Wisconsin/67/2005": 0.43350520730018616
    },
    "H3N2 A/Singapore/INFIMH-160019/2016": {
      "H3N2 A/Perth/16/2009": 0.45340684056282043,
      "H3N2 A/Hong Kong/4801/2014": 1.0,
      "H3N2 A/Texas/50/2012": 0.11595547199249268,
      "H3N2 A/Uruguay/716/2007": 0.11376608908176422
    },
    "H3N2 A/Wisconsin/67/2005": {
      "H3N2 A/New York/55/2004": 1.0,
      "H3N2 A/Switzerland/9715293/2013": 0.10951629281044006,
      "H3N2 A/Uruguay/716/2007": 0.8740017414093018
    }
  },
  "H3N2 A/Hong Kong/4801/2014": {
    "H3N2 A/Perth/16/2009": {
      "H3N2 A/Victoria/361/2011": 0.4565066695213318,
      "H3N2 A/Texas/50/2012": 1.0,
      "H3N2 A/Switzerland/9715293/2013": 0.3575635254383087,
      "H3N2 A/Uruguay/716/2007": 0.4553307294845581,
      "H3N2 A/Singapore/INFIMH-160019/2016": 0.957364559173584
    },
    "H3N2 A/Victoria/361/2011": {
      "H3N2 A/Perth/16/2009": 0.9527742266654968,
      "H3N2 A/Texas/50/2012": 0.2106965184211731,
      "H3N2 A/Switzerland/9715293/2013": 1.0,
      "H3N2 A/Singapore/INFIMH-160019/2016": 0.5730920433998108,
      "H3N2 A/Wisconsin/67/2005": 0.2141316831111908
    },
    "H3N2 A/New York/55/2004": {
      "H3N2 A/Uruguay/716/2007": 1.0,
      "H3N2 A/Wisconsin/67/2005": 0.48990124464035034
    },
    "H3N2 A/Texas/50/2012": {
      "H3N2 A/Perth/16/2009": 1.0,
      "H3N2 A/Uruguay/716/2007": 0.11144672334194183,
      "H3N2 A/Singapore/INFIMH-160019/2016": 0.2574614882469177
    },
    "H3N2 A/Switzerland/9715293/2013": {
      "H3N2 A/Perth/16/2009": 0.6980868577957153,
      "H3N2 A/Victoria/361/2011": 1.0,
      "H3N2 A/Singapore/INFIMH-160019/2016": 0.38763657212257385
    },
    "H3N2 A/Uruguay/716/2007": {
      "H3N2 A/Perth/16/2009": 0.33849984407424927,
      "H3N2 A/New York/55/2004": 1.0,
      "H3N2 A/Texas/50/2012": 0.11943350732326508,
      "H3N2 A/Singapore/INFIMH-160019/2016": 0.2161327600479126,
      "H3N2 A/Wisconsin/67/2005": 0.43570348620414734
    },
    "H3N2 A/Singapore/INFIMH-160019/2016": {
      "H3N2 A/Perth/16/2009": 1.0,
      "H3N2 A/Victoria/361/2011": 0.2803746461868286,
      "H3N2 A/Texas/50/2012": 0.2338794469833374,
      "H3N2 A/Switzerland/9715293/2013": 0.17176735401153564,
      "H3N2 A/Uruguay/716/2007": 0.25108930468559265
    },
    "H3N2 A/Wisconsin/67/2005": {
      "H3N2 A/Victoria/361/2011": 0.3365097939968109,
      "H3N2 A/New York/55/2004": 1.0,
      "H3N2 A/Uruguay/716/2007": 0.8602344393730164
    }
  },
  "H3N2 A/New York/55/2004": {
    "H3N2 A/Perth/16/2009": {
      "H3N2 A/Victoria/361/2011": 0.4476599395275116,
      "H3N2 A/Hong Kong/4801/2014": 0.3224629759788513,
      "H3N2 A/Texas/50/2012": 1.0,
      "H3N2 A/Switzerland/9715293/2013": 0.2891468107700348,
      "H3N2 A/Uruguay/716/2007": 0.4830997884273529,
      "H3N2 A/Singapore/INFIMH-160019/2016": 0.6156811118125916
    },
    "H3N2 A/Victoria/361/2011": {
      "H3N2 A/Perth/16/2009": 0.9263061881065369,
      "H3N2 A/Texas/50/2012": 0.23952624201774597,
      "H3N2 A/Switzerland/9715293/2013": 1.0,
      "H3N2 A/Singapore/INFIMH-160019/2016": 0.5005404353141785,
      "H3N2 A/Wisconsin/67/2005": 0.3249107301235199
    },
    "H3N2 A/Hong Kong/4801/2014": {
      "H3N2 A/Perth/16/2009": 0.21607880294322968,
      "H3N2 A/Switzerland/9715293/2013": 0.12611082196235657,
      "H3N2 A/Singapore/INFIMH-160019/2016": 1.0
    },
    "H3N2 A/Texas/50/2012": {
      "H3N2 A/Perth/16/2009": 1.0,
      "H3N2 A/Singapore/INFIMH-160019/2016": 0.16816426813602448
    },
    "H3N2 A/Switzerland/9715293/2013": {
      "H3N2 A/Perth/16/2009": 0.5547230243682861,
      "H3N2 A/Victoria/361/2011": 1.0,
      "H3N2 A/Hong Kong/4801/2014": 0.7605202198028564,
      "H3N2 A/Texas/50/2012": 0.14371423423290253,
      "H3N2 A/Uruguay/716/2007": 0.22677485644817352
    },
    "H3N2 A/Uruguay/716/2007": {
      "H3N2 A/Perth/16/2009": 0.35548561811447144,
      "H3N2 A/Switzerland/9715293/2013": 0.10540825128555298,
      "H3N2 A/Singapore/INFIMH-160019/2016": 0.11150010675191879,
      "H3N2 A/Wisconsin/67/2005": 1.0
    },
    "H3N2 A/Singapore/INFIMH-160019/2016": {
      "H3N2 A/Perth/16/2009": 0.3498052656650543,
      "H3N2 A/Victoria/361/2011": 0.12180855125188828,
      "H3N2 A/Hong Kong/4801/2014": 1.0
    },
    "H3N2 A/Wisconsin/67/2005": {
      "H3N2 A/Victoria/361/2011": 0.23304449021816254,
      "H3N2 A/Uruguay/716/2007": 1.0
    }
  },
  "H3N2 A/Texas/50/2012": {
    "H3N2 A/Perth/16/2009": {
      "H3N2 A/Victoria/361/2011": 0.7287959456443787,
      "H3N2 A/Hong Kong/4801/2014": 0.508449375629425,
      "H3N2 A/Switzerland/9715293/2013": 0.2863965630531311,
      "H3N2 A/Uruguay/716/2007": 0.6257023811340332,
      "H3N2 A/Singapore/INFIMH-160019/2016": 1.0
    },
    "H3N2 A/Victoria/361/2011": {
      "H3N2 A/Perth/16/2009": 1.0,