{
  "H3N2 A/Perth/16/2009": {
    "H3N2 A/Mississippi/1/1985": {
      "H3N2 A/Hong Kong/4801/2014": 0.13402491807937622,
      "H3N2 A/Texas/1/1977": 1.0
    },
    "H3N2 A/Hong Kong/4801/2014": {
      "H3N2 A/Texas/50/2012": 1.0,
      "H3N2 A/Texas/1/1977": 0.17914944887161255
    },
    "H3N2 A/Hong Kong/1/1968": {
      "H3N2 A/Mississippi/1/1985": 1.0,
      "H3N2 A/Hong Kong/4801/2014": 0.6139342188835144,
      "H3N2 A/Texas/1/1977": 0.49650508165359497
    },
    "H3N2 A/Texas/50/2012": {
      "H3N2 A/Hong Kong/4801/2014": 1.0
    },
    "H3N2 A/Texas/1/1977": {
      "H3N2 A/Mississippi/1/1985": 1.0,
      "H3N2 A/Hong Kong/4801/2014": 0.1506453901529312
    }
  },
  "H3N2 A/Mississippi/1/1985": {
    "H3N2 A/Perth/16/2009": {
      "H3N2 A/Hong Kong/4801/2014": 0.8075816035270691,
      "H3N2 A/Texas/50/2012": 1.0
    },
    "H3N2 A/Hong Kong/4801/2014": {
      "H3N2 A/Perth/16/2009": 1.0
    },
    "H3N2 A/Hong Kong/1/1968": {
      "H3N2 A/Perth/16/2009": 0.25950953364372253,
      "H3N2 A/Hong Kong/4801/2014": 0.14197270572185516,
      "H3N2 A/Texas/50/2012": 0.15435293316841125,
      "H3N2 A/Texas/1/1977": 1.0
    },
    "H3N2 A/Texas/50/2012": {
      "H3N2 A/Perth/16/2009": 1.0
    },
    "H3N2 A/Texas/1/1977": {
      "H3N2 A/Hong Kong/4801/2014": 0.21220043301582336,
      "H3N2 A/Hong Kong/1/1968": 1.0
    }
  },
  "H3N2 A/Hong Kong/4801/2014": {
    "H3N2 A/Perth/16/2009": {
      "H3N2 A/Texas/50/2012": 1.0
    },
    "H3N2 A/Mississippi/1/1985": {
      "H3N2 A/Perth/16/2009": 0.12316146492958069,
      "H3N2 A/Texas/1/1977": 1.0
    },
    "H3N2 A/Hong Kong/1/1968": {
      "H3N2 A/Perth/16/2009": 0.8397959470748901,
      "H3N2 A/Mississippi/1/1985": 1.0,
      "H3N2 A/Texas/50/2012": 0.2440776526927948,
      "H3N2 A/Texas/1/1977": 0.46121788024902344
    },
    "H3N2 A/Texas/50/2012": {
      "H3N2 A/Perth/16/2009": 1.0
    },
    "H3N2 A/Texas/1/1977": {
      "H3N2 A/Perth/16/2009": 0.16289964318275452,
      "H3N2 A/Mississippi/1/1985": 1.0
    }
  },
  "H3N2 A/Hong Kong/1/1968": {
    "H3N2 A/Perth/16/2009": {
      "H3N2 A/Hong Kong/4801/2014": 0.7182574272155762,
      "H3N2 A/Texas/50/2012": 1.0
    },
    "H3N2 A/Mississippi/1/1985": {
      "H3N2 A/Texas/1/1977": 1.0
    },
    "H3N2 A/Hong Kong/4801/2014": {
      "H3N2 A/Perth/16/2009": 1.0
    },
    "H3N2 A/Texas/50/2012": {
      "H3N2 A/Perth/16/2009": 1.0,
      "H3N2 A/Hong Kong/4801/2014": 0.10252997279167175
    },
    "H3N2 A/Texas/1/1977": {
      "H3N2 A/Mississippi/1/1985": 1.0
    }
  },
  "H3N2 A/Texas/50/2012": {
    "H3N2 A/Perth/16/2009": {
      "H3N2 A/Hong Kong/4801/2014": 1.0
    },
    "H3N2 A/Mississippi/1/1985": {
      "H3N2 A/Texas/1/1977": 1.0
    },
    "H3N2 A/Hong Kong/4801/2014": {
      "H3N2 A/Perth/16/2009": 1.0
    },
    "H3N2 A/Hong Kong/1/1968": {
      "H3N2 A/Perth/16/2009": 0.20709022879600525,
      "H3N2 A/Mississippi/1/1985": 1.0,
      "H3N2 A/Hong Kong/4801/2014": 0.16434729099273682,
      "H3N2 A/Texas/1/1977": 0.681775689125061
    },
    "H3N2 A/Texas/1/1977": {
      "H3N2 A/Mississippi/1/1985": 1.0
    }
  },
  "H3N2 A/Texas/1/1977": {
    "H3N2 A/Perth/16/2009": {
      "H3N2 A/Hong Kong/4801/2014": 0.7059934735298157,
      "H3N2 A/Texas/50/2012": 1.0
    },
    "H3N2 A/Mississippi/1/1985": {
      "H3N2 A/Perth/16/2009": 0.19135764241218567,
      "H3N2 A/Hong Kong/4801/2014": 0.5263357162475586,
      "H3N2 A/Hong Kong/1/1968": 1.0,
      "H3N2 A/Texas/50/2012": 0.6108114719390869
    },
    "H3N2 A/Hong Kong/4801/2014": {
      "H3N2 A/Perth/16/2009": 1.0
    },
    "H3N2 A/Hong Kong/1/1968": {
      "H3N2 A/Perth/16/2009": 0.18961651623249054,
      "H3N2 A/Mississippi/1/1985": 1.0,
      "H3N2 A/Texas/50/2012": 0.16269144415855408
    },
    "H3N2 A/Texas/50/2012": {
      "H3N2 A/Perth/16/2009": 1.0,
      "H3N2 A/Hong Kong/4801/2014": 0.12672390043735504
    }
  }
}