{
  "H3N2 A/Perth/16/2009": {
    "H3N2 A/Victoria/361/2011": {
      "H3N2 A/Hong Kong/4801/2014": 0.28277015686035156,
      "H3N2 A/Texas/50/2012": 0.5456253886222839,
      "H3N2 A/Switzerland/9715293/2013": 1.0,
      "H3N2 A/Wisconsin/67/2005": 0.11295955628156662
    },
    "H3N2 A/Hong Kong/4801/2014": {
      "H3N2 A/Victoria/361/2011": 0.5256683826446533,
      "H3N2 A/Texas/50/2012": 0.7636733651161194,
      "H3N2 A/Switzerland/9715293/2013": 1.0,
      "H3N2 A/Uruguay/716/2007": 0.5763006210327148
    },
    "H3N2 A/New York/55/2004": {
      "H3N2 A/Uruguay/716/2007": 1.0,
      "H3N2 A/Wisconsin/67/2005": 0.4569026529788971
    },
    "H3N2 A/Texas/50/2012": {
      "H3N2 A/Victoria/361/2011": 0.7494845390319824,
      "H3N2 A/Hong Kong/4801/2014": 1.0,
      "H3N2 A/Uruguay/716/2007": 0.6444763541221619
    },
    "H3N2 A/Switzerland/9715293/2013": {
      "H3N2 A/Victoria/361/2011": 1.0,
      "H3N2 A/Hong Kong/4801/2014": 0.9196271300315857
    },
    "H3N2 A/Uruguay/716/2007": {
      "H3N2 A/Hong Kong/4801/2014": 0.31203049421310425,
      "H3N2 A/New York/55/2004": 1.0,
      "H3N2 A/Texas/50/2012": 0.3471127450466156,
      "H3N2 A/Wisconsin/67/2005": 0.39082008600234985
    },
    "H3N2 A/Wisconsin/67/2005": {
      "H3N2 A/Victoria/361/2011": 0.2991182208061218,
      "H3N2 A/New York/55/2004": 1.0,
      "H3N2 A/Uruguay/716/2007": 0.807877779006958
    }
  },
  "H3N2 A/Victoria/361/2011": {
    "H3N2 A/Perth/16/2009": {
      "H3N2 A/Hong Kong/4801/2014": 0.5973838567733765,
      "H3N2 A/Texas/50/2012": 1.0,
      "H3N2 A/Switzerland/9715293/2013": 0.44764313101768494,
      "H3N2 A/Uruguay/716/2007": 0.4377785921096802
    },
    "H3N2 A/Hong Kong/4801/2014": {
      "H3N2 A/Perth/16/2009": 1.0,
      "H3N2 A/Texas/50/2012": 0.13412757217884064,
      "H3N2 A/Switzerland/9715293/2013": 0.39789459109306335,
      "H3N2 A/Uruguay/716/2007": 0.1595975160598755
    },
    "H3N2 A/New York/55/2004": {
      "H3N2 A/Uruguay/716/2007": 1.0,
      "H3N2 A/Wisconsin/67/2005": 0.5182009935379028
    },
    "H3N2 A/Texas/50/2012": {
      "H3N2 A/Perth/16/2009": 1.0,
      "H3N2 A/Hong Kong/4801/2014": 0.1444135308265686,
      "H3N2 A/Uruguay/716/2007": 0.10765992105007172
    },
    "H3N2 A/Switzerland/9715293/2013": {
      "H3N2 A/Perth/16/2009": 0.9726117849349976,
      "H3N2 A/Hong Kong/4801/2014": 1.0
    },
    "H3N2 A/Uruguay/716/2007": {
      "H3N2 A/Perth/16/2009": 0.46845462918281555,
      "H3N2 A/Hong Kong/4801/2014": 0.14673344790935516,
      "H3N2 A/New York/55/2004": 1.0,
      "H3N2 A/Texas/50/2012": 0.15274018049240112,
      "H3N2 A/Wisconsin/67/2005": 0.4210151433944702
    },
    "H3N2 A/Wisconsin/67/2005": {
      "H3N2 A/New York/55/2004": 1.0,
      "H3N2 A/Uruguay/716/2007": 0.8322637677192688
    }
  },
  "H3N2 A/Hong Kong/4801/2014": {
    "H3N2 A/Perth/16/2009": {
      "H3N2 A/Victoria/361/2011": 0.5574571490287781,
      "H3N2 A/Texas/50/2012": 1.0,
      "H3N2 A/Switzerland/9715293/2013": 0.40447998046875,
      "H3N2 A/Uruguay/716/2007": 0.5672773718833923
    },
    "H3N2 A/Victoria/361/2011": {
      "H3N2 A/Perth/16/2009": 1.0,
      "H3N2 A/Texas/50/2012": 0.23969332873821259,
      "H3N2 A/Switzerland/9715293/2013": 0.8425011038780212,
      "H3N2 A/Wisconsin/67/2005": 0.11325336992740631
    },
    "H3N2 A/New York/55/2004": {
      "H3N2 A/Uruguay/716/2007": 1.0,
      "H3N2 A/Wisconsin/67/2005": 0.5388033390045166
    },
    "H3N2 A/Texas/50/2012": {
      "H3N2 A/Perth/16/2009": 1.0,
      "H3N2 A/Uruguay/716/2007": 0.11917112022638321
    },
    "H3N2 A/Switzerland/9715293/2013": {
      "H3N2 A/Perth/16/2009": 0.8856034874916077,
      "H3N2 A/Victoria/361/2011": 1.0
    },
    "H3N2 A/Uruguay/716/2007": {
      "H3N2 A/Perth/16/2009": 0.673746645450592,
      "H3N2 A/New York/55/2004": 1.0,
      "H3N2 A/Texas/50/2012": 0.1926058828830719,
      "H3N2 A/Wisconsin/67/2005": 0.41086453199386597
    },
    "H3N2 A/Wisconsin/67/2005": {
      "H3N2 A/Victoria/361/2011": 0.2589889466762543,
      "H3N2 A/New York/55/2004": 1.0,
      "H3N2 A/Uruguay/716/2007": 0.7282689809799194
    }
  },
  "H3N2 A/New York/55/2004": {
    "H3N2 A/Perth/16/2009": {
      "H3N2 A/Victoria/361/2011": 0.5095672011375427,
      "H3N2 A/Hong Kong/4801/2014": 0.596928596496582,
      "H3N2 A/Texas/50/2012": 1.0,
      "H3N2 A/Switzerland/9715293/2013": 0.286441445350647,
      "H3N2 A/Uruguay/716/2007": 0.5498084425926208
    },
    "H3N2 A/Victoria/361/2011": {
      "H3N2 A/Perth/16/2009": 1.0,
      "H3N2 A/Hong Kong/4801/2014": 0.1762857437133789,
      "H3N2 A/Texas/50/2012": 0.2549252510070801,
      "H3N2 A/Switzerland/9715293/2013": 0.9086127281188965,
      "H3N2 A/Wisconsin/67/2005": 0.22563128173351288
    },
    "H3N2 A/Hong Kong/4801/2014": {
      "H3N2 A/Perth/16/2009": 1.0,
      "H3N2 A/Victoria/361/2011": 0.15089555084705353,
      "H3N2 A/Texas/50/2012": 0.1734890639781952,
      "H3N2 A/Switzerland/9715293/2013": 0.38787782192230225,
      "H3N2 A/Uruguay/716/2007": 0.15302497148513794
    },
    "H3N2 A/Texas/50/2012": {
      "H3N2 A/Perth/16/2009": 1.0,
      "H3N2 A/Hong Kong/4801/2014": 0.1431015580892563
    },
    "H3N2 A/Switzerland/9715293/2013": {
      "H3N2 A/Perth/16/2009": 0.6246733069419861,
      "H3N2 A/Victoria/361/2011": 1.0,
      "H3N2 A/Hong Kong/4801/2014": 0.9544623494148254,
      "H3N2 A/Texas/50/2012": 0.11204209178686142,
      "H3N2 A/Uruguay/716/2007": 0.17491059005260468
    },
    "H3N2 A/Uruguay/716/2007": {
      "H3N2 A/Perth/16/2009": 0.5216104984283447,
      "H3N2 A/Hong Kong/4801/2014": 0.10272776335477829,
      "H3N2 A/Texas/50/2012": 0.11108652502298355,
      "H3N2 A/Switzerland/9715293/2013": 0.10325832664966583,
      "H3N2 A/Wisconsin/67/2005": 1.0
    },
    "H3N2 A/Wisconsin/67/2005": {
      "H3N2 A/Victoria/361/2011": 0.22065871953964233,
      "H3N2 A/Uruguay/716/2007": 1.0
    }
  },
  "H3N2 A/Texas/50/2012": {
    "H3N2 A/Perth/16/2009": {
      "H3N2 A/Victoria/361/2011": 0.9288061261177063,
      "H3N2 A/Hong Kong/4801/2014": 1.0,
      "H3N2 A/Switzerland/9715293/2013": 0.32296714186668396,
      "H3N2 A/Uruguay/716/2007": 0.8002434372901917
    },
    "H3N2 A/Victoria/361/2011": {
      "H3N2 A/Perth/16/2009": 1.0,
      "H3N2 A/Hong Kong/4801/2014": 0.15473027527332306,
      "H3N2 A/Switzerland/9715293/2013": 0.5954848527908325,
      "H3N2 A/Wisconsin/67/2005": 0.13134048879146576
    },
    "H3N2 A/Hong Kong/4801/2014": {
      "H3N2 A/Perth/16/2009": 1.0,
      "H3N2 A/Victoria/361/2011": 0.1302303522825241,
      "H3N2 A/Switzerland/9715293/2013": 0.28419023752212524,
      "H3N2 A/Uruguay/716/2007": 0.17758378386497498
    },
    "H3N2 A/New York/55/2004": {
      "H3N2 A/Uruguay/716/2007": 1.0,
      "H3N2 A/Wisconsin/67/2005": 0.4865792989730835
    },
    "H3N2 A/Switzerland/9715293/2013": {
      "H3N2 A/Perth/16/2009": 0.4717162847518921,
      "H3N2 A/Victoria/361/2011": 1.0,
      "H3N2 A/Hong Kong/4801/2014": 0.9105973839759827,
      "H3N2 A/Uruguay/716/2007": 0.12435364723205566
    },
    "H3N2 A/Uruguay/716/2007": {
      "H3N2 A/Perth/16/2009": 0.6546092629432678,
      "H3N2 A/Hong Kong/4801/2014": 0.1908801645040512,
      "H3N2 A/New York/55/2004": 1.0,
      "H3N2 A/Wisconsin/67/2005": 0.4468255937099457
    },
    "H3N2 A/Wisconsin/67/2005": {
      "H3N2 A/Victoria/361/2011": 0.3549780249595642,
      "H3N2 A/New York/55/2004": 1.0,
      "H3N2 A/Uruguay/716/2007": 0.874686062335968
    }
  },
  "H3N2 A/Switzerland/9715293/2013": {
    "H3N2 A/Perth/16/2009": {
      "H3N2 A/Victoria/361/2011": 0.9696519374847412,
      "H3N2 A/Hong Kong/4801/2014": 1.0,
      "H3N2 A/Texas/50/2012": 0.9333752393722534,
      "H3N2 A/Uruguay/716/2007": 0.39681729674339294
    },
    "H3N2 A/Victoria/361/2011": {
      "H3N2 A/Perth/16/2009": 1.0,
      "H3N2 A/Hong Kong/4801/2014": 0.3070099353790283,
      "H3N2 A/Wisconsin/67/2005": 0.1407734453678131
    },