{
  "H3N2 A/Perth/16/2009": {
    "H3N2 A/Panama/2007/1999": {
      "H3N2 A/Sydney/5/1997": 1.0
    },
    "H3N2 A/Sydney/5/1997": {
      "H3N2 A/Panama/2007/1999": 1.0
    },
    "H3N2 A/Texas/50/2012": {
      "H3N2 A/Panama/2007/1999": 0.2003459930419922,
      "H3N2 A/Switzerland/9715293/2013": 1.0,
      "H3N2 A/Wisconsin/67/2005": 0.4990590512752533
    },
    "H3N2 A/Switzerland/9715293/2013": {
      "H3N2 A/Texas/50/2012": 1.0,
      "H3N2 A/Wisconsin/67/2005": 0.26989102363586426
    },
    "H3N2 A/Wisconsin/67/2005": {
      "H3N2 A/Sydney/5/1997": 0.4708990752696991,
      "H3N2 A/Texas/50/2012": 1.0,
      "H3N2 A/Switzerland/9715293/2013": 0.32044702768325806
    }
  },
  "H3N2 A/Panama/2007/1999": {
    "H3N2 A/Perth/16/2009": {
      "H3N2 A/Texas/50/2012": 1.0,
      "H3N2 A/Switzerland/9715293/2013": 0.34097734093666077
    },
    "H3N2 A/Sydney/5/1997": {
      "H3N2 A/Texas/50/2012": 0.12128382176160812,
      "H3N2 A/Switzerland/9715293/2013": 0.2564312219619751,
      "H3N2 A/Wisconsin/67/2005": 1.0
    },
    "H3N2 A/Texas/50/2012": {
      "H3N2 A/Perth/16/2009": 1.0
    },
    "H3N2 A/Switzerland/9715293/2013": {
      "H3N2 A/Perth/16/2009": 1.0
    },
    "H3N2 A/Wisconsin/67/2005": {
      "H3N2 A/Perth/16/2009": 1.0,
      "H3N2 A/Sydney/5/1997": 0.9354515671730042,
      "H3N2 A/Texas/50/2012": 0.5401614904403687,
      "H3N2 A/Switzerland/9715293/2013": 0.10646066069602966
    }
  },
  "H3N2 A/Sydney/5/1997": {
    "H3N2 A/Perth/16/2009": {
      "H3N2 A/Texas/50/2012": 1.0,
      "H3N2 A/Switzerland/9715293/2013": 0.33928391337394714
    },
    "H3N2 A/Panama/2007/1999": {
      "H3N2 A/Texas/50/2012": 0.5848264694213867,
      "H3N2 A/Switzerland/9715293/2013": 0.40974023938179016,
      "H3N2 A/Wisconsin/67/2005": 1.0
    },
    "H3N2 A/Texas/50/2012": {
      "H3N2 A/Perth/16/2009": 1.0
    },
    "H3N2 A/Switzerland/9715293/2013": {
      "H3N2 A/Perth/16/2009": 1.0
    },
    "H3N2 A/Wisconsin/67/2005": {
      "H3N2 A/Perth/16/2009": 1.0,
      "H3N2 A/Panama/2007/1999": 0.638941764831543,
      "H3N2 A/Texas/50/2012": 0.4902670979499817
    }
  },
  "H3N2 A/Texas/50/2012": {
    "H3N2 A/Perth/16/2009": {
      "H3N2 A/Switzerland/9715293/2013": 1.0,
      "H3N2 A/Wisconsin/67/2005": 0.26129475235939026
    },
    "H3N2 A/Panama/2007/1999": {
      "H3N2 A/Sydney/5/1997": 1.0
    },
    "H3N2 A/Sydney/5/1997": {
      "H3N2 A/Panama/2007/1999": 1.0
    },
    "H3N2 A/Switzerland/9715293/2013": {
      "H3N2 A/Perth/16/2009": 1.0
    },
    "H3N2 A/Wisconsin/67/2005": {
      "H3N2 A/Perth/16/2009": 1.0,
      "H3N2 A/Sydney/5/1997": 0.3860313594341278
    }
  },
  "H3N2 A/Switzerland/9715293/2013": {
    "H3N2 A/Perth/16/2009": {
      "H3N2 A/Texas/50/2012": 1.0
    },
    "H3N2 A/Panama/2007/1999": {
      "H3N2 A/Sydney/5/1997": 1.0
    },
    "H3N2 A/Sydney/5/1997": {
      "H3N2 A/Panama/2007/1999": 1.0
    },
    "H3N2 A/Texas/50/2012": {
      "H3N2 A/Perth/16/2009": 1.0
    },
    "H3N2 A/Wisconsin/67/2005": {
      "H3N2 A/Perth/16/2009": 1.0,
      "H3N2 A/Sydney/5/1997": 0.5060122013092041,
      "H3N2 A/Texas/50/2012": 0.345216304063797
    }
  },
  "H3N2 A/Wisconsin/67/2005": {
    "H3N2 A/Perth/16/2009": {
      "H3N2 A/Texas/50/2012": 1.0,
      "H3N2 A/Switzerland/9715293/2013": 0.343638151884079
    },
    "H3N2 A/Panama/2007/1999": {
      "H3N2 A/Sydney/5/1997": 1.0
    },
    "H3N2 A/Sydney/5/1997": {
      "H3N2 A/Panama/2007/1999": 1.0
    },
    "H3N2 A/Texas/50/2012": {
      "H3N2 A/Perth/16/2009": 1.0
    },
    "H3N2 A/Switzerland/9715293/2013": {
      "H3N2 A/Perth/16/2009": 1.0
    }
  }
}