{
  "H3N2 A/Shandong/9/1993": {
    "H3N2 A/Panama/2007/1999": {
      "H3N2 A/Sydney/5/1997": 1.0,
      "H3N2 A/New York/55/2004": 0.17548196017742157,
      "H3N2 A/Nanchang/933/1995": 0.29623931646347046
    },
    "H3N2 A/Perth/16/2009": {
      "H3N2 A/Victoria/361/2011": 1.0,
      "H3N2 A/Uruguay/716/2007": 0.34295856952667236
    },
    "H3N2 A/Sydney/5/1997": {
      "H3N2 A/Panama/2007/1999": 1.0,
      "H3N2 A/New York/55/2004": 0.1503048688173294,
      "H3N2 A/Nanchang/933/1995": 0.1453321874141693
    },
    "H3N2 A/Victoria/361/2011": {
      "H3N2 A/Perth/16/2009": 1.0
    },
    "H3N2 A/New York/55/2004": {
      "H3N2 A/Panama/2007/1999": 0.19661454856395721,
      "H3N2 A/Sydney/5/1997": 0.20728696882724762,
      "H3N2 A/Uruguay/716/2007": 1.0,
      "H3N2 A/Wisconsin/67/2005": 0.3947264850139618
    },
    "H3N2 A/Nanchang/933/1995": {
      "H3N2 A/Panama/2007/1999": 1.0,
      "H3N2 A/Sydney/5/1997": 0.5536128878593445
    },
    "H3N2 A/Uruguay/716/2007": {
      "H3N2 A/Perth/16/2009": 0.6624619960784912,
      "H3N2 A/New York/55/2004": 1.0,
      "H3N2 A/Wisconsin/67/2005": 0.34747880697250366
    },
    "H3N2 A/Wisconsin/67/2005": {
      "H3N2 A/Victoria/361/2011": 0.4234025478363037,
      "H3N2 A/New York/55/2004": 1.0,
      "H3N2 A/Uruguay/716/2007": 0.9665912389755249
    }
  },
  "H3N2 A/Panama/2007/1999": {
    "H3N2 A/Shandong/9/1993": {
      "H3N2 A/Nanchang/933/1995": 1.0
    },
    "H3N2 A/Perth/16/2009": {
      "H3N2 A/Victoria/361/2011": 1.0,
      "H3N2 A/Uruguay/716/2007": 0.3454687297344208
    },
    "H3N2 A/Sydney/5/1997": {
      "H3N2 A/New York/55/2004": 0.8137362003326416,
      "H3N2 A/Nanchang/933/1995": 1.0
    },
    "H3N2 A/Victoria/361/2011": {
      "H3N2 A/Perth/16/2009": 1.0
    },
    "H3N2 A/New York/55/2004": {
      "H3N2 A/Sydney/5/1997": 0.4688076972961426,
      "H3N2 A/Uruguay/716/2007": 1.0,
      "H3N2 A/Wisconsin/67/2005": 0.41215381026268005
    },
    "H3N2 A/Nanchang/933/1995": {
      "H3N2 A/Shandong/9/1993": 0.9791622757911682,
      "H3N2 A/Sydney/5/1997": 1.0
    },
    "H3N2 A/Uruguay/716/2007": {
      "H3N2 A/Perth/16/2009": 0.6837636828422546,
      "H3N2 A/New York/55/2004": 1.0,
      "H3N2 A/Wisconsin/67/2005": 0.3397704064846039
    },
    "H3N2 A/Wisconsin/67/2005": {
      "H3N2 A/Victoria/361/2011": 0.4110810160636902,
      "H3N2 A/New York/55/2004": 1.0,
      "H3N2 A/Uruguay/716/2007": 0.9813320636749268
    }
  },
  "H3N2 A/Perth/16/2009": {
    "H3N2 A/Shandong/9/1993": {
      "H3N2 A/Nanchang/933/1995": 1.0
    },
    "H3N2 A/Panama/2007/1999": {
      "H3N2 A/Sydney/5/1997": 1.0,
      "H3N2 A/New York/55/2004": 0.17927959561347961,
      "H3N2 A/Nanchang/933/1995": 0.23170578479766846
    },
    "H3N2 A/Sydney/5/1997": {
      "H3N2 A/Panama/2007/1999": 1.0,
      "H3N2 A/New York/55/2004": 0.16219840943813324,
      "H3N2 A/Nanchang/933/1995": 0.15162988007068634
    },
    "H3N2 A/Victoria/361/2011": {
      "H3N2 A/New York/55/2004": 0.23424650728702545,
      "H3N2 A/Uruguay/716/2007": 1.0,
      "H3N2 A/Wisconsin/67/2005": 0.45544230937957764
    },
    "H3N2 A/New York/55/2004": {
      "H3N2 A/Panama/2007/1999": 0.19530761241912842,
      "H3N2 A/Sydney/5/1997": 0.21587036550045013,
      "H3N2 A/Uruguay/716/2007": 1.0,
      "H3N2 A/Wisconsin/67/2005": 0.35636094212532043
    },
    "H3N2 A/Nanchang/933/1995": {
      "H3N2 A/Shandong/9/1993": 1.0,
      "H3N2 A/Panama/2007/1999": 0.5357040762901306,
      "H3N2 A/Sydney/5/1997": 0.3877187669277191
    },
    "H3N2 A/Uruguay/716/2007": {
      "H3N2 A/Victoria/361/2011": 0.3299580514431,
      "H3N2 A/New York/55/2004": 1.0,
      "H3N2 A/Wisconsin/67/2005": 0.3657170236110687
    },
    "H3N2 A/Wisconsin/67/2005": {
      "H3N2 A/Victoria/361/2011": 0.45928600430488586,
      "H3N2 A/New York/55/2004": 0.929608941078186,
      "H3N2 A/Uruguay/716/2007": 1.0
    }
  },
  "H3N2 A/Sydney/5/1997": {
    "H3N2 A/Shandong/9/1993": {
      "H3N2 A/Nanchang/933/1995": 1.0
    },
    "H3N2 A/Panama/2007/1999": {
      "H3N2 A/New York/55/2004": 0.7418798804283142,
      "H3N2 A/Nanchang/933/1995": 1.0
    },
    "H3N2 A/Perth/16/2009": {
      "H3N2 A/Victoria/361/2011": 1.0,
      "H3N2 A/Uruguay/716/2007": 0.3437385559082031
    },
    "H3N2 A/Victoria/361/2011": {
      "H3N2 A/Perth/16/2009": 1.0
    },
    "H3N2 A/New York/55/2004": {
      "H3N2 A/Panama/2007/1999": 0.4489523768424988,
      "H3N2 A/Uruguay/716/2007": 1.0,
      "H3N2 A/Wisconsin/67/2005": 0.414400190114975
    },
    "H3N2 A/Nanchang/933/1995": {
      "H3N2 A/Shandong/9/1993": 0.9027693271636963,
      "H3N2 A/Panama/2007/1999": 1.0
    },
    "H3N2 A/Uruguay/716/2007": {
      "H3N2 A/Perth/16/2009": 0.6466233134269714,
      "H3N2 A/New York/55/2004": 1.0,
      "H3N2 A/Wisconsin/67/2005": 0.3272787928581238
    },
    "H3N2 A/Wisconsin/67/2005": {
      "H3N2 A/Victoria/361/2011": 0.34510910511016846,
      "H3N2 A/New York/55/2004": 1.0,
      "H3N2 A/Uruguay/716/2007": 0.8891107439994812
    }
  },
  "H3N2 A/Victoria/361/2011": {
    "H3N2 A/Shandong/9/1993": {
      "H3N2 A/Nanchang/933/1995": 1.0
    },
    "H3N2 A/Panama/2007/1999": {
      "H3N2 A/Sydney/5/1997": 1.0,
      "H3N2 A/New York/55/2004": 0.17395298182964325,
      "H3N2 A/Nanchang/933/1995": 0.2263854593038559
    },
    "H3N2 A/Perth/16/2009": {
      "H3N2 A/Uruguay/716/2007": 1.0
    },
    "H3N2 A/Sydney/5/1997": {
      "H3N2 A/Panama/2007/1999": 1.0,
      "H3N2 A/New York/55/2004": 0.14452077448368073,
      "H3N2 A/Nanchang/933/1995": 0.15351641178131104
    },
    "H3N2 A/New York/55/2004": {
      "H3N2 A/Panama/2007/1999": 0.1930641233921051,
      "H3N2 A/Sydney/5/1997": 0.19822712242603302,
      "H3N2 A/Uruguay/716/2007": 1.0,
      "H3N2 A/Wisconsin/67/2005": 0.42449066042900085
    },
    "H3N2 A/Nanchang/933/1995": {
      "H3N2 A/Shandong/9/1993": 1.0,
      "H3N2 A/Panama/2007/1999": 0.5636230707168579,
      "H3N2 A/Sydney/5/1997": 0.39505642652511597
    },
    "H3N2 A/Uruguay/716/2007": {
      "H3N2 A/Perth/16/2009": 0.7365444302558899,
      "H3N2 A/New York/55/2004": 1.0,
      "H3N2 A/Wisconsin/67/2005": 0.34540632367134094
    },
    "H3N2 A/Wisconsin/67/2005": {
      "H3N2 A/Perth/16/2009": 0.1668766438961029,
      "H3N2 A/New York/55/2004": 1.0,
      "H3N2 A/Uruguay/716/2007": 0.9343275427818298
    }
  },
  "H3N2 A/New York/55/2004": {
    "H3N2 A/Shandong/9/1993": {
      "H3N2 A/Nanchang/933/1995": 1.0
    },
    "H3N2 A/Panama/2007/1999": {
      "H3N2 A/Sydney/5/1997": 1.0,
      "H3N2 A/Nanchang/933/1995": 0.2057727873325348
    },
    "H3N2 A/Perth/16/2009": {
      "H3N2 A/Victoria/361/2011": 1.0,
      "H3N2 A/Uruguay/716/2007": 0.35793259739875793
    },
    "H3N2 A/Sydney/5/1997": {
      "H3N2 A/Panama/2007/1999": 1.0,
      "H3N2 A/Nanchang/933/1995": 0.12610843777656555
    },
    "H3N2 A/Victoria/361/2011": {
      "H3N2 A/Perth/16/2009": 1.0
    },
    "H3N2 A/Nanchang/933/1995": {
      "H3N2 A/Shandong/9/1993": 1.0,
      "H3N2 A/Panama/2007/1999": 0.5543048977851868,
      "H3N2 A/Sydney/5/1997": 0.3899742662906647
    },
    "H3N2 A/Uruguay/716/2007": {
      "H3N2 A/Perth/16/2009": 0.9756612181663513,
      "H3N2 A/Wisconsin/67/2005": 1.0
    },
    "H3N2 A/Wisconsin/67/2005": {
      "H3N2 A/Victoria/361/2011": 0.2754071354866028,
      "H3N2 A/Uruguay/716/2007": 1.0
    }
  },
  "H3N2 A/Nanchang/933/1995": {
    "H3N2 A/Shandong/9/1993": {
      "H3N2 A/Panama/2007/1999": 1.0,
      "H3N2 A/Sydney/5/1997": 0.2293761670589447
    },
    "H3N2 A/Panama/2007/1999": {
      "H3N2 A/Sydney/5/1997": 1.0,
      "H3N2 A/New York/55/2004": 0.13592185080051422
    },
    "H3N2 A/Perth/16/2009": {
      "H3N2 A/Victoria/361/2011": 1.0,
      "H3N2 A/Uruguay/716/2007": 0.34810158610343933
    },
    "H3N2 A/Sydney/5/1997": {
      "H3N2 A/Panama/2007/1999": 1.0,
      "H3N2 A/New York/55/2004": 0.13106246292591095
    },
    "H3N2 A/Victoria/361/2011": {
      "H3N2 A/Perth/16/2009": 1.0
    },