{
  "H3N2 A/Perth/16/2009": {
    "H3N2 A/Victoria/361/2011": {
      "H3N2 A/Texas/50/2012": 1.0,
      "H3N2 A/Switzerland/9715293/2013": 0.5857495069503784,
      "H3N2 A/Uruguay/716/2007": 0.21137645840644836
    },
    "H3N2 A/Hong Kong/4801/2014": {
      "H3N2 A/Singapore/INFIMH-160019/2016": 1.0
    },
    "H3N2 A/New York/55/2004": {
      "H3N2 A/Uruguay/716/2007": 0.3790666162967682,
      "H3N2 A/Wisconsin/67/2005": 1.0
    },
    "H3N2 A/Texas/50/2012": {
      "H3N2 A/Victoria/361/2011": 0.7457192540168762,
      "H3N2 A/Hong Kong/4801/2014": 0.6538917422294617,
      "H3N2 A/Switzerland/9715293/2013": 0.4981812536716461,
      "H3N2 A/Uruguay/716/2007": 0.15166041254997253,
      "H3N2 A/Singapore/INFIMH-160019/2016": 1.0,
      "H3N2 A/Wisconsin/67/2005": 0.14797526597976685
    },
    "H3N2 A/Switzerland/9715293/2013": {
      "H3N2 A/Victoria/361/2011": 0.5051584839820862,
      "H3N2 A/Hong Kong/4801/2014": 0.708058774471283,
      "H3N2 A/Texas/50/2012": 0.4916660785675049,
      "H3N2 A/Uruguay/716/2007": 0.12407269328832626,
      "H3N2 A/Singapore/INFIMH-160019/2016": 1.0
    },
    "H3N2 A/Uruguay/716/2007": {
      "H3N2 A/Victoria/361/2011": 0.26154494285583496,
      "H3N2 A/New York/55/2004": 0.7394578456878662,
      "H3N2 A/Texas/50/2012": 0.36838027834892273,
      "H3N2 A/Switzerland/9715293/2013": 0.16184043884277344,
      "H3N2 A/Singapore/INFIMH-160019/2016": 0.12413771450519562,
      "H3N2 A/Wisconsin/67/2005": 1.0
    },
    "H3N2 A/Singapore/INFIMH-160019/2016": {
      "H3N2 A/Hong Kong/4801/2014": 1.0,
      "H3N2 A/Texas/50/2012": 0.15583458542823792,
      "H3N2 A/Switzerland/9715293/2013": 0.13878053426742554
    },
    "H3N2 A/Wisconsin/67/2005": {
      "H3N2 A/New York/55/2004": 1.0,
      "H3N2 A/Uruguay/716/2007": 0.3323217034339905
    }
  },
  "H3N2 A/Victoria/361/2011": {
    "H3N2 A/Perth/16/2009": {
      "H3N2 A/Hong Kong/4801/2014": 0.16899970173835754,
      "H3N2 A/New York/55/2004": 0.13053271174430847,
      "H3N2 A/Texas/50/2012": 1.0,
      "H3N2 A/Switzerland/9715293/2013": 0.21324001252651215,
      "H3N2 A/Singapore/INFIMH-160019/2016": 0.2965559959411621
    },
    "H3N2 A/Hong Kong/4801/2014": {
      "H3N2 A/Singapore/INFIMH-160019/2016": 1.0
    },
    "H3N2 A/New York/55/2004": {
      "H3N2 A/Uruguay/716/2007": 0.342214971780777,
      "H3N2 A/Wisconsin/67/2005": 1.0
    },
    "H3N2 A/Texas/50/2012": {
      "H3N2 A/Perth/16/2009": 1.0,
      "H3N2 A/Hong Kong/4801/2014": 0.4855574667453766,
      "H3N2 A/Switzerland/9715293/2013": 0.5021935701370239,
      "H3N2 A/Uruguay/716/2007": 0.163425013422966,
      "H3N2 A/Singapore/INFIMH-160019/2016": 0.715962827205658,
      "H3N2 A/Wisconsin/67/2005": 0.1422376185655594
    },
    "H3N2 A/Switzerland/9715293/2013": {
      "H3N2 A/Perth/16/2009": 0.20537765324115753,
      "H3N2 A/Hong Kong/4801/2014": 0.7708267569541931,
      "H3N2 A/Texas/50/2012": 0.633920431137085,
      "H3N2 A/Uruguay/716/2007": 0.10267846286296844,
      "H3N2 A/Singapore/INFIMH-160019/2016": 1.0
    },
    "H3N2 A/Uruguay/716/2007": {
      "H3N2 A/Perth/16/2009": 0.2621132731437683,
      "H3N2 A/New York/55/2004": 0.6191706657409668,
      "H3N2 A/Texas/50/2012": 0.3823072016239166,
      "H3N2 A/Switzerland/9715293/2013": 0.12216144055128098,
      "H3N2 A/Wisconsin/67/2005": 1.0
    },
    "H3N2 A/Singapore/INFIMH-160019/2016": {
      "H3N2 A/Hong Kong/4801/2014": 1.0,
      "H3N2 A/Texas/50/2012": 0.13127130270004272,
      "H3N2 A/Switzerland/9715293/2013": 0.1347469836473465
    },
    "H3N2 A/Wisconsin/67/2005": {
      "H3N2 A/New York/55/2004": 1.0,
      "H3N2 A/Uruguay/716/2007": 0.3308846056461334
    }
  },
  "H3N2 A/Hong Kong/4801/2014": {
    "H3N2 A/Perth/16/2009": {
      "H3N2 A/Victoria/361/2011": 0.4751492440700531,
      "H3N2 A/New York/55/2004": 0.13566642999649048,
      "H3N2 A/Texas/50/2012": 1.0,
      "H3N2 A/Switzerland/9715293/2013": 0.19135095179080963,
      "H3N2 A/Singapore/INFIMH-160019/2016": 0.5963813066482544
    },
    "H3N2 A/Victoria/361/2011": {
      "H3N2 A/Perth/16/2009": 0.9238322973251343,
      "H3N2 A/Texas/50/2012": 1.0,
      "H3N2 A/Switzerland/9715293/2013": 0.7420336008071899,
      "H3N2 A/Uruguay/716/2007": 0.21682432293891907
    },
    "H3N2 A/New York/55/2004": {
      "H3N2 A/Uruguay/716/2007": 0.34844404458999634,
      "H3N2 A/Wisconsin/67/2005": 1.0
    },
    "H3N2 A/Texas/50/2012": {
      "H3N2 A/Perth/16/2009": 0.6274075508117676,
      "H3N2 A/Victoria/361/2011": 0.3902803063392639,
      "H3N2 A/Switzerland/9715293/2013": 0.3857788145542145,
      "H3N2 A/Singapore/INFIMH-160019/2016": 1.0,
      "H3N2 A/Wisconsin/67/2005": 0.10873951017856598
    },
    "H3N2 A/Switzerland/9715293/2013": {
      "H3N2 A/Victoria/361/2011": 0.2564148008823395,
      "H3N2 A/Texas/50/2012": 0.31740015745162964,
      "H3N2 A/Singapore/INFIMH-160019/2016": 1.0
    },
    "H3N2 A/Uruguay/716/2007": {
      "H3N2 A/Perth/16/2009": 0.17823526263237,
      "H3N2 A/Victoria/361/2011": 0.20435898005962372,
      "H3N2 A/New York/55/2004": 0.6770074963569641,
      "H3N2 A/Texas/50/2012": 0.2698207497596741,
      "H3N2 A/Switzerland/9715293/2013": 0.1785822957754135,
      "H3N2 A/Singapore/INFIMH-160019/2016": 0.12190087139606476,
      "H3N2 A/Wisconsin/67/2005": 1.0
    },
    "H3N2 A/Singapore/INFIMH-160019/2016": {
      "H3N2 A/Perth/16/2009": 0.35934945940971375,
      "H3N2 A/Texas/50/2012": 0.8430872559547424,
      "H3N2 A/Switzerland/9715293/2013": 1.0
    },
    "H3N2 A/Wisconsin/67/2005": {
      "H3N2 A/New York/55/2004": 1.0,
      "H3N2 A/Uruguay/716/2007": 0.33849987387657166
    }
  },
  "H3N2 A/New York/55/2004": {
    "H3N2 A/Perth/16/2009": {
      "H3N2 A/Victoria/361/2011": 0.5855483412742615,
      "H3N2 A/Hong Kong/4801/2014": 0.2061099112033844,
      "H3N2 A/Texas/50/2012": 1.0,
      "H3N2 A/Switzerland/9715293/2013": 0.13713306188583374,
      "H3N2 A/Uruguay/716/2007": 0.11799861490726471,
      "H3N2 A/Singapore/INFIMH-160019/2016": 0.34292078018188477
    },
    "H3N2 A/Victoria/361/2011": {
      "H3N2 A/Perth/16/2009": 1.0,
      "H3N2 A/Texas/50/2012": 0.8510594367980957,
      "H3N2 A/Switzerland/9715293/2013": 0.6454203128814697,
      "H3N2 A/Uruguay/716/2007": 0.21417683362960815
    },
    "H3N2 A/Hong Kong/4801/2014": {
      "H3N2 A/Singapore/INFIMH-160019/2016": 1.0
    },
    "H3N2 A/Texas/50/2012": {
      "H3N2 A/Perth/16/2009": 1.0,
      "H3N2 A/Victoria/361/2011": 0.6386745572090149,
      "H3N2 A/Hong Kong/4801/2014": 0.6416118741035461,
      "H3N2 A/Switzerland/9715293/2013": 0.5007579326629639,
      "H3N2 A/Uruguay/716/2007": 0.10406152904033661,
      "H3N2 A/Singapore/INFIMH-160019/2016": 0.9553012847900391,
      "H3N2 A/Wisconsin/67/2005": 0.12588267028331757
    },
    "H3N2 A/Switzerland/9715293/2013": {
      "H3N2 A/Victoria/361/2011": 0.4727188050746918,
      "H3N2 A/Hong Kong/4801/2014": 0.7190006971359253,
      "H3N2 A/Texas/50/2012": 0.4730834662914276,
      "H3N2 A/Uruguay/716/2007": 0.23510971665382385,
      "H3N2 A/Singapore/INFIMH-160019/2016": 1.0
    },
    "H3N2 A/Uruguay/716/2007": {
      "H3N2 A/Perth/16/2009": 0.14123260974884033,
      "H3N2 A/Switzerland/9715293/2013": 0.13578858971595764,
      "H3N2 A/Wisconsin/67/2005": 1.0
    },
    "H3N2 A/Singapore/INFIMH-160019/2016": {
      "H3N2 A/Hong Kong/4801/2014": 1.0,
      "H3N2 A/Texas/50/2012": 0.12339745461940765,
      "H3N2 A/Switzerland/9715293/2013": 0.1332463175058365
    },
    "H3N2 A/Wisconsin/67/2005": {
      "H3N2 A/Uruguay/716/2007": 1.0
    }
  },
  "H3N2 A/Texas/50/2012": {
    "H3N2 A/Perth/16/2009": {
      "H3N2 A/Victoria/361/2011": 1.0,
      "H3N2 A/Hong Kong/4801/2014": 0.45129039883613586,
      "H3N2 A/New York/55/2004": 0.15066328644752502,
      "H3N2 A/Switzerland/9715293/2013": 0.4015607237815857,
      "H3N2 A/Uruguay/716/2007": 0.11368394643068314,
      "H3N2 A/Singapore/INFIMH-160019/2016": 0.8366335034370422
    },