{
  "H3N2 A/Uruguay/716/2007": {
    "H3N2 A/Victoria/361/2011": {
      "H3N2 A/Perth/16/2009": 1.0
    },
    "H3N2 A/Wisconsin/67/2005": {
      "H3N2 A/New York/55/2004": 1.0,
      "H3N2 A/Perth/16/2009": 0.12372329086065292
    },
    "H3N2 A/New York/55/2004": {
      "H3N2 A/Wisconsin/67/2005": 1.0,
      "H3N2 A/Panama/2007/1999": 0.2735731899738312
    },
    "H3N2 A/Panama/2007/1999": {
      "H3N2 A/New York/55/2004": 1.0
    },
    "H3N2 A/Perth/16/2009": {
      "H3N2 A/Victoria/361/2011": 1.0,
      "H3N2 A/Wisconsin/67/2005": 0.12705029547214508
    }
  },
  "H3N2 A/Victoria/361/2011": {
    "H3N2 A/Uruguay/716/2007": {
      "H3N2 A/Wisconsin/67/2005": 1.0,
      "H3N2 A/New York/55/2004": 0.6340627670288086,
      "H3N2 A/Perth/16/2009": 0.6893041729927063
    },
    "H3N2 A/Wisconsin/67/2005": {
      "H3N2 A/Uruguay/716/2007": 0.5752204656600952,
      "H3N2 A/New York/55/2004": 1.0,
      "H3N2 A/Perth/16/2009": 0.17807786166667938
    },
    "H3N2 A/New York/55/2004": {
      "H3N2 A/Uruguay/716/2007": 0.7421644926071167,
      "H3N2 A/Wisconsin/67/2005": 1.0,
      "H3N2 A/Panama/2007/1999": 0.7528752088546753
    },
    "H3N2 A/Panama/2007/1999": {
      "H3N2 A/Uruguay/716/2007": 0.15329082310199738,
      "H3N2 A/New York/55/2004": 1.0
    },
    "H3N2 A/Perth/16/2009": {
      "H3N2 A/Uruguay/716/2007": 1.0,
      "H3N2 A/Wisconsin/67/2005": 0.631016194820404,
      "H3N2 A/New York/55/2004": 0.24877864122390747,
      "H3N2 A/Panama/2007/1999": 0.11316770315170288
    }
  },
  "H3N2 A/Wisconsin/67/2005": {
    "H3N2 A/Uruguay/716/2007": {
      "H3N2 A/Victoria/361/2011": 0.1620289385318756,
      "H3N2 A/New York/55/2004": 1.0,
      "H3N2 A/Perth/16/2009": 0.3114110827445984
    },
    "H3N2 A/Victoria/361/2011": {
      "H3N2 A/Perth/16/2009": 1.0
    },
    "H3N2 A/New York/55/2004": {
      "H3N2 A/Uruguay/716/2007": 1.0,
      "H3N2 A/Panama/2007/1999": 0.4542126953601837
    },
    "H3N2 A/Panama/2007/1999": {
      "H3N2 A/New York/55/2004": 1.0
    },
    "H3N2 A/Perth/16/2009": {
      "H3N2 A/Uruguay/716/2007": 0.14741617441177368,
      "H3N2 A/Victoria/361/2011": 1.0
    }
  },
  "H3N2 A/New York/55/2004": {
    "H3N2 A/Uruguay/716/2007": {
      "H3N2 A/Victoria/361/2011": 0.10901009291410446,
      "H3N2 A/Wisconsin/67/2005": 1.0,
      "H3N2 A/Perth/16/2009": 0.241642564535141
    },
    "H3N2 A/Victoria/361/2011": {
      "H3N2 A/Perth/16/2009": 1.0
    },
    "H3N2 A/Wisconsin/67/2005": {
      "H3N2 A/Uruguay/716/2007": 1.0,
      "H3N2 A/Perth/16/2009": 0.11128172278404236
    },
    "H3N2 A/Panama/2007/1999": {
      "H3N2 A/Wisconsin/67/2005": 1.0
    },
    "H3N2 A/Perth/16/2009": {
      "H3N2 A/Uruguay/716/2007": 0.11850745230913162,
      "H3N2 A/Victoria/361/2011": 1.0
    }
  },
  "H3N2 A/Panama/2007/1999": {
    "H3N2 A/Uruguay/716/2007": {
      "H3N2 A/Victoria/361/2011": 0.22207842767238617,
      "H3N2 A/Wisconsin/67/2005": 1.0,
      "H3N2 A/New York/55/2004": 0.48340627551078796,
      "H3N2 A/Perth/16/2009": 0.3562312722206116
    },
    "H3N2 A/Victoria/361/2011": {
      "H3N2 A/Perth/16/2009": 1.0
    },
    "H3N2 A/Wisconsin/67/2005": {
      "H3N2 A/Uruguay/716/2007": 0.4648323059082031,
      "H3N2 A/New York/55/2004": 1.0
    },
    "H3N2 A/New York/55/2004": {
      "H3N2 A/Uruguay/716/2007": 0.3698354661464691,
      "H3N2 A/Wisconsin/67/2005": 1.0
    },
    "H3N2 A/Perth/16/2009": {
      "H3N2 A/Victoria/361/2011": 1.0
    }
  },
  "H3N2 A/Perth/16/2009": {
    "H3N2 A/Uruguay/716/2007": {
      "H3N2 A/Victoria/361/2011": 0.49208515882492065,
      "H3N2 A/Wisconsin/67/2005": 1.0,
      "H3N2 A/New York/55/2004": 0.7937850952148438
    },
    "H3N2 A/Victoria/361/2011": {
      "H3N2 A/Uruguay/716/2007": 1.0,
      "H3N2 A/Wisconsin/67/2005": 0.6006909012794495,
      "H3N2 A/Panama/2007/1999": 0.11666276305913925
    },
    "H3N2 A/Wisconsin/67/2005": {
      "H3N2 A/Uruguay/716/2007": 0.5622509717941284,
      "H3N2 A/Victoria/361/2011": 0.1477554887533188,
      "H3N2 A/New York/55/2004": 1.0
    },
    "H3N2 A/New York/55/2004": {
      "H3N2 A/Uruguay/716/2007": 0.7061943411827087,
      "H3N2 A/Wisconsin/67/2005": 1.0,
      "H3N2 A/Panama/2007/1999": 0.6412839889526367
    },
    "H3N2 A/Panama/2007/1999": {
      "H3N2 A/Uruguay/716/2007": 0.16509190201759338,
      "H3N2 A/New York/55/2004": 1.0
    }
  }
}