{
  "H3N2 A/Perth/16/2009": {
    "H3N2 A/Panama/2007/1999": {
      "H3N2 A/New York/55/2004": 1.0,
      "H3N2 A/Uruguay/716/2007": 0.1651017963886261
    },
    "H3N2 A/Victoria/361/2011": {
      "H3N2 A/Panama/2007/1999": 0.11667648702859879,
      "H3N2 A/Uruguay/716/2007": 1.0,
      "H3N2 A/Wisconsin/67/2005": 0.6006765961647034
    },
    "H3N2 A/New York/55/2004": {
      "H3N2 A/Panama/2007/1999": 0.6412838697433472,
      "H3N2 A/Uruguay/716/2007": 0.7062133550643921,
      "H3N2 A/Wisconsin/67/2005": 1.0
    },
    "H3N2 A/Uruguay/716/2007": {
      "H3N2 A/Victoria/361/2011": 0.4920978248119354,
      "H3N2 A/New York/55/2004": 0.7937861680984497,
      "H3N2 A/Wisconsin/67/2005": 1.0
    },
    "H3N2 A/Wisconsin/67/2005": {
      "H3N2 A/Victoria/361/2011": 0.14775286614894867,
      "H3N2 A/New York/55/2004": 1.0,
      "H3N2 A/Uruguay/716/2007": 0.5622408390045166
    }
  },
  "H3N2 A/Panama/2007/1999": {
    "H3N2 A/Perth/16/2009": {
      "H3N2 A/Victoria/361/2011": 1.0
    },
    "H3N2 A/Victoria/361/2011": {
      "H3N2 A/Perth/16/2009": 1.0
    },
    "H3N2 A/New York/55/2004": {
      "H3N2 A/Uruguay/716/2007": 0.3698391914367676,
      "H3N2 A/Wisconsin/67/2005": 1.0
    },
    "H3N2 A/Uruguay/716/2007": {
      "H3N2 A/Perth/16/2009": 0.35623878240585327,
      "H3N2 A/Victoria/361/2011": 0.22208142280578613,
      "H3N2 A/New York/55/2004": 0.48341578245162964,
      "H3N2 A/Wisconsin/67/2005": 1.0
    },
    "H3N2 A/Wisconsin/67/2005": {
      "H3N2 A/New York/55/2004": 1.0,
      "H3N2 A/Uruguay/716/2007": 0.4648367464542389
    }
  },
  "H3N2 A/Victoria/361/2011": {
    "H3N2 A/Perth/16/2009": {
      "H3N2 A/Panama/2007/1999": 0.11316791921854019,
      "H3N2 A/New York/55/2004": 0.2487824410200119,
      "H3N2 A/Uruguay/716/2007": 1.0,
      "H3N2 A/Wisconsin/67/2005": 0.6310073137283325
    },
    "H3N2 A/Panama/2007/1999": {
      "H3N2 A/New York/55/2004": 1.0,
      "H3N2 A/Uruguay/716/2007": 0.15329816937446594
    },
    "H3N2 A/New York/55/2004": {
      "H3N2 A/Panama/2007/1999": 0.7529083490371704,
      "H3N2 A/Uruguay/716/2007": 0.7422396540641785,
      "H3N2 A/Wisconsin/67/2005": 1.0
    },
    "H3N2 A/Uruguay/716/2007": {
      "H3N2 A/Perth/16/2009": 0.6893033385276794,
      "H3N2 A/New York/55/2004": 0.6340505480766296,
      "H3N2 A/Wisconsin/67/2005": 1.0
    },
    "H3N2 A/Wisconsin/67/2005": {
      "H3N2 A/Perth/16/2009": 0.17807729542255402,
      "H3N2 A/New York/55/2004": 1.0,
      "H3N2 A/Uruguay/716/2007": 0.5752159357070923
    }
  },
  "H3N2 A/New York/55/2004": {
    "H3N2 A/Perth/16/2009": {
      "H3N2 A/Victoria/361/2011": 1.0,
      "H3N2 A/Uruguay/716/2007": 0.1185099184513092
    },
    "H3N2 A/Panama/2007/1999": {
      "H3N2 A/Wisconsin/67/2005": 1.0
    },
    "H3N2 A/Victoria/361/2011": {
      "H3N2 A/Perth/16/2009": 1.0
    },
    "H3N2 A/Uruguay/716/2007": {
      "H3N2 A/Perth/16/2009": 0.24164457619190216,
      "H3N2 A/Victoria/361/2011": 0.10901191085577011,
      "H3N2 A/Wisconsin/67/2005": 1.0
    },
    "H3N2 A/Wisconsin/67/2005": {
      "H3N2 A/Perth/16/2009": 0.11128061264753342,
      "H3N2 A/Uruguay/716/2007": 1.0
    }
  },
  "H3N2 A/Uruguay/716/2007": {
    "H3N2 A/Perth/16/2009": {
      "H3N2 A/Victoria/361/2011": 1.0,
      "H3N2 A/Wisconsin/67/2005": 0.12705077230930328
    },
    "H3N2 A/Panama/2007/1999": {
      "H3N2 A/New York/55/2004": 1.0
    },
    "H3N2 A/Victoria/361/2011": {
      "H3N2 A/Perth/16/2009": 1.0
    },
    "H3N2 A/New York/55/2004": {
      "H3N2 A/Panama/2007/1999": 0.2735762894153595,
      "H3N2 A/Wisconsin/67/2005": 1.0
    },
    "H3N2 A/Wisconsin/67/2005": {
      "H3N2 A/Perth/16/2009": 0.12372453510761261,
      "H3N2 A/New York/55/2004": 1.0
    }
  },
  "H3N2 A/Wisconsin/67/2005": {
    "H3N2 A/Perth/16/2009": {
      "H3N2 A/Victoria/361/2011": 1.0,
      "H3N2 A/Uruguay/716/2007": 0.14741265773773193
    },
    "H3N2 A/Panama/2007/1999": {
      "H3N2 A/New York/55/2004": 1.0
    },
    "H3N2 A/Victoria/361/2011": {
      "H3N2 A/Perth/16/2009": 1.0
    },
    "H3N2 A/New York/55/2004": {
      "H3N2 A/Panama/2007/1999": 0.4542163908481598,
      "H3N2 A/Uruguay/716/2007": 1.0
    },
    "H3N2 A/Uruguay/716/2007": {
      "H3N2 A/Perth/16/2009": 0.31140977144241333,
      "H3N2 A/Victoria/361/2011": 0.16203191876411438,
      "H3N2 A/New York/55/2004": 1.0
    }
  }
}