{
  "H3N2 A/Perth/16/2009": {
    "H3N2 A/Victoria/361/2011": {
      "H3N2 A/Hong Kong/4801/2014": 0.1336006373167038,
      "H3N2 A/Texas/50/2012": 1.0,
      "H3N2 A/Switzerland/9715293/2013": 0.5927257537841797,
      "H3N2 A/Uruguay/716/2007": 0.19785799086093903
    },
    "H3N2 A/Hong Kong/4801/2014": {
      "H3N2 A/Texas/50/2012": 0.8860626816749573,
      "H3N2 A/Switzerland/9715293/2013": 1.0
    },
    "H3N2 A/New York/55/2004": {
      "H3N2 A/Uruguay/716/2007": 0.3634733259677887,
      "H3N2 A/Wisconsin/67/2005": 1.0
    },
    "H3N2 A/Texas/50/2012": {
      "H3N2 A/Victoria/361/2011": 0.47020423412323,
      "H3N2 A/Hong Kong/4801/2014": 1.0,
      "H3N2 A/Switzerland/9715293/2013": 0.4864315390586853,
      "H3N2 A/Uruguay/716/2007": 0.12485457956790924,
      "H3N2 A/Wisconsin/67/2005": 0.11061576008796692
    },
    "H3N2 A/Switzerland/9715293/2013": {
      "H3N2 A/Victoria/361/2011": 0.29485130310058594,
      "H3N2 A/Hong Kong/4801/2014": 1.0,
      "H3N2 A/Texas/50/2012": 0.46033790707588196
    },
    "H3N2 A/Uruguay/716/2007": {
      "H3N2 A/Victoria/361/2011": 0.27283328771591187,
      "H3N2 A/New York/55/2004": 0.6765223741531372,
      "H3N2 A/Texas/50/2012": 0.44826650619506836,
      "H3N2 A/Switzerland/9715293/2013": 0.12704700231552124,
      "H3N2 A/Wisconsin/67/2005": 1.0
    },
    "H3N2 A/Wisconsin/67/2005": {
      "H3N2 A/New York/55/2004": 1.0,
      "H3N2 A/Texas/50/2012": 0.10459788143634796,
      "H3N2 A/Uruguay/716/2007": 0.3422882556915283
    }
  },
  "H3N2 A/Victoria/361/2011": {
    "H3N2 A/Perth/16/2009": {
      "H3N2 A/Hong Kong/4801/2014": 0.36080074310302734,
      "H3N2 A/New York/55/2004": 0.10182727873325348,
      "H3N2 A/Texas/50/2012": 1.0,
      "H3N2 A/Switzerland/9715293/2013": 0.24944333732128143
    },
    "H3N2 A/Hong Kong/4801/2014": {
      "H3N2 A/Perth/16/2009": 0.2896714210510254,
      "H3N2 A/Texas/50/2012": 0.7488188147544861,
      "H3N2 A/Switzerland/9715293/2013": 1.0
    },
    "H3N2 A/New York/55/2004": {
      "H3N2 A/Uruguay/716/2007": 0.32636308670043945,
      "H3N2 A/Wisconsin/67/2005": 1.0
    },
    "H3N2 A/Texas/50/2012": {
      "H3N2 A/Perth/16/2009": 1.0,
      "H3N2 A/Hong Kong/4801/2014": 0.971351146697998,
      "H3N2 A/Switzerland/9715293/2013": 0.6170787811279297,
      "H3N2 A/Uruguay/716/2007": 0.1616881787776947,
      "H3N2 A/Wisconsin/67/2005": 0.1394086629152298
    },
    "H3N2 A/Switzerland/9715293/2013": {
      "H3N2 A/Perth/16/2009": 0.16420982778072357,
      "H3N2 A/Hong Kong/4801/2014": 1.0,
      "H3N2 A/Texas/50/2012": 0.5180415511131287
    },
    "H3N2 A/Uruguay/716/2007": {
      "H3N2 A/Perth/16/2009": 0.2995886206626892,
      "H3N2 A/New York/55/2004": 0.5632558465003967,
      "H3N2 A/Texas/50/2012": 0.4331827759742737,
      "H3N2 A/Switzerland/9715293/2013": 0.10681598633527756,
      "H3N2 A/Wisconsin/67/2005": 1.0
    },
    "H3N2 A/Wisconsin/67/2005": {
      "H3N2 A/New York/55/2004": 1.0,
      "H3N2 A/Texas/50/2012": 0.10215175896883011,
      "H3N2 A/Uruguay/716/2007": 0.33739495277404785
    }
  },
  "H3N2 A/Hong Kong/4801/2014": {
    "H3N2 A/Perth/16/2009": {
      "H3N2 A/Victoria/361/2011": 0.3254829943180084,
      "H3N2 A/Texas/50/2012": 1.0,
      "H3N2 A/Switzerland/9715293/2013": 0.30078044533729553
    },
    "H3N2 A/Victoria/361/2011": {
      "H3N2 A/Perth/16/2009": 0.8304244875907898,
      "H3N2 A/Texas/50/2012": 1.0,
      "H3N2 A/Switzerland/9715293/2013": 0.7824696898460388,
      "H3N2 A/Uruguay/716/2007": 0.1945691853761673
    },
    "H3N2 A/New York/55/2004": {
      "H3N2 A/Uruguay/716/2007": 0.32630062103271484,
      "H3N2 A/Wisconsin/67/2005": 1.0
    },
    "H3N2 A/Texas/50/2012": {
      "H3N2 A/Perth/16/2009": 1.0,
      "H3N2 A/Victoria/361/2011": 0.42085933685302734,
      "H3N2 A/Switzerland/9715293/2013": 0.8713158965110779,
      "H3N2 A/Uruguay/716/2007": 0.14315971732139587,
      "H3N2 A/Wisconsin/67/2005": 0.1504473239183426
    },
    "H3N2 A/Switzerland/9715293/2013": {
      "H3N2 A/Perth/16/2009": 0.2780364453792572,
      "H3N2 A/Victoria/361/2011": 0.36879393458366394,
      "H3N2 A/Texas/50/2012": 1.0
    },
    "H3N2 A/Uruguay/716/2007": {
      "H3N2 A/Perth/16/2009": 0.2421211451292038,
      "H3N2 A/Victoria/361/2011": 0.22270886600017548,
      "H3N2 A/New York/55/2004": 0.6012548208236694,
      "H3N2 A/Texas/50/2012": 0.3684938848018646,
      "H3N2 A/Switzerland/9715293/2013": 0.10527058690786362,
      "H3N2 A/Wisconsin/67/2005": 1.0
    },
    "H3N2 A/Wisconsin/67/2005": {
      "H3N2 A/New York/55/2004": 1.0,
      "H3N2 A/Texas/50/2012": 0.12356332689523697,
      "H3N2 A/Uruguay/716/2007": 0.3571522533893585
    }
  },
  "H3N2 A/New York/55/2004": {
    "H3N2 A/Perth/16/2009": {
      "H3N2 A/Victoria/361/2011": 0.469228059053421,
      "H3N2 A/Hong Kong/4801/2014": 0.42831382155418396,
      "H3N2 A/Texas/50/2012": 1.0,
      "H3N2 A/Switzerland/9715293/2013": 0.17811188101768494,
      "H3N2 A/Uruguay/716/2007": 0.10539650917053223
    },
    "H3N2 A/Victoria/361/2011": {
      "H3N2 A/Perth/16/2009": 1.0,
      "H3N2 A/Texas/50/2012": 0.9124367237091064,
      "H3N2 A/Switzerland/9715293/2013": 0.6937386989593506,
      "H3N2 A/Uruguay/716/2007": 0.21166953444480896
    },
    "H3N2 A/Hong Kong/4801/2014": {
      "H3N2 A/Perth/16/2009": 0.2917129099369049,
      "H3N2 A/Texas/50/2012": 0.7319641709327698,
      "H3N2 A/Switzerland/9715293/2013": 1.0
    },
    "H3N2 A/Texas/50/2012": {
      "H3N2 A/Perth/16/2009": 0.812243640422821,
      "H3N2 A/Victoria/361/2011": 0.426789790391922,
      "H3N2 A/Hong Kong/4801/2014": 1.0,
      "H3N2 A/Switzerland/9715293/2013": 0.5155377388000488
    },
    "H3N2 A/Switzerland/9715293/2013": {
      "H3N2 A/Victoria/361/2011": 0.2685944736003876,
      "H3N2 A/Hong Kong/4801/2014": 1.0,
      "H3N2 A/Texas/50/2012": 0.42474469542503357,
      "H3N2 A/Uruguay/716/2007": 0.12843544781208038
    },
    "H3N2 A/Uruguay/716/2007": {
      "H3N2 A/Perth/16/2009": 0.1542898416519165,
      "H3N2 A/Texas/50/2012": 0.10161136090755463,
      "H3N2 A/Switzerland/9715293/2013": 0.12945249676704407,
      "H3N2 A/Wisconsin/67/2005": 1.0
    },
    "H3N2 A/Wisconsin/67/2005": {
      "H3N2 A/Uruguay/716/2007": 1.0
    }
  },
  "H3N2 A/Texas/50/2012": {
    "H3N2 A/Perth/16/2009": {
      "H3N2 A/Victoria/361/2011": 0.8162546753883362,
      "H3N2 A/Hong Kong/4801/2014": 1.0,
      "H3N2 A/New York/55/2004": 0.10139267146587372,
      "H3N2 A/Switzerland/9715293/2013": 0.5236985683441162,
      "H3N2 A/Uruguay/716/2007": 0.12611106038093567
    },
    "H3N2 A/Victoria/361/2011": {
      "H3N2 A/Perth/16/2009": 1.0,
      "H3N2 A/Hong Kong/4801/2014": 0.1647421419620514,
      "H3N2 A/Switzerland/9715293/2013": 0.7211775183677673,
      "H3N2 A/Uruguay/716/2007": 0.2049156278371811
    },
    "H3N2 A/Hong Kong/4801/2014": {
      "H3N2 A/Perth/16/2009": 0.3821881115436554,
      "H3N2 A/Switzerland/9715293/2013": 1.0
    },
    "H3N2 A/New York/55/2004": {
      "H3N2 A/Uruguay/716/2007": 0.337250292301178,
      "H3N2 A/Wisconsin/67/2005": 1.0
    },
    "H3N2 A/Switzerland/9715293/2013": {
      "H3N2 A/Perth/16/2009": 0.15882627665996552,
      "H3N2 A/Victoria/361/2011": 0.2756497263908386,
      "H3N2 A/Hong Kong/4801/2014": 1.0
    },
    "H3N2 A/Uruguay/716/2007": {
      "H3N2 A/Perth/16/2009": 0.30363550782203674,
      "H3N2 A/Victoria/361/2011": 0.28148433566093445,
      "H3N2 A/Hong Kong/4801/2014": 0.12116282433271408,
      "H3N2 A/New York/55/2004": 0.5331626534461975,
      "H3N2 A/Wisconsin/67/2005": 1.0
    },
    "H3N2 A/Wisconsin/67/2005": {
      "H3N2 A/New York/55/2004": 1.0,
      "H3N2 A/Uruguay/716/2007": 0.40588030219078064
    }
  },
  "H3N2 A/Switzerland/9715293/2013": {
    "H3N2 A/Perth/16/2009": {
      "H3N2 A/Victoria/361/2011": 0.409673810005188,
      "H3N2 A/Hong Kong/4801/2014": 0.5141400694847107,
      "H3N2 A/Texas/50/2012": 1.0
    },