{
  "H3N2 A/Perth/16/2009": {
    "H3N2 A/Panama/2007/1999": {
      "H3N2 A/New York/55/2004": 1.0,
      "H3N2 A/Uruguay/716/2007": 0.14896747469902039
    },
    "H3N2 A/Victoria/361/2011": {
      "H3N2 A/Hong Kong/4801/2014": 0.2767452299594879,
      "H3N2 A/New York/55/2004": 0.11186816543340683,
      "H3N2 A/Texas/50/2012": 1.0,
      "H3N2 A/Switzerland/9715293/2013": 0.5667394399642944,
      "H3N2 A/Uruguay/716/2007": 0.17122043669223785
    },
    "H3N2 A/Hong Kong/4801/2014": {
      "H3N2 A/Victoria/361/2011": 0.14274685084819794,
      "H3N2 A/Texas/50/2012": 0.9312583804130554,
      "H3N2 A/Switzerland/9715293/2013": 1.0
    },
    "H3N2 A/New York/55/2004": {
      "H3N2 A/Panama/2007/1999": 0.5767577886581421,
      "H3N2 A/Uruguay/716/2007": 0.6255543231964111,
      "H3N2 A/Wisconsin/67/2005": 1.0
    },
    "H3N2 A/Texas/50/2012": {
      "H3N2 A/Victoria/361/2011": 0.4597415030002594,
      "H3N2 A/Hong Kong/4801/2014": 1.0,
      "H3N2 A/Switzerland/9715293/2013": 0.47986096143722534,
      "H3N2 A/Uruguay/716/2007": 0.10809129476547241,
      "H3N2 A/Wisconsin/67/2005": 0.12006612867116928
    },
    "H3N2 A/Switzerland/9715293/2013": {
      "H3N2 A/Victoria/361/2011": 0.25732478499412537,
      "H3N2 A/Hong Kong/4801/2014": 1.0,
      "H3N2 A/Texas/50/2012": 0.4367966949939728
    },
    "H3N2 A/Uruguay/716/2007": {
      "H3N2 A/Victoria/361/2011": 0.24331410229206085,
      "H3N2 A/Hong Kong/4801/2014": 0.11047429591417313,
      "H3N2 A/New York/55/2004": 1.0,
      "H3N2 A/Texas/50/2012": 0.4444562792778015,
      "H3N2 A/Switzerland/9715293/2013": 0.13035443425178528,
      "H3N2 A/Wisconsin/67/2005": 0.9702804684638977
    },
    "H3N2 A/Wisconsin/67/2005": {
      "H3N2 A/New York/55/2004": 1.0,
      "H3N2 A/Texas/50/2012": 0.11066178977489471,
      "H3N2 A/Uruguay/716/2007": 0.38160470128059387
    }
  },
  "H3N2 A/Panama/2007/1999": {
    "H3N2 A/Perth/16/2009": {
      "H3N2 A/Victoria/361/2011": 0.4296002686023712,
      "H3N2 A/Hong Kong/4801/2014": 0.4162043631076813,
      "H3N2 A/New York/55/2004": 0.10420610010623932,
      "H3N2 A/Texas/50/2012": 1.0,
      "H3N2 A/Switzerland/9715293/2013": 0.2062288224697113
    },
    "H3N2 A/Victoria/361/2011": {
      "H3N2 A/Perth/16/2009": 0.9450963735580444,
      "H3N2 A/Texas/50/2012": 1.0,
      "H3N2 A/Switzerland/9715293/2013": 0.7214609384536743,
      "H3N2 A/Uruguay/716/2007": 0.22186173498630524
    },
    "H3N2 A/Hong Kong/4801/2014": {
      "H3N2 A/Perth/16/2009": 0.2821228504180908,
      "H3N2 A/Texas/50/2012": 0.7483375072479248,
      "H3N2 A/Switzerland/9715293/2013": 1.0
    },
    "H3N2 A/New York/55/2004": {
      "H3N2 A/Uruguay/716/2007": 0.34135356545448303,
      "H3N2 A/Wisconsin/67/2005": 1.0
    },
    "H3N2 A/Texas/50/2012": {
      "H3N2 A/Perth/16/2009": 0.8075025677680969,
      "H3N2 A/Victoria/361/2011": 0.4394180476665497,
      "H3N2 A/Hong Kong/4801/2014": 1.0,
      "H3N2 A/Switzerland/9715293/2013": 0.49079179763793945,
      "H3N2 A/Uruguay/716/2007": 0.11641355603933334,
      "H3N2 A/Wisconsin/67/2005": 0.1417989283800125
    },
    "H3N2 A/Switzerland/9715293/2013": {
      "H3N2 A/Perth/16/2009": 0.1011354997754097,
      "H3N2 A/Victoria/361/2011": 0.28025007247924805,
      "H3N2 A/Hong Kong/4801/2014": 1.0,
      "H3N2 A/Texas/50/2012": 0.40563473105430603
    },
    "H3N2 A/Uruguay/716/2007": {
      "H3N2 A/Perth/16/2009": 0.1934867799282074,
      "H3N2 A/Victoria/361/2011": 0.21698299050331116,
      "H3N2 A/New York/55/2004": 0.6443485617637634,
      "H3N2 A/Texas/50/2012": 0.294501394033432,
      "H3N2 A/Switzerland/9715293/2013": 0.1545543074607849,
      "H3N2 A/Wisconsin/67/2005": 1.0
    },
    "H3N2 A/Wisconsin/67/2005": {
      "H3N2 A/New York/55/2004": 1.0,
      "H3N2 A/Uruguay/716/2007": 0.34351590275764465
    }
  },
  "H3N2 A/Victoria/361/2011": {
    "H3N2 A/Perth/16/2009": {
      "H3N2 A/Hong Kong/4801/2014": 0.5289316773414612,
      "H3N2 A/New York/55/2004": 0.2460920214653015,
      "H3N2 A/Texas/50/2012": 1.0,
      "H3N2 A/Switzerland/9715293/2013": 0.24548916518688202
    },
    "H3N2 A/Panama/2007/1999": {
      "H3N2 A/Perth/16/2009": 0.10640396922826767,
      "H3N2 A/New York/55/2004": 1.0,
      "H3N2 A/Uruguay/716/2007": 0.16330337524414062
    },
    "H3N2 A/Hong Kong/4801/2014": {
      "H3N2 A/Perth/16/2009": 0.34949472546577454,
      "H3N2 A/Texas/50/2012": 0.7946712374687195,
      "H3N2 A/Switzerland/9715293/2013": 1.0
    },
    "H3N2 A/New York/55/2004": {
      "H3N2 A/Perth/16/2009": 0.23479536175727844,
      "H3N2 A/Panama/2007/1999": 0.6081966161727905,
      "H3N2 A/Uruguay/716/2007": 0.6013259291648865,
      "H3N2 A/Wisconsin/67/2005": 1.0
    },
    "H3N2 A/Texas/50/2012": {
      "H3N2 A/Perth/16/2009": 0.8701419830322266,
      "H3N2 A/Hong Kong/4801/2014": 1.0,
      "H3N2 A/Switzerland/9715293/2013": 0.6210957169532776,
      "H3N2 A/Uruguay/716/2007": 0.14943939447402954,
      "H3N2 A/Wisconsin/67/2005": 0.1387634426355362
    },
    "H3N2 A/Switzerland/9715293/2013": {
      "H3N2 A/Perth/16/2009": 0.1324629783630371,
      "H3N2 A/Hong Kong/4801/2014": 1.0,
      "H3N2 A/Texas/50/2012": 0.48230934143066406
    },
    "H3N2 A/Uruguay/716/2007": {
      "H3N2 A/Perth/16/2009": 0.27122482657432556,
      "H3N2 A/New York/55/2004": 0.9459205269813538,
      "H3N2 A/Texas/50/2012": 0.4545818567276001,
      "H3N2 A/Switzerland/9715293/2013": 0.11704272776842117,
      "H3N2 A/Wisconsin/67/2005": 1.0
    },
    "H3N2 A/Wisconsin/67/2005": {
      "H3N2 A/New York/55/2004": 1.0,
      "H3N2 A/Texas/50/2012": 0.1041371300816536,
      "H3N2 A/Uruguay/716/2007": 0.3807015120983124
    }
  },
  "H3N2 A/Hong Kong/4801/2014": {
    "H3N2 A/Perth/16/2009": {
      "H3N2 A/Victoria/361/2011": 0.3409261107444763,
      "H3N2 A/New York/55/2004": 0.1515589952468872,
      "H3N2 A/Texas/50/2012": 1.0,
      "H3N2 A/Switzerland/9715293/2013": 0.3198433518409729
    },
    "H3N2 A/Panama/2007/1999": {
      "H3N2 A/New York/55/2004": 1.0
    },
    "H3N2 A/Victoria/361/2011": {
      "H3N2 A/Perth/16/2009": 0.6993446946144104,
      "H3N2 A/Texas/50/2012": 1.0,
      "H3N2 A/Switzerland/9715293/2013": 0.7575017213821411,
      "H3N2 A/Uruguay/716/2007": 0.1688016802072525
    },
    "H3N2 A/New York/55/2004": {
      "H3N2 A/Perth/16/2009": 0.16900038719177246,
      "H3N2 A/Panama/2007/1999": 0.6183438897132874,
      "H3N2 A/Uruguay/716/2007": 0.5592226386070251,
      "H3N2 A/Wisconsin/67/2005": 1.0
    },
    "H3N2 A/Texas/50/2012": {
      "H3N2 A/Perth/16/2009": 1.0,
      "H3N2 A/Victoria/361/2011": 0.498375803232193,
      "H3N2 A/Switzerland/9715293/2013": 0.9547557234764099,
      "H3N2 A/Uruguay/716/2007": 0.1579774022102356,
      "H3N2 A/Wisconsin/67/2005": 0.16113223135471344
    },
    "H3N2 A/Switzerland/9715293/2013": {
      "H3N2 A/Perth/16/2009": 0.28819549083709717,
      "H3N2 A/Victoria/361/2011": 0.36431142687797546,
      "H3N2 A/Texas/50/2012": 1.0
    },
    "H3N2 A/Uruguay/716/2007": {
      "H3N2 A/Perth/16/2009": 0.25083979964256287,
      "H3N2 A/Victoria/361/2011": 0.22292745113372803,
      "H3N2 A/New York/55/2004": 0.8766329884529114,
      "H3N2 A/Texas/50/2012": 0.40323585271835327,
      "H3N2 A/Switzerland/9715293/2013": 0.10739123821258545,
      "H3N2 A/Wisconsin/67/2005": 1.0
    },
    "H3N2 A/Wisconsin/67/2005": {
      "H3N2 A/New York/55/2004": 1.0,
      "H3N2 A/Texas/50/2012": 0.12511244416236877,
      "H3N2 A/Uruguay/716/2007": 0.40081366896629333
    }
  },
  "H3N2 A/New York/55/2004": {
    "H3N2 A/Perth/16/2009": {
      "H3N2 A/Victoria/361/2011": 0.4996884763240814,
      "H3N2 A/Hong Kong/4801/2014": 0.5238078832626343,
      "H3N2 A/Texas/50/2012": 1.0,
      "H3N2 A/Switzerland/9715293/2013": 0.19189967215061188,
      "H3N2 A/Uruguay/716/2007": 0.12748906016349792
    },
    "H3N2 A/Panama/2007/1999": {
      "H3N2 A/Victoria/361/2011": 0.10857438296079636,
      "H3N2 A/Hong Kong/4801/2014": 0.42335107922554016,