{
  "H3N2 A/Hong Kong/4801/2014": {
    "H3N2 A/Panama/2007/1999": {
      "H3N2 A/Texas/50/2012": 1.0
    },
    "H3N2 A/Switzerland/9715293/2013": {
      "H3N2 A/Texas/50/2012": 1.0
    },
    "H3N2 A/Texas/50/2012": {
      "H3N2 A/Switzerland/9715293/2013": 1.0
    }
  },
  "H3N2 A/Panama/2007/1999": {
    "H3N2 A/Hong Kong/4801/2014": {
      "H3N2 A/Switzerland/9715293/2013": 0.5962973833084106,
      "H3N2 A/Texas/50/2012": 1.0
    },
    "H3N2 A/Switzerland/9715293/2013": {
      "H3N2 A/Texas/50/2012": 1.0
    },
    "H3N2 A/Texas/50/2012": {
      "H3N2 A/Switzerland/9715293/2013": 1.0
    }
  },
  "H3N2 A/Switzerland/9715293/2013": {
    "H3N2 A/Hong Kong/4801/2014": {
      "H3N2 A/Texas/50/2012": 1.0
    },
    "H3N2 A/Panama/2007/1999": {
      "H3N2 A/Texas/50/2012": 1.0
    },
    "H3N2 A/Texas/50/2012": {
      "H3N2 A/Hong Kong/4801/2014": 1.0,
      "H3N2 A/Panama/2007/1999": 0.10756063461303711
    }
  },
  "H3N2 A/Texas/50/2012": {
    "H3N2 A/Hong Kong/4801/2014": {
      "H3N2 A/Switzerland/9715293/2013": 1.0
    },
    "H3N2 A/Panama/2007/1999": {
      "H3N2 A/Hong Kong/4801/2014": 0.40906551480293274,
      "H3N2 A/Switzerland/9715293/2013": 1.0
    },
    "H3N2 A/Switzerland/9715293/2013": {
      "H3N2 A/Hong Kong/4801/2014": 1.0
    }
  }
}