{
  "H3N2 A/Kansas/14/2017": {
    "H3N2 A/Hong Kong/4801/2014": {
      "H3N2 A/Texas/50/2012": 1.0,
      "H3N2 A/Switzerland/9715293/2013": 0.5961757898330688
    },
    "H3N2 A/Texas/50/2012": {
      "H3N2 A/Switzerland/9715293/2013": 1.0
    },
    "H3N2 A/Switzerland/9715293/2013": {
      "H3N2 A/Texas/50/2012": 1.0
    }
  },
  "H3N2 A/Hong Kong/4801/2014": {
    "H3N2 A/Kansas/14/2017": {
      "H3N2 A/Switzerland/9715293/2013": 1.0
    },
    "H3N2 A/Texas/50/2012": {
      "H3N2 A/Switzerland/9715293/2013": 1.0
    },
    "H3N2 A/Switzerland/9715293/2013": {
      "H3N2 A/Kansas/14/2017": 0.21829375624656677,
      "H3N2 A/Texas/50/2012": 1.0
    }
  },
  "H3N2 A/Texas/50/2012": {
    "H3N2 A/Kansas/14/2017": {
      "H3N2 A/Switzerland/9715293/2013": 1.0
    },
    "H3N2 A/Hong Kong/4801/2014": {
      "H3N2 A/Switzerland/9715293/2013": 1.0
    },
    "H3N2 A/Switzerland/9715293/2013": {
      "H3N2 A/Kansas/14/2017": 1.0,
      "H3N2 A/Hong Kong/4801/2014": 0.5082688331604004
    }
  },
  "H3N2 A/Switzerland/9715293/2013": {
    "H3N2 A/Kansas/14/2017": {
      "H3N2 A/Hong Kong/4801/2014": 0.33413007855415344,
      "H3N2 A/Texas/50/2012": 1.0
    },
    "H3N2 A/Hong Kong/4801/2014": {
      "H3N2 A/Kansas/14/2017": 0.10516767203807831,
      "H3N2 A/Texas/50/2012": 1.0
    },
    "H3N2 A/Texas/50/2012": {
      "H3N2 A/Kansas/14/2017": 0.5196735858917236,
      "H3N2 A/Hong Kong/4801/2014": 1.0
    }
  }
}