{
  "H3N2 A/Kansas/14/2017": {
    "H3N2 A/Hong Kong/2671/2019": {
      "H3N2 A/Hong Kong/4801/2014": 0.4142640233039856,
      "H3N2 A/South Australia/34/2019": 1.0,
      "H3N2 A/Singapore/INFIMH-160019/2016": 0.39022696018218994
    },
    "H3N2 A/Hong Kong/4801/2014": {
      "H3N2 A/South Australia/34/2019": 0.2031581848859787,
      "H3N2 A/Singapore/INFIMH-160019/2016": 1.0
    },
    "H3N2 A/South Australia/34/2019": {
      "H3N2 A/Hong Kong/2671/2019": 0.23083901405334473,
      "H3N2 A/Hong Kong/4801/2014": 1.0,
      "H3N2 A/Singapore/INFIMH-160019/2016": 0.7477115392684937
    },
    "H3N2 A/Singapore/INFIMH-160019/2016": {
      "H3N2 A/Hong Kong/4801/2014": 1.0,
      "H3N2 A/South Australia/34/2019": 0.2082429677248001
    }
  },
  "H3N2 A/Hong Kong/2671/2019": {
    "H3N2 A/Kansas/14/2017": {
      "H3N2 A/South Australia/34/2019": 0.22257409989833832,
      "H3N2 A/Singapore/INFIMH-160019/2016": 1.0
    },
    "H3N2 A/Hong Kong/4801/2014": {
      "H3N2 A/South Australia/34/2019": 0.24786539375782013,
      "H3N2 A/Singapore/INFIMH-160019/2016": 1.0
    },
    "H3N2 A/South Australia/34/2019": {
      "H3N2 A/Hong Kong/4801/2014": 1.0,
      "H3N2 A/Singapore/INFIMH-160019/2016": 0.7916620373725891
    },
    "H3N2 A/Singapore/INFIMH-160019/2016": {
      "H3N2 A/Hong Kong/4801/2014": 1.0,
      "H3N2 A/South Australia/34/2019": 0.22506706416606903
    }
  },
  "H3N2 A/Hong Kong/4801/2014": {
    "H3N2 A/Kansas/14/2017": {
      "H3N2 A/Hong Kong/2671/2019": 0.12451762706041336,
      "H3N2 A/South Australia/34/2019": 0.2087940126657486,
      "H3N2 A/Singapore/INFIMH-160019/2016": 1.0
    },
    "H3N2 A/Hong Kong/2671/2019": {
      "H3N2 A/South Australia/34/2019": 1.0,
      "H3N2 A/Singapore/INFIMH-160019/2016": 0.654897928237915
    },
    "H3N2 A/South Australia/34/2019": {
      "H3N2 A/Hong Kong/2671/2019": 0.1845986694097519,
      "H3N2 A/Singapore/INFIMH-160019/2016": 1.0
    },
    "H3N2 A/Singapore/INFIMH-160019/2016": {
      "H3N2 A/Hong Kong/2671/2019": 0.13402003049850464,
      "H3N2 A/South Australia/34/2019": 1.0
    }
  },
  "H3N2 A/South Australia/34/2019": {
    "H3N2 A/Kansas/14/2017": {
      "H3N2 A/Hong Kong/2671/2019": 0.18335144221782684,
      "H3N2 A/Singapore/INFIMH-160019/2016": 1.0
    },
    "H3N2 A/Hong Kong/2671/2019": {
      "H3N2 A/Hong Kong/4801/2014": 0.9812711477279663,
      "H3N2 A/Singapore/INFIMH-160019/2016": 1.0
    },
    "H3N2 A/Hong Kong/4801/2014": {
      "H3N2 A/Singapore/INFIMH-160019/2016": 1.0
    },
    "H3N2 A/Singapore/INFIMH-160019/2016": {
      "H3N2 A/Hong Kong/4801/2014": 1.0
    }
  },
  "H3N2 A/Singapore/INFIMH-160019/2016": {
    "H3N2 A/Kansas/14/2017": {
      "H3N2 A/Hong Kong/2671/2019": 0.40747755765914917,
      "H3N2 A/Hong Kong/4801/2014": 1.0,
      "H3N2 A/South Australia/34/2019": 0.7657133340835571
    },
    "H3N2 A/Hong Kong/2671/2019": {
      "H3N2 A/Hong Kong/4801/2014": 0.734756588935852,
      "H3N2 A/South Australia/34/2019": 1.0
    },
    "H3N2 A/Hong Kong/4801/2014": {
      "H3N2 A/Hong Kong/2671/2019": 0.12106657028198242,
      "H3N2 A/South Australia/34/2019": 1.0
    },
    "H3N2 A/South Australia/34/2019": {
      "H3N2 A/Hong Kong/2671/2019": 0.1298552006483078,
      "H3N2 A/Hong Kong/4801/2014": 1.0
    }
  }
}