{
  "H3N2 A/Kansas/14/2017": {
    "H3N2 A/Hong Kong/2671/2019": {
      "H3N2 A/Hong Kong/4801/2014": 1.0,
      "H3N2 A/South Australia/34/2019": 0.17838162183761597,
      "H3N2 A/Singapore/INFIMH-160019/2016": 0.5299195647239685
    },
    "H3N2 A/Hong Kong/4801/2014": {
      "H3N2 A/Hong Kong/2671/2019": 1.0,
      "H3N2 A/South Australia/34/2019": 0.26353034377098083,
      "H3N2 A/Singapore/INFIMH-160019/2016": 0.8722255229949951
    },
    "H3N2 A/South Australia/34/2019": {
      "H3N2 A/Hong Kong/2671/2019": 0.6488721370697021,
      "H3N2 A/Hong Kong/4801/2014": 0.9521763920783997,
      "H3N2 A/Singapore/INFIMH-160019/2016": 1.0
    },
    "H3N2 A/Singapore/INFIMH-160019/2016": {
      "H3N2 A/Hong Kong/2671/2019": 0.731185257434845,
      "H3N2 A/Hong Kong/4801/2014": 1.0,
      "H3N2 A/South Australia/34/2019": 0.5127485394477844
    }
  },
  "H3N2 A/Hong Kong/2671/2019": {
    "H3N2 A/Kansas/14/2017": {
      "H3N2 A/Hong Kong/4801/2014": 1.0,
      "H3N2 A/Singapore/INFIMH-160019/2016": 0.2931542992591858
    },
    "H3N2 A/Hong Kong/4801/2014": {
      "H3N2 A/Kansas/14/2017": 0.5308424234390259,
      "H3N2 A/South Australia/34/2019": 0.3581867218017578,
      "H3N2 A/Singapore/INFIMH-160019/2016": 1.0
    },
    "H3N2 A/South Australia/34/2019": {
      "H3N2 A/Kansas/14/2017": 0.19572164118289948,
      "H3N2 A/Hong Kong/4801/2014": 0.9159849882125854,
      "H3N2 A/Singapore/INFIMH-160019/2016": 1.0
    },
    "H3N2 A/Singapore/INFIMH-160019/2016": {
      "H3N2 A/Kansas/14/2017": 0.12330132722854614,
      "H3N2 A/Hong Kong/4801/2014": 1.0,
      "H3N2 A/South Australia/34/2019": 0.45964986085891724
    }
  },
  "H3N2 A/Hong Kong/4801/2014": {
    "H3N2 A/Kansas/14/2017": {
      "H3N2 A/Hong Kong/2671/2019": 1.0,
      "H3N2 A/Singapore/INFIMH-160019/2016": 0.32515597343444824
    },
    "H3N2 A/Hong Kong/2671/2019": {
      "H3N2 A/Kansas/14/2017": 0.6245665550231934,
      "H3N2 A/South Australia/34/2019": 0.3929675221443176,
      "H3N2 A/Singapore/INFIMH-160019/2016": 1.0
    },
    "H3N2 A/South Australia/34/2019": {
      "H3N2 A/Kansas/14/2017": 0.17827069759368896,
      "H3N2 A/Hong Kong/2671/2019": 0.5989997982978821,
      "H3N2 A/Singapore/INFIMH-160019/2016": 1.0
    },
    "H3N2 A/Singapore/INFIMH-160019/2016": {
      "H3N2 A/Kansas/14/2017": 0.1631147712469101,
      "H3N2 A/Hong Kong/2671/2019": 1.0,
      "H3N2 A/South Australia/34/2019": 0.7466266751289368
    }
  },
  "H3N2 A/South Australia/34/2019": {
    "H3N2 A/Kansas/14/2017": {
      "H3N2 A/Hong Kong/2671/2019": 1.0,
      "H3N2 A/Hong Kong/4801/2014": 0.9363012313842773,
      "H3N2 A/Singapore/INFIMH-160019/2016": 0.2043098360300064
    },
    "H3N2 A/Hong Kong/2671/2019": {
      "H3N2 A/Kansas/14/2017": 0.3557376265525818,
      "H3N2 A/Hong Kong/4801/2014": 1.0,
      "H3N2 A/Singapore/INFIMH-160019/2016": 0.6364561319351196
    },
    "H3N2 A/Hong Kong/4801/2014": {
      "H3N2 A/Kansas/14/2017": 0.40895000100135803,
      "H3N2 A/Hong Kong/2671/2019": 0.9104817509651184,
      "H3N2 A/Singapore/INFIMH-160019/2016": 1.0
    },
    "H3N2 A/Singapore/INFIMH-160019/2016": {
      "H3N2 A/Hong Kong/2671/2019": 0.6627301573753357,
      "H3N2 A/Hong Kong/4801/2014": 1.0
    }
  },
  "H3N2 A/Singapore/INFIMH-160019/2016": {
    "H3N2 A/Kansas/14/2017": {
      "H3N2 A/Hong Kong/2671/2019": 1.0,
      "H3N2 A/Hong Kong/4801/2014": 0.9613486528396606
    },
    "H3N2 A/Hong Kong/2671/2019": {
      "H3N2 A/Kansas/14/2017": 0.33523306250572205,
      "H3N2 A/Hong Kong/4801/2014": 1.0,
      "H3N2 A/South Australia/34/2019": 0.26328176259994507
    },
    "H3N2 A/Hong Kong/4801/2014": {
      "H3N2 A/Kansas/14/2017": 0.3997417688369751,
      "H3N2 A/Hong Kong/2671/2019": 1.0,
      "H3N2 A/South Australia/34/2019": 0.46329963207244873
    },
    "H3N2 A/South Australia/34/2019": {
      "H3N2 A/Kansas/14/2017": 0.11870655417442322,
      "H3N2 A/Hong Kong/2671/2019": 0.6741036176681519,
      "H3N2 A/Hong Kong/4801/2014": 1.0
    }
  }
}