{
  "H3N2 A/Kansas/14/2017": {
    "H3N2 A/Hong Kong/2671/2019": {
      "H3N2 A/Hong Kong/4801/2014": 1.0,
      "H3N2 A/South Australia/34/2019": 0.2730307877063751,
      "H3N2 A/Tasmania/503/2020": 0.9071027040481567,
      "H3N2 A/Singapore/INFIMH-160019/2016": 0.5807760953903198
    },
    "H3N2 A/Hong Kong/4801/2014": {
      "H3N2 A/Hong Kong/2671/2019": 1.0,
      "H3N2 A/South Australia/34/2019": 0.3638949394226074,
      "H3N2 A/Darwin/9/2021": 0.28407371044158936,
      "H3N2 A/Tasmania/503/2020": 0.8877328038215637,
      "H3N2 A/Singapore/INFIMH-160019/2016": 0.8247566223144531
    },
    "H3N2 A/South Australia/34/2019": {
      "H3N2 A/Hong Kong/2671/2019": 0.7043358683586121,
      "H3N2 A/Hong Kong/4801/2014": 0.9538605809211731,
      "H3N2 A/Darwin/9/2021": 0.28850218653678894,
      "H3N2 A/Tasmania/503/2020": 0.20657415688037872,
      "H3N2 A/Singapore/INFIMH-160019/2016": 1.0
    },
    "H3N2 A/Darwin/9/2021": {
      "H3N2 A/Hong Kong/2671/2019": 0.11103306710720062,
      "H3N2 A/Hong Kong/4801/2014": 1.0,
      "H3N2 A/Tasmania/503/2020": 0.585229218006134,
      "H3N2 A/Singapore/INFIMH-160019/2016": 0.9864183068275452
    },
    "H3N2 A/Tasmania/503/2020": {
      "H3N2 A/Hong Kong/2671/2019": 0.8484493494033813,
      "H3N2 A/Hong Kong/4801/2014": 1.0,
      "H3N2 A/Darwin/9/2021": 0.17819403111934662,
      "H3N2 A/Singapore/INFIMH-160019/2016": 0.4854208827018738
    },
    "H3N2 A/Singapore/INFIMH-160019/2016": {
      "H3N2 A/Hong Kong/2671/2019": 0.7605581283569336,
      "H3N2 A/Hong Kong/4801/2014": 1.0,
      "H3N2 A/South Australia/34/2019": 0.5910757780075073,
      "H3N2 A/Darwin/9/2021": 0.4216095805168152,
      "H3N2 A/Tasmania/503/2020": 0.5931408405303955
    }
  },
  "H3N2 A/Hong Kong/2671/2019": {
    "H3N2 A/Kansas/14/2017": {
      "H3N2 A/Hong Kong/4801/2014": 1.0,
      "H3N2 A/South Australia/34/2019": 0.24217066168785095,
      "H3N2 A/Tasmania/503/2020": 0.6881888508796692,
      "H3N2 A/Singapore/INFIMH-160019/2016": 0.3274500072002411
    },
    "H3N2 A/Hong Kong/4801/2014": {
      "H3N2 A/Kansas/14/2017": 0.5782458782196045,
      "H3N2 A/South Australia/34/2019": 0.42759907245635986,
      "H3N2 A/Darwin/9/2021": 0.3796726167201996,
      "H3N2 A/Tasmania/503/2020": 0.9922813177108765,
      "H3N2 A/Singapore/INFIMH-160019/2016": 1.0
    },
    "H3N2 A/South Australia/34/2019": {
      "H3N2 A/Kansas/14/2017": 0.27230432629585266,
      "H3N2 A/Hong Kong/4801/2014": 0.9448601007461548,
      "H3N2 A/Darwin/9/2021": 0.25784462690353394,
      "H3N2 A/Tasmania/503/2020": 0.21163269877433777,
      "H3N2 A/Singapore/INFIMH-160019/2016": 1.0
    },
    "H3N2 A/Darwin/9/2021": {
      "H3N2 A/Hong Kong/4801/2014": 1.0,
      "H3N2 A/South Australia/34/2019": 0.13025414943695068,
      "H3N2 A/Tasmania/503/2020": 0.5959975123405457,
      "H3N2 A/Singapore/INFIMH-160019/2016": 0.9097914695739746
    },
    "H3N2 A/Tasmania/503/2020": {
      "H3N2 A/Kansas/14/2017": 0.2629837691783905,
      "H3N2 A/Hong Kong/4801/2014": 1.0,
      "H3N2 A/Darwin/9/2021": 0.18874284625053406,
      "H3N2 A/Singapore/INFIMH-160019/2016": 0.5154592394828796
    },
    "H3N2 A/Singapore/INFIMH-160019/2016": {
      "H3N2 A/Kansas/14/2017": 0.1765894591808319,
      "H3N2 A/Hong Kong/4801/2014": 1.0,
      "H3N2 A/South Australia/34/2019": 0.5769004821777344,
      "H3N2 A/Darwin/9/2021": 0.4280010461807251,
      "H3N2 A/Tasmania/503/2020": 0.6090092062950134
    }
  },
  "H3N2 A/Hong Kong/4801/2014": {
    "H3N2 A/Kansas/14/2017": {
      "H3N2 A/Hong Kong/2671/2019": 1.0,
      "H3N2 A/South Australia/34/2019": 0.1830245852470398,
      "H3N2 A/Tasmania/503/2020": 0.6438409090042114,
      "H3N2 A/Singapore/INFIMH-160019/2016": 0.32163920998573303
    },
    "H3N2 A/Hong Kong/2671/2019": {
      "H3N2 A/Kansas/14/2017": 0.47498562932014465,
      "H3N2 A/South Australia/34/2019": 0.33577975630760193,
      "H3N2 A/Darwin/9/2021": 0.1408594846725464,
      "H3N2 A/Tasmania/503/2020": 1.0,
      "H3N2 A/Singapore/INFIMH-160019/2016": 0.7156056761741638
    },
    "H3N2 A/South Australia/34/2019": {
      "H3N2 A/Kansas/14/2017": 0.27119171619415283,
      "H3N2 A/Hong Kong/2671/2019": 0.6740372776985168,
      "H3N2 A/Darwin/9/2021": 0.28482550382614136,
      "H3N2 A/Tasmania/503/2020": 0.2335902452468872,
      "H3N2 A/Singapore/INFIMH-160019/2016": 1.0
    },
    "H3N2 A/Darwin/9/2021": {
      "H3N2 A/Hong Kong/2671/2019": 0.20372220873832703,
      "H3N2 A/South Australia/34/2019": 0.174432635307312,
      "H3N2 A/Tasmania/503/2020": 0.5842590928077698,
      "H3N2 A/Singapore/INFIMH-160019/2016": 1.0
    },
    "H3N2 A/Tasmania/503/2020": {
      "H3N2 A/Kansas/14/2017": 0.33864161372184753,
      "H3N2 A/Hong Kong/2671/2019": 1.0,
      "H3N2 A/South Australia/34/2019": 0.11720025539398193,
      "H3N2 A/Darwin/9/2021": 0.23863546550273895,
      "H3N2 A/Singapore/INFIMH-160019/2016": 0.5868252515792847
    },
    "H3N2 A/Singapore/INFIMH-160019/2016": {
      "H3N2 A/Kansas/14/2017": 0.24775156378746033,
      "H3N2 A/Hong Kong/2671/2019": 1.0,
      "H3N2 A/South Australia/34/2019": 0.7971451878547668,
      "H3N2 A/Darwin/9/2021": 0.5548319220542908,
      "H3N2 A/Tasmania/503/2020": 0.835439920425415
    }
  },
  "H3N2 A/South Australia/34/2019": {
    "H3N2 A/Kansas/14/2017": {
      "H3N2 A/Hong Kong/2671/2019": 1.0,
      "H3N2 A/Hong Kong/4801/2014": 0.8900883197784424,
      "H3N2 A/Tasmania/503/2020": 0.47529661655426025,
      "H3N2 A/Singapore/INFIMH-160019/2016": 0.2548964321613312
    },
    "H3N2 A/Hong Kong/2671/2019": {
      "H3N2 A/Kansas/14/2017": 0.4249468743801117,
      "H3N2 A/Hong Kong/4801/2014": 1.0,
      "H3N2 A/Tasmania/503/2020": 0.8516725301742554,
      "H3N2 A/Singapore/INFIMH-160019/2016": 0.6640998125076294
    },
    "H3N2 A/Hong Kong/4801/2014": {
      "H3N2 A/Kansas/14/2017": 0.5308988690376282,
      "H3N2 A/Hong Kong/2671/2019": 1.0,
      "H3N2 A/Darwin/9/2021": 0.35879114270210266,
      "H3N2 A/Tasmania/503/2020": 0.7814478278160095,
      "H3N2 A/Singapore/INFIMH-160019/2016": 0.9678816795349121
    },
    "H3N2 A/Darwin/9/2021": {
      "H3N2 A/Hong Kong/2671/2019": 0.12425928562879562,
      "H3N2 A/Hong Kong/4801/2014": 0.9770234227180481,
      "H3N2 A/Tasmania/503/2020": 0.602627694606781,
      "H3N2 A/Singapore/INFIMH-160019/2016": 1.0
    },
    "H3N2 A/Tasmania/503/2020": {
      "H3N2 A/Kansas/14/2017": 0.24801310896873474,
      "H3N2 A/Hong Kong/2671/2019": 0.8671907782554626,
      "H3N2 A/Hong Kong/4801/2014": 1.0,
      "H3N2 A/Darwin/9/2021": 0.2674436569213867,
      "H3N2 A/Singapore/INFIMH-160019/2016": 0.5241137146949768
    },
    "H3N2 A/Singapore/INFIMH-160019/2016": {
      "H3N2 A/Kansas/14/2017": 0.17194831371307373,
      "H3N2 A/Hong Kong/2671/2019": 0.7270479798316956,
      "H3N2 A/Hong Kong/4801/2014": 1.0,
      "H3N2 A/Darwin/9/2021": 0.4401814937591553,
      "H3N2 A/Tasmania/503/2020": 0.5161167979240417
    }
  },
  "H3N2 A/Darwin/9/2021": {
    "H3N2 A/Kansas/14/2017": {
      "H3N2 A/Hong Kong/2671/2019": 1.0,
      "H3N2 A/Hong Kong/4801/2014": 0.8542835116386414,
      "H3N2 A/Tasmania/503/2020": 0.5139282941818237,
      "H3N2 A/Singapore/INFIMH-160019/2016": 0.20210282504558563
    },
    "H3N2 A/Hong Kong/2671/2019": {
      "H3N2 A/Kansas/14/2017": 0.4099666178226471,
      "H3N2 A/Hong Kong/4801/2014": 1.0,
      "H3N2 A/South Australia/34/2019": 0.2248849719762802,
      "H3N2 A/Tasmania/503/2020": 0.8818745613098145,
      "H3N2 A/Singapore/INFIMH-160019/2016": 0.5960168242454529
    },
    "H3N2 A/Hong Kong/4801/2014": {
      "H3N2 A/Kansas/14/2017": 0.447284460067749,
      "H3N2 A/Hong Kong/2671/2019": 1.0,
      "H3N2 A/South Australia/34/2019": 0.36071452498435974,
      "H3N2 A/Tasmania/503/2020": 0.8745408654212952,
      "H3N2 A/Singapore/INFIMH-160019/2016": 0.9565467834472656
    },
    "H3N2 A/South Australia/34/2019": {
      "H3N2 A/Kansas/14/2017": 0.18412527441978455,