{
  "H3N2 A/Kansas/14/2017": {
    "H3N2 A/Hong Kong/2671/2019": {
      "H3N2 A/Hong Kong/4801/2014": 1.0,
      "H3N2 A/South Australia/34/2019": 0.2730256915092468,
      "H3N2 A/Tasmania/503/2020": 0.9071003794670105,
      "H3N2 A/Singapore/INFIMH-160019/2016": 0.5807608962059021
    },
    "H3N2 A/Hong Kong/4801/2014": {
      "H3N2 A/Hong Kong/2671/2019": 1.0,
      "H3N2 A/South Australia/34/2019": 0.3639100193977356,
      "H3N2 A/Darwin/9/2021": 0.28409478068351746,
      "H3N2 A/Tasmania/503/2020": 0.8877376914024353,
      "H3N2 A/Singapore/INFIMH-160019/2016": 0.8247788548469543
    },
    "H3N2 A/South Australia/34/2019": {
      "H3N2 A/Hong Kong/2671/2019": 0.7043188810348511,
      "H3N2 A/Hong Kong/4801/2014": 0.9538446664810181,
      "H3N2 A/Darwin/9/2021": 0.2884823977947235,
      "H3N2 A/Tasmania/503/2020": 0.2065615952014923,
      "H3N2 A/Singapore/INFIMH-160019/2016": 1.0
    },
    "H3N2 A/Darwin/9/2021": {
      "H3N2 A/Hong Kong/2671/2019": 0.11101776361465454,
      "H3N2 A/Hong Kong/4801/2014": 1.0,
      "H3N2 A/Tasmania/503/2020": 0.58516526222229,
      "H3N2 A/Singapore/INFIMH-160019/2016": 0.986359179019928
    },
    "H3N2 A/Tasmania/503/2020": {
      "H3N2 A/Hong Kong/2671/2019": 0.8484584093093872,
      "H3N2 A/Hong Kong/4801/2014": 1.0,
      "H3N2 A/Darwin/9/2021": 0.17821137607097626,
      "H3N2 A/Singapore/INFIMH-160019/2016": 0.4854402244091034
    },
    "H3N2 A/Singapore/INFIMH-160019/2016": {
      "H3N2 A/Hong Kong/2671/2019": 0.7605531215667725,
      "H3N2 A/Hong Kong/4801/2014": 1.0,
      "H3N2 A/South Australia/34/2019": 0.591079831123352,
      "H3N2 A/Darwin/9/2021": 0.42161545157432556,
      "H3N2 A/Tasmania/503/2020": 0.5931523442268372
    }
  },
  "H3N2 A/Hong Kong/2671/2019": {
    "H3N2 A/Kansas/14/2017": {
      "H3N2 A/Hong Kong/4801/2014": 1.0,
      "H3N2 A/South Australia/34/2019": 0.24215826392173767,
      "H3N2 A/Tasmania/503/2020": 0.6882119178771973,
      "H3N2 A/Singapore/INFIMH-160019/2016": 0.32744482159614563
    },
    "H3N2 A/Hong Kong/4801/2014": {
      "H3N2 A/Kansas/14/2017": 0.5782342553138733,
      "H3N2 A/South Australia/34/2019": 0.42759811878204346,
      "H3N2 A/Darwin/9/2021": 0.3796818256378174,
      "H3N2 A/Tasmania/503/2020": 0.9922823905944824,
      "H3N2 A/Singapore/INFIMH-160019/2016": 1.0
    },
    "H3N2 A/South Australia/34/2019": {
      "H3N2 A/Kansas/14/2017": 0.2722967863082886,
      "H3N2 A/Hong Kong/4801/2014": 0.9448767304420471,
      "H3N2 A/Darwin/9/2021": 0.25788596272468567,
      "H3N2 A/Tasmania/503/2020": 0.21163849532604218,
      "H3N2 A/Singapore/INFIMH-160019/2016": 1.0
    },
    "H3N2 A/Darwin/9/2021": {
      "H3N2 A/Hong Kong/4801/2014": 1.0,
      "H3N2 A/South Australia/34/2019": 0.13023486733436584,
      "H3N2 A/Tasmania/503/2020": 0.5959435701370239,
      "H3N2 A/Singapore/INFIMH-160019/2016": 0.9096250534057617
    },
    "H3N2 A/Tasmania/503/2020": {
      "H3N2 A/Kansas/14/2017": 0.26298603415489197,
      "H3N2 A/Hong Kong/4801/2014": 1.0,
      "H3N2 A/Darwin/9/2021": 0.18873392045497894,
      "H3N2 A/Singapore/INFIMH-160019/2016": 0.5154523849487305
    },
    "H3N2 A/Singapore/INFIMH-160019/2016": {
      "H3N2 A/Kansas/14/2017": 0.1765894591808319,
      "H3N2 A/Hong Kong/4801/2014": 1.0,
      "H3N2 A/South Australia/34/2019": 0.5769037008285522,
      "H3N2 A/Darwin/9/2021": 0.42799025774002075,
      "H3N2 A/Tasmania/503/2020": 0.609009861946106
    }
  },
  "H3N2 A/Hong Kong/4801/2014": {
    "H3N2 A/Kansas/14/2017": {
      "H3N2 A/Hong Kong/2671/2019": 1.0,
      "H3N2 A/South Australia/34/2019": 0.18302525579929352,
      "H3N2 A/Tasmania/503/2020": 0.6438446044921875,
      "H3N2 A/Singapore/INFIMH-160019/2016": 0.3216451108455658
    },
    "H3N2 A/Hong Kong/2671/2019": {
      "H3N2 A/Kansas/14/2017": 0.4750019907951355,
      "H3N2 A/South Australia/34/2019": 0.3357737064361572,
      "H3N2 A/Darwin/9/2021": 0.14086680114269257,
      "H3N2 A/Tasmania/503/2020": 1.0,
      "H3N2 A/Singapore/INFIMH-160019/2016": 0.7156322598457336
    },
    "H3N2 A/South Australia/34/2019": {
      "H3N2 A/Kansas/14/2017": 0.27118343114852905,
      "H3N2 A/Hong Kong/2671/2019": 0.6740285754203796,
      "H3N2 A/Darwin/9/2021": 0.2848374843597412,
      "H3N2 A/Tasmania/503/2020": 0.23358550667762756,
      "H3N2 A/Singapore/INFIMH-160019/2016": 1.0
    },
    "H3N2 A/Darwin/9/2021": {
      "H3N2 A/Hong Kong/2671/2019": 0.20370562374591827,
      "H3N2 A/South Australia/34/2019": 0.17445337772369385,
      "H3N2 A/Tasmania/503/2020": 0.5842372179031372,
      "H3N2 A/Singapore/INFIMH-160019/2016": 1.0
    },
    "H3N2 A/Tasmania/503/2020": {
      "H3N2 A/Kansas/14/2017": 0.3386289179325104,
      "H3N2 A/Hong Kong/2671/2019": 1.0,
      "H3N2 A/South Australia/34/2019": 0.11719675362110138,
      "H3N2 A/Darwin/9/2021": 0.23864004015922546,
      "H3N2 A/Singapore/INFIMH-160019/2016": 0.5867859125137329
    },
    "H3N2 A/Singapore/INFIMH-160019/2016": {
      "H3N2 A/Kansas/14/2017": 0.24775278568267822,
      "H3N2 A/Hong Kong/2671/2019": 1.0,
      "H3N2 A/South Australia/34/2019": 0.7971387505531311,
      "H3N2 A/Darwin/9/2021": 0.5548427700996399,
      "H3N2 A/Tasmania/503/2020": 0.8354479074478149
    }
  },
  "H3N2 A/South Australia/34/2019": {
    "H3N2 A/Kansas/14/2017": {
      "H3N2 A/Hong Kong/2671/2019": 1.0,
      "H3N2 A/Hong Kong/4801/2014": 0.8901270627975464,
      "H3N2 A/Tasmania/503/2020": 0.47532379627227783,
      "H3N2 A/Singapore/INFIMH-160019/2016": 0.2548995316028595
    },
    "H3N2 A/Hong Kong/2671/2019": {
      "H3N2 A/Kansas/14/2017": 0.4249466359615326,
      "H3N2 A/Hong Kong/4801/2014": 1.0,
      "H3N2 A/Tasmania/503/2020": 0.8516699075698853,
      "H3N2 A/Singapore/INFIMH-160019/2016": 0.6641097068786621
    },
    "H3N2 A/Hong Kong/4801/2014": {
      "H3N2 A/Kansas/14/2017": 0.5308985114097595,
      "H3N2 A/Hong Kong/2671/2019": 1.0,
      "H3N2 A/Darwin/9/2021": 0.35878413915634155,
      "H3N2 A/Tasmania/503/2020": 0.7814429998397827,
      "H3N2 A/Singapore/INFIMH-160019/2016": 0.967860221862793
    },
    "H3N2 A/Darwin/9/2021": {
      "H3N2 A/Hong Kong/2671/2019": 0.12427176535129547,
      "H3N2 A/Hong Kong/4801/2014": 0.9770556688308716,
      "H3N2 A/Tasmania/503/2020": 0.602674663066864,
      "H3N2 A/Singapore/INFIMH-160019/2016": 1.0
    },
    "H3N2 A/Tasmania/503/2020": {
      "H3N2 A/Kansas/14/2017": 0.24801328778266907,
      "H3N2 A/Hong Kong/2671/2019": 0.8671488761901855,
      "H3N2 A/Hong Kong/4801/2014": 1.0,
      "H3N2 A/Darwin/9/2021": 0.26743414998054504,
      "H3N2 A/Singapore/INFIMH-160019/2016": 0.5241003632545471
    },
    "H3N2 A/Singapore/INFIMH-160019/2016": {
      "H3N2 A/Kansas/14/2017": 0.17194807529449463,
      "H3N2 A/Hong Kong/2671/2019": 0.7270520329475403,
      "H3N2 A/Hong Kong/4801/2014": 1.0,
      "H3N2 A/Darwin/9/2021": 0.4401904046535492,
      "H3N2 A/Tasmania/503/2020": 0.5161141753196716
    }
  },
  "H3N2 A/Darwin/9/2021": {
    "H3N2 A/Kansas/14/2017": {
      "H3N2 A/Hong Kong/2671/2019": 1.0,
      "H3N2 A/Hong Kong/4801/2014": 0.8543093204498291,
      "H3N2 A/Tasmania/503/2020": 0.5139436721801758,
      "H3N2 A/Singapore/INFIMH-160019/2016": 0.20210084319114685
    },
    "H3N2 A/Hong Kong/2671/2019": {
      "H3N2 A/Kansas/14/2017": 0.40994343161582947,
      "H3N2 A/Hong Kong/4801/2014": 1.0,
      "H3N2 A/South Australia/34/2019": 0.2248745709657669,
      "H3N2 A/Tasmania/503/2020": 0.8818074464797974,
      "H3N2 A/Singapore/INFIMH-160019/2016": 0.5959907174110413
    },
    "H3N2 A/Hong Kong/4801/2014": {
      "H3N2 A/Kansas/14/2017": 0.44728338718414307,
      "H3N2 A/Hong Kong/2671/2019": 1.0,
      "H3N2 A/South Australia/34/2019": 0.3606981337070465,
      "H3N2 A/Tasmania/503/2020": 0.874521791934967,
      "H3N2 A/Singapore/INFIMH-160019/2016": 0.956524133682251
    },
    "H3N2 A/South Australia/34/2019": {
      "H3N2 A/Kansas/14/2017": 0.18413150310516357,