{
  "H3N2 A/Sydney/5/1997": {
    "H3N2 A/Hong Kong/4801/2014": {
      "H3N2 A/New York/55/2004": 0.17687027156352997,
      "H3N2 A/Texas/50/2012": 1.0
    },
    "H3N2 A/Hong Kong/1/1968": {
      "H3N2 A/Texas/1/1977": 1.0
    },
    "H3N2 A/New York/55/2004": {
      "H3N2 A/Hong Kong/4801/2014": 0.19573509693145752,
      "H3N2 A/Hong Kong/1/1968": 0.12428291141986847,
      "H3N2 A/Texas/50/2012": 1.0
    },
    "H3N2 A/Texas/50/2012": {
      "H3N2 A/Hong Kong/4801/2014": 1.0,
      "H3N2 A/New York/55/2004": 0.32141613960266113
    },
    "H3N2 A/Texas/1/1977": {
      "H3N2 A/Hong Kong/4801/2014": 0.10504505038261414,
      "H3N2 A/Hong Kong/1/1968": 1.0
    }
  },
  "H3N2 A/Hong Kong/4801/2014": {
    "H3N2 A/Sydney/5/1997": {
      "H3N2 A/Hong Kong/1/1968": 0.12712904810905457,
      "H3N2 A/New York/55/2004": 1.0,
      "H3N2 A/Texas/1/1977": 0.3064924478530884
    },
    "H3N2 A/Hong Kong/1/1968": {
      "H3N2 A/Sydney/5/1997": 0.11919388920068741,
      "H3N2 A/Texas/1/1977": 1.0
    },
    "H3N2 A/New York/55/2004": {
      "H3N2 A/Sydney/5/1997": 1.0,
      "H3N2 A/Texas/50/2012": 0.5715475678443909
    },
    "H3N2 A/Texas/50/2012": {
      "H3N2 A/Sydney/5/1997": 0.2088545709848404,
      "H3N2 A/New York/55/2004": 1.0
    },
    "H3N2 A/Texas/1/1977": {
      "H3N2 A/Sydney/5/1997": 0.2548418641090393,
      "H3N2 A/Hong Kong/1/1968": 1.0
    }
  },
  "H3N2 A/Hong Kong/1/1968": {
    "H3N2 A/Sydney/5/1997": {
      "H3N2 A/Hong Kong/4801/2014": 0.4581074118614197,
      "H3N2 A/New York/55/2004": 1.0,
      "H3N2 A/Texas/50/2012": 0.4747496247291565,
      "H3N2 A/Texas/1/1977": 0.5557646155357361
    },
    "H3N2 A/Hong Kong/4801/2014": {
      "H3N2 A/Sydney/5/1997": 0.1784902662038803,
      "H3N2 A/Texas/50/2012": 1.0
    },
    "H3N2 A/New York/55/2004": {
      "H3N2 A/Sydney/5/1997": 0.7581345438957214,
      "H3N2 A/Texas/50/2012": 1.0,
      "H3N2 A/Texas/1/1977": 0.10671677440404892
    },
    "H3N2 A/Texas/50/2012": {
      "H3N2 A/Hong Kong/4801/2014": 1.0,
      "H3N2 A/New York/55/2004": 0.25748544931411743
    },
    "H3N2 A/Texas/1/1977": {
      "H3N2 A/Sydney/5/1997": 1.0,
      "H3N2 A/Hong Kong/4801/2014": 0.7111756801605225,
      "H3N2 A/New York/55/2004": 0.1556045114994049,
      "H3N2 A/Texas/50/2012": 0.3048572242259979
    }
  },
  "H3N2 A/New York/55/2004": {
    "H3N2 A/Sydney/5/1997": {
      "H3N2 A/Hong Kong/4801/2014": 0.6451956033706665,
      "H3N2 A/Hong Kong/1/1968": 0.31659623980522156,
      "H3N2 A/Texas/50/2012": 1.0,
      "H3N2 A/Texas/1/1977": 0.8091869950294495
    },
    "H3N2 A/Hong Kong/4801/2014": {
      "H3N2 A/Sydney/5/1997": 0.2664277255535126,
      "H3N2 A/Texas/50/2012": 1.0
    },
    "H3N2 A/Hong Kong/1/1968": {
      "H3N2 A/Sydney/5/1997": 0.11347178369760513,
      "H3N2 A/Texas/1/1977": 1.0
    },
    "H3N2 A/Texas/50/2012": {
      "H3N2 A/Sydney/5/1997": 0.10564528405666351,
      "H3N2 A/Hong Kong/4801/2014": 1.0
    },
    "H3N2 A/Texas/1/1977": {
      "H3N2 A/Sydney/5/1997": 0.29025882482528687,
      "H3N2 A/Hong Kong/4801/2014": 0.14137116074562073,
      "H3N2 A/Hong Kong/1/1968": 1.0
    }
  },
  "H3N2 A/Texas/50/2012": {
    "H3N2 A/Sydney/5/1997": {
      "H3N2 A/Hong Kong/1/1968": 0.15334452688694,
      "H3N2 A/New York/55/2004": 1.0,
      "H3N2 A/Texas/1/1977": 0.3894719183444977
    },
    "H3N2 A/Hong Kong/4801/2014": {
      "H3N2 A/Sydney/5/1997": 1.0,
      "H3N2 A/Texas/1/1977": 0.675862729549408
    },
    "H3N2 A/Hong Kong/1/1968": {
      "H3N2 A/Texas/1/1977": 1.0
    },
    "H3N2 A/New York/55/2004": {
      "H3N2 A/Sydney/5/1997": 1.0
    },
    "H3N2 A/Texas/1/1977": {
      "H3N2 A/Sydney/5/1997": 0.24648627638816833,
      "H3N2 A/Hong Kong/4801/2014": 0.20399260520935059,
      "H3N2 A/Hong Kong/1/1968": 1.0
    }
  },
  "H3N2 A/Texas/1/1977": {
    "H3N2 A/Sydney/5/1997": {
      "H3N2 A/Hong Kong/4801/2014": 0.3488943576812744,
      "H3N2 A/Hong Kong/1/1968": 0.19853989779949188,
      "H3N2 A/New York/55/2004": 1.0,
      "H3N2 A/Texas/50/2012": 0.482058584690094
    },
    "H3N2 A/Hong Kong/4801/2014": {
      "H3N2 A/Sydney/5/1997": 0.13090896606445312,
      "H3N2 A/Texas/50/2012": 1.0
    },
    "H3N2 A/Hong Kong/1/1968": {
      "H3N2 A/Sydney/5/1997": 1.0,
      "H3N2 A/New York/55/2004": 0.6131649017333984,
      "H3N2 A/Texas/50/2012": 0.3715139329433441
    },
    "H3N2 A/New York/55/2004": {
      "H3N2 A/Sydney/5/1997": 0.714261531829834,
      "H3N2 A/Hong Kong/1/1968": 0.1815771609544754,
      "H3N2 A/Texas/50/2012": 1.0
    },
    "H3N2 A/Texas/50/2012": {
      "H3N2 A/Sydney/5/1997": 0.10153864324092865,
      "H3N2 A/Hong Kong/4801/2014": 1.0,
      "H3N2 A/New York/55/2004": 0.27824079990386963
    }
  }
}