{
  "H3N2 A/Beijing/353/1989": {
    "H3N2 A/Beijing/32/1992": {
      "H3N2 A/Hong Kong/1/1968": 0.11869926005601883,
      "H3N2 A/Sichuan/2/1987": 1.0
    },
    "H3N2 A/Hong Kong/4801/2014": {
      "H3N2 A/Texas/50/2012": 1.0
    },
    "H3N2 A/Hong Kong/1/1968": {
      "H3N2 A/Beijing/32/1992": 0.35020777583122253,
      "H3N2 A/Bangkok/1/1979": 0.23532989621162415,
      "H3N2 A/Texas/1/1977": 1.0
    },
    "H3N2 A/Bangkok/1/1979": {
      "H3N2 A/Texas/1/1977": 1.0
    },
    "H3N2 A/Texas/50/2012": {
      "H3N2 A/Hong Kong/4801/2014": 1.0
    },
    "H3N2 A/Texas/1/1977": {
      "H3N2 A/Hong Kong/1/1968": 0.18478283286094666,
      "H3N2 A/Bangkok/1/1979": 1.0
    },
    "H3N2 A/Sichuan/2/1987": {
      "H3N2 A/Beijing/32/1992": 1.0,
      "H3N2 A/Wuhan/359/1995": 0.19082476198673248
    },
    "H3N2 A/Wuhan/359/1995": {
      "H3N2 A/Beijing/32/1992": 0.35196542739868164,
      "H3N2 A/Hong Kong/4801/2014": 0.1783684343099594,
      "H3N2 A/Bangkok/1/1979": 0.17832066118717194,
      "H3N2 A/Texas/50/2012": 0.10793334990739822,
      "H3N2 A/Texas/1/1977": 0.15781699120998383,
      "H3N2 A/Sichuan/2/1987": 1.0
    }
  },
  "H3N2 A/Beijing/32/1992": {
    "H3N2 A/Beijing/353/1989": {
      "H3N2 A/Hong Kong/4801/2014": 0.2801665663719177,
      "H3N2 A/Bangkok/1/1979": 0.2075781673192978,
      "H3N2 A/Sichuan/2/1987": 1.0
    },
    "H3N2 A/Hong Kong/4801/2014": {
      "H3N2 A/Beijing/353/1989": 0.23721976578235626,
      "H3N2 A/Texas/50/2012": 1.0
    },
    "H3N2 A/Hong Kong/1/1968": {
      "H3N2 A/Bangkok/1/1979": 0.24162925779819489,
      "H3N2 A/Texas/1/1977": 1.0,
      "H3N2 A/Wuhan/359/1995": 0.10002244263887405
    },
    "H3N2 A/Bangkok/1/1979": {
      "H3N2 A/Texas/1/1977": 1.0
    },
    "H3N2 A/Texas/50/2012": {
      "H3N2 A/Hong Kong/4801/2014": 1.0
    },
    "H3N2 A/Texas/1/1977": {
      "H3N2 A/Hong Kong/1/1968": 0.1983599066734314,
      "H3N2 A/Bangkok/1/1979": 1.0
    },
    "H3N2 A/Sichuan/2/1987": {
      "H3N2 A/Beijing/353/1989": 1.0,
      "H3N2 A/Texas/50/2012": 0.14011959731578827,
      "H3N2 A/Wuhan/359/1995": 0.5497550964355469
    },
    "H3N2 A/Wuhan/359/1995": {
      "H3N2 A/Beijing/353/1989": 0.10757455229759216,
      "H3N2 A/Hong Kong/4801/2014": 0.10981852561235428,
      "H3N2 A/Bangkok/1/1979": 0.13164420425891876,
      "H3N2 A/Texas/1/1977": 0.1400107741355896,
      "H3N2 A/Sichuan/2/1987": 1.0
    }
  },
  "H3N2 A/Hong Kong/4801/2014": {
    "H3N2 A/Beijing/353/1989": {
      "H3N2 A/Beijing/32/1992": 1.0,
      "H3N2 A/Bangkok/1/1979": 0.25981783866882324,
      "H3N2 A/Sichuan/2/1987": 0.3621227443218231
    },
    "H3N2 A/Beijing/32/1992": {
      "H3N2 A/Beijing/353/1989": 0.4972047209739685,
      "H3N2 A/Hong Kong/1/1968": 0.10484921932220459,
      "H3N2 A/Sichuan/2/1987": 1.0
    },
    "H3N2 A/Hong Kong/1/1968": {
      "H3N2 A/Beijing/32/1992": 0.2955249547958374,
      "H3N2 A/Bangkok/1/1979": 0.24113096296787262,
      "H3N2 A/Texas/1/1977": 1.0
    },
    "H3N2 A/Bangkok/1/1979": {
      "H3N2 A/Texas/1/1977": 1.0
    },
    "H3N2 A/Texas/50/2012": {
      "H3N2 A/Beijing/32/1992": 1.0,
      "H3N2 A/Bangkok/1/1979": 0.2664860785007477,
      "H3N2 A/Sichuan/2/1987": 0.45178014039993286
    },
    "H3N2 A/Texas/1/1977": {
      "H3N2 A/Hong Kong/1/1968": 0.19212894141674042,
      "H3N2 A/Bangkok/1/1979": 1.0
    },
    "H3N2 A/Sichuan/2/1987": {
      "H3N2 A/Beijing/353/1989": 0.1480424702167511,
      "H3N2 A/Beijing/32/1992": 1.0,
      "H3N2 A/Wuhan/359/1995": 0.1870003044605255
    },
    "H3N2 A/Wuhan/359/1995": {
      "H3N2 A/Beijing/353/1989": 0.12778449058532715,
      "H3N2 A/Beijing/32/1992": 0.31073182821273804,
      "H3N2 A/Hong Kong/1/1968": 0.2310391217470169,
      "H3N2 A/Bangkok/1/1979": 0.3207985460758209,
      "H3N2 A/Texas/1/1977": 0.3104369044303894,
      "H3N2 A/Sichuan/2/1987": 1.0
    }
  },
  "H3N2 A/Hong Kong/1/1968": {
    "H3N2 A/Beijing/353/1989": {
      "H3N2 A/Beijing/32/1992": 1.0,
      "H3N2 A/Hong Kong/4801/2014": 0.25076258182525635,
      "H3N2 A/Bangkok/1/1979": 0.21120893955230713,
      "H3N2 A/Sichuan/2/1987": 0.5237640142440796
    },
    "H3N2 A/Beijing/32/1992": {
      "H3N2 A/Beijing/353/1989": 0.4989946186542511,
      "H3N2 A/Sichuan/2/1987": 1.0
    },
    "H3N2 A/Hong Kong/4801/2014": {
      "H3N2 A/Beijing/353/1989": 0.20866213738918304,
      "H3N2 A/Texas/50/2012": 1.0
    },
    "H3N2 A/Bangkok/1/1979": {
      "H3N2 A/Texas/1/1977": 1.0
    },
    "H3N2 A/Texas/50/2012": {
      "H3N2 A/Hong Kong/4801/2014": 1.0
    },
    "H3N2 A/Texas/1/1977": {
      "H3N2 A/Bangkok/1/1979": 1.0
    },
    "H3N2 A/Sichuan/2/1987": {
      "H3N2 A/Beijing/353/1989": 0.23814603686332703,
      "H3N2 A/Beijing/32/1992": 1.0,
      "H3N2 A/Wuhan/359/1995": 0.19512753188610077
    },
    "H3N2 A/Wuhan/359/1995": {
      "H3N2 A/Beijing/32/1992": 0.23213165998458862,
      "H3N2 A/Hong Kong/4801/2014": 0.15281085669994354,
      "H3N2 A/Bangkok/1/1979": 0.13611379265785217,
      "H3N2 A/Texas/50/2012": 0.13408753275871277,
      "H3N2 A/Texas/1/1977": 0.20180200040340424,
      "H3N2 A/Sichuan/2/1987": 1.0
    }
  },
  "H3N2 A/Bangkok/1/1979": {
    "H3N2 A/Beijing/353/1989": {
      "H3N2 A/Beijing/32/1992": 1.0,
      "H3N2 A/Hong Kong/4801/2014": 0.2993597090244293,
      "H3N2 A/Texas/1/1977": 0.10827173292636871,
      "H3N2 A/Sichuan/2/1987": 0.48873960971832275
    },
    "H3N2 A/Beijing/32/1992": {
      "H3N2 A/Beijing/353/1989": 0.5204038023948669,
      "H3N2 A/Hong Kong/1/1968": 0.10426788032054901,
      "H3N2 A/Sichuan/2/1987": 1.0
    },
    "H3N2 A/Hong Kong/4801/2014": {
      "H3N2 A/Beijing/353/1989": 0.22105245292186737,
      "H3N2 A/Texas/50/2012": 1.0
    },
    "H3N2 A/Hong Kong/1/1968": {
      "H3N2 A/Beijing/32/1992": 0.18453975021839142,
      "H3N2 A/Texas/1/1977": 1.0
    },
    "H3N2 A/Texas/50/2012": {
      "H3N2 A/Hong Kong/4801/2014": 1.0
    },
    "H3N2 A/Texas/1/1977": {
      "H3N2 A/Hong Kong/1/1968": 1.0,
      "H3N2 A/Wuhan/359/1995": 0.1569928675889969
    },
    "H3N2 A/Sichuan/2/1987": {
      "H3N2 A/Beijing/353/1989": 0.22463415563106537,
      "H3N2 A/Beijing/32/1992": 1.0,
      "H3N2 A/Wuhan/359/1995": 0.2056514173746109
    },
    "H3N2 A/Wuhan/359/1995": {
      "H3N2 A/Beijing/32/1992": 0.2704511284828186,
      "H3N2 A/Hong Kong/4801/2014": 0.20431402325630188,
      "H3N2 A/Hong Kong/1/1968": 0.1456250250339508,
      "H3N2 A/Texas/1/1977": 0.41179364919662476,
      "H3N2 A/Sichuan/2/1987": 1.0
    }
  },
  "H3N2 A/Texas/50/2012": {
    "H3N2 A/Beijing/353/1989": {
      "H3N2 A/Beijing/32/1992": 1.0,
      "H3N2 A/Hong Kong/4801/2014": 0.29518625140190125,
      "H3N2 A/Bangkok/1/1979": 0.2492290437221527,
      "H3N2 A/Sichuan/2/1987": 0.4621945917606354
    },
    "H3N2 A/Beijing/32/1992": {
      "H3N2 A/Beijing/353/1989": 0.5161142349243164,
      "H3N2 A/Hong Kong/1/1968": 0.10923024266958237,
      "H3N2 A/Sichuan/2/1987": 1.0
    },
    "H3N2 A/Hong Kong/4801/2014": {
      "H3N2 A/Beijing/353/1989": 1.0,
      "H3N2 A/Beijing/32/1992": 0.18444089591503143,
      "H3N2 A/Bangkok/1/1979": 0.5244114398956299,
      "H3N2 A/Sichuan/2/1987": 0.10563759505748749,
      "H3N2 A/Wuhan/359/1995": 0.1258656233549118
    },
    "H3N2 A/Hong Kong/1/1968": {
      "H3N2 A/Beijing/32/1992": 0.25517964363098145,
      "H3N2 A/Bangkok/1/1979": 0.24461832642555237,
      "H3N2 A/Texas/1/1977": 1.0,
      "H3N2 A/Wuhan/359/1995": 0.11392150074243546
    },
    "H3N2 A/Bangkok/1/1979": {
      "H3N2 A/Texas/1/1977": 1.0
    },
    "H3N2 A/Texas/1/1977": {
      "H3N2 A/Hong Kong/1/1968": 0.1970398873090744,
      "H3N2 A/Bangkok/1/1979": 1.0
    },
    "H3N2 A/Sichuan/2/1987": {
      "H3N2 A/Beijing/353/1989": 0.19516849517822266,
      "H3N2 A/Beijing/32/1992": 1.0,
      "H3N2 A/Wuhan/359/1995": 0.17681841552257538
    },
    "H3N2 A/Wuhan/359/1995": {
      "H3N2 A/Beijing/353/1989": 0.10215652734041214,
      "H3N2 A/Beijing/32/1992": 0.362053781747818,