{
  "H3N2 A/Beijing/32/1992": {
    "H3N2 A/Sydney/5/1997": {
      "H3N2 A/Wyoming/3/2003": 1.0,
      "H3N2 A/New York/55/2004": 0.16903534531593323,
      "H3N2 A/Wuhan/359/1995": 0.21043340861797333
    },
    "H3N2 A/Wyoming/3/2003": {
      "H3N2 A/Sydney/5/1997": 1.0
    },
    "H3N2 A/New York/55/2004": {
      "H3N2 A/Sydney/5/1997": 1.0,
      "H3N2 A/Wyoming/3/2003": 0.619914174079895,
      "H3N2 A/Wuhan/359/1995": 0.7799702286720276
    },
    "H3N2 A/Wuhan/359/1995": {
      "H3N2 A/Sydney/5/1997": 0.44854816794395447,
      "H3N2 A/Wyoming/3/2003": 0.5801898241043091,
      "H3N2 A/New York/55/2004": 1.0
    }
  },
  "H3N2 A/Sydney/5/1997": {
    "H3N2 A/Beijing/32/1992": {
      "H3N2 A/Wyoming/3/2003": 0.41778793931007385,
      "H3N2 A/New York/55/2004": 0.3482917845249176,
      "H3N2 A/Wuhan/359/1995": 1.0
    },
    "H3N2 A/Wyoming/3/2003": {
      "H3N2 A/Beijing/32/1992": 0.8843172788619995,
      "H3N2 A/New York/55/2004": 1.0,
      "H3N2 A/Wuhan/359/1995": 0.7983807921409607
    },
    "H3N2 A/New York/55/2004": {
      "H3N2 A/Beijing/32/1992": 0.428690105676651,
      "H3N2 A/Wyoming/3/2003": 1.0,
      "H3N2 A/Wuhan/359/1995": 0.16986535489559174
    },
    "H3N2 A/Wuhan/359/1995": {
      "H3N2 A/Beijing/32/1992": 0.20919494330883026,
      "H3N2 A/Wyoming/3/2003": 1.0,
      "H3N2 A/New York/55/2004": 0.7506948709487915
    }
  },
  "H3N2 A/Wyoming/3/2003": {
    "H3N2 A/Beijing/32/1992": {
      "H3N2 A/Sydney/5/1997": 1.0,
      "H3N2 A/New York/55/2004": 0.4505252540111542,
      "H3N2 A/Wuhan/359/1995": 0.8637175559997559
    },
    "H3N2 A/Sydney/5/1997": {
      "H3N2 A/Beijing/32/1992": 0.2994909882545471,
      "H3N2 A/New York/55/2004": 1.0,
      "H3N2 A/Wuhan/359/1995": 0.8197658658027649
    },
    "H3N2 A/New York/55/2004": {
      "H3N2 A/Beijing/32/1992": 0.2851094901561737,
      "H3N2 A/Sydney/5/1997": 1.0
    },
    "H3N2 A/Wuhan/359/1995": {
      "H3N2 A/Beijing/32/1992": 0.16037538647651672,
      "H3N2 A/Sydney/5/1997": 1.0,
      "H3N2 A/New York/55/2004": 0.9930552244186401
    }
  },
  "H3N2 A/New York/55/2004": {
    "H3N2 A/Beijing/32/1992": {
      "H3N2 A/Sydney/5/1997": 1.0,
      "H3N2 A/Wyoming/3/2003": 0.6271395087242126,
      "H3N2 A/Wuhan/359/1995": 0.794327974319458
    },
    "H3N2 A/Sydney/5/1997": {
      "H3N2 A/Wyoming/3/2003": 1.0,
      "H3N2 A/Wuhan/359/1995": 0.11580727249383926
    },
    "H3N2 A/Wyoming/3/2003": {
      "H3N2 A/Beijing/32/1992": 0.13744083046913147,
      "H3N2 A/Sydney/5/1997": 1.0
    },
    "H3N2 A/Wuhan/359/1995": {
      "H3N2 A/Beijing/32/1992": 0.33918651938438416,
      "H3N2 A/Sydney/5/1997": 0.6607175469398499,
      "H3N2 A/Wyoming/3/2003": 1.0
    }
  },
  "H3N2 A/Wuhan/359/1995": {
    "H3N2 A/Beijing/32/1992": {
      "H3N2 A/Sydney/5/1997": 1.0,
      "H3N2 A/Wyoming/3/2003": 0.6730012893676758,
      "H3N2 A/New York/55/2004": 0.12511320412158966
    },
    "H3N2 A/Sydney/5/1997": {
      "H3N2 A/Wyoming/3/2003": 1.0
    },
    "H3N2 A/Wyoming/3/2003": {
      "H3N2 A/Beijing/32/1992": 0.10425977408885956,
      "H3N2 A/Sydney/5/1997": 1.0
    },
    "H3N2 A/New York/55/2004": {
      "H3N2 A/Beijing/32/1992": 0.4401446580886841,
      "H3N2 A/Sydney/5/1997": 1.0,
      "H3N2 A/Wyoming/3/2003": 0.39266833662986755
    }
  }
}