{
  "H3N2 A/Beijing/353/1989": {
    "H3N2 A/Beijing/32/1992": {
      "H3N2 A/Hong Kong/1/1968": 0.1186990961432457,
      "H3N2 A/Sichuan/2/1987": 1.0
    },
    "H3N2 A/Hong Kong/4801/2014": {
      "H3N2 A/Texas/50/2012": 1.0
    },
    "H3N2 A/Hong Kong/1/1968": {
      "H3N2 A/Beijing/32/1992": 0.3502141237258911,
      "H3N2 A/Bangkok/1/1979": 0.23533058166503906,
      "H3N2 A/Texas/1/1977": 1.0
    },
    "H3N2 A/Bangkok/1/1979": {
      "H3N2 A/Texas/1/1977": 1.0
    },
    "H3N2 A/Texas/50/2012": {
      "H3N2 A/Hong Kong/4801/2014": 1.0
    },
    "H3N2 A/Texas/1/1977": {
      "H3N2 A/Hong Kong/1/1968": 0.18477937579154968,
      "H3N2 A/Bangkok/1/1979": 1.0
    },
    "H3N2 A/Sichuan/2/1987": {
      "H3N2 A/Beijing/32/1992": 1.0,
      "H3N2 A/Wuhan/359/1995": 0.19082428514957428
    },
    "H3N2 A/Wuhan/359/1995": {
      "H3N2 A/Beijing/32/1992": 0.35197362303733826,
      "H3N2 A/Hong Kong/4801/2014": 0.1783655434846878,
      "H3N2 A/Bangkok/1/1979": 0.1783156841993332,
      "H3N2 A/Texas/50/2012": 0.1079283356666565,
      "H3N2 A/Texas/1/1977": 0.1578242927789688,
      "H3N2 A/Sichuan/2/1987": 1.0
    }
  },
  "H3N2 A/Beijing/32/1992": {
    "H3N2 A/Beijing/353/1989": {
      "H3N2 A/Hong Kong/4801/2014": 0.280166357755661,
      "H3N2 A/Bangkok/1/1979": 0.2075793743133545,
      "H3N2 A/Sichuan/2/1987": 1.0
    },
    "H3N2 A/Hong Kong/4801/2014": {
      "H3N2 A/Beijing/353/1989": 0.23721911013126373,
      "H3N2 A/Texas/50/2012": 1.0
    },
    "H3N2 A/Hong Kong/1/1968": {
      "H3N2 A/Bangkok/1/1979": 0.24162942171096802,
      "H3N2 A/Texas/1/1977": 1.0,
      "H3N2 A/Wuhan/359/1995": 0.10002497583627701
    },
    "H3N2 A/Bangkok/1/1979": {
      "H3N2 A/Texas/1/1977": 1.0
    },
    "H3N2 A/Texas/50/2012": {
      "H3N2 A/Hong Kong/4801/2014": 1.0
    },
    "H3N2 A/Texas/1/1977": {
      "H3N2 A/Hong Kong/1/1968": 0.19835783541202545,
      "H3N2 A/Bangkok/1/1979": 1.0
    },
    "H3N2 A/Sichuan/2/1987": {
      "H3N2 A/Beijing/353/1989": 1.0,
      "H3N2 A/Texas/50/2012": 0.14011819660663605,
      "H3N2 A/Wuhan/359/1995": 0.5497532486915588
    },
    "H3N2 A/Wuhan/359/1995": {
      "H3N2 A/Beijing/353/1989": 0.10757721215486526,
      "H3N2 A/Hong Kong/4801/2014": 0.10981882363557816,
      "H3N2 A/Bangkok/1/1979": 0.13164730370044708,
      "H3N2 A/Texas/1/1977": 0.14001618325710297,
      "H3N2 A/Sichuan/2/1987": 1.0
    }
  },
  "H3N2 A/Hong Kong/4801/2014": {
    "H3N2 A/Beijing/353/1989": {
      "H3N2 A/Beijing/32/1992": 1.0,
      "H3N2 A/Bangkok/1/1979": 0.2598278224468231,
      "H3N2 A/Sichuan/2/1987": 0.36212608218193054
    },
    "H3N2 A/Beijing/32/1992": {
      "H3N2 A/Beijing/353/1989": 0.4971945583820343,
      "H3N2 A/Hong Kong/1/1968": 0.10484815388917923,
      "H3N2 A/Sichuan/2/1987": 1.0
    },
    "H3N2 A/Hong Kong/1/1968": {
      "H3N2 A/Beijing/32/1992": 0.2955305874347687,
      "H3N2 A/Bangkok/1/1979": 0.2411348968744278,
      "H3N2 A/Texas/1/1977": 1.0
    },
    "H3N2 A/Bangkok/1/1979": {
      "H3N2 A/Texas/1/1977": 1.0
    },
    "H3N2 A/Texas/50/2012": {
      "H3N2 A/Beijing/32/1992": 1.0,
      "H3N2 A/Bangkok/1/1979": 0.2664540708065033,
      "H3N2 A/Sichuan/2/1987": 0.45174339413642883
    },
    "H3N2 A/Texas/1/1977": {
      "H3N2 A/Hong Kong/1/1968": 0.19212906062602997,
      "H3N2 A/Bangkok/1/1979": 1.0
    },
    "H3N2 A/Sichuan/2/1987": {
      "H3N2 A/Beijing/353/1989": 0.14804306626319885,
      "H3N2 A/Beijing/32/1992": 1.0,
      "H3N2 A/Wuhan/359/1995": 0.18700769543647766
    },
    "H3N2 A/Wuhan/359/1995": {
      "H3N2 A/Beijing/353/1989": 0.1277872920036316,
      "H3N2 A/Beijing/32/1992": 0.310735821723938,
      "H3N2 A/Hong Kong/1/1968": 0.23103846609592438,
      "H3N2 A/Bangkok/1/1979": 0.32080188393592834,
      "H3N2 A/Texas/1/1977": 0.31044867634773254,
      "H3N2 A/Sichuan/2/1987": 1.0
    }
  },
  "H3N2 A/Hong Kong/1/1968": {
    "H3N2 A/Beijing/353/1989": {
      "H3N2 A/Beijing/32/1992": 1.0,
      "H3N2 A/Hong Kong/4801/2014": 0.2507646977901459,
      "H3N2 A/Bangkok/1/1979": 0.21120710670948029,
      "H3N2 A/Sichuan/2/1987": 0.5237687826156616
    },
    "H3N2 A/Beijing/32/1992": {
      "H3N2 A/Beijing/353/1989": 0.4989953339099884,
      "H3N2 A/Sichuan/2/1987": 1.0
    },
    "H3N2 A/Hong Kong/4801/2014": {
      "H3N2 A/Beijing/353/1989": 0.20865938067436218,
      "H3N2 A/Texas/50/2012": 1.0
    },
    "H3N2 A/Bangkok/1/1979": {
      "H3N2 A/Texas/1/1977": 1.0
    },
    "H3N2 A/Texas/50/2012": {
      "H3N2 A/Hong Kong/4801/2014": 1.0
    },
    "H3N2 A/Texas/1/1977": {
      "H3N2 A/Bangkok/1/1979": 1.0
    },
    "H3N2 A/Sichuan/2/1987": {
      "H3N2 A/Beijing/353/1989": 0.2381492704153061,
      "H3N2 A/Beijing/32/1992": 1.0,
      "H3N2 A/Wuhan/359/1995": 0.19512853026390076
    },
    "H3N2 A/Wuhan/359/1995": {
      "H3N2 A/Beijing/32/1992": 0.2321438044309616,
      "H3N2 A/Hong Kong/4801/2014": 0.15280859172344208,
      "H3N2 A/Bangkok/1/1979": 0.13611282408237457,
      "H3N2 A/Texas/50/2012": 0.13409043848514557,
      "H3N2 A/Texas/1/1977": 0.20180843770503998,
      "H3N2 A/Sichuan/2/1987": 1.0
    }
  },
  "H3N2 A/Bangkok/1/1979": {
    "H3N2 A/Beijing/353/1989": {
      "H3N2 A/Beijing/32/1992": 1.0,
      "H3N2 A/Hong Kong/4801/2014": 0.2993601858615875,
      "H3N2 A/Texas/1/1977": 0.10827527195215225,
      "H3N2 A/Sichuan/2/1987": 0.4887407422065735
    },
    "H3N2 A/Beijing/32/1992": {
      "H3N2 A/Beijing/353/1989": 0.5203911066055298,
      "H3N2 A/Hong Kong/1/1968": 0.10426823049783707,
      "H3N2 A/Sichuan/2/1987": 1.0
    },
    "H3N2 A/Hong Kong/4801/2014": {
      "H3N2 A/Beijing/353/1989": 0.22105999290943146,
      "H3N2 A/Texas/50/2012": 1.0
    },
    "H3N2 A/Hong Kong/1/1968": {
      "H3N2 A/Beijing/32/1992": 0.18454095721244812,
      "H3N2 A/Texas/1/1977": 1.0
    },
    "H3N2 A/Texas/50/2012": {
      "H3N2 A/Hong Kong/4801/2014": 1.0
    },
    "H3N2 A/Texas/1/1977": {
      "H3N2 A/Hong Kong/1/1968": 1.0,
      "H3N2 A/Wuhan/359/1995": 0.1569943130016327
    },
    "H3N2 A/Sichuan/2/1987": {
      "H3N2 A/Beijing/353/1989": 0.22462917864322662,
      "H3N2 A/Beijing/32/1992": 1.0,
      "H3N2 A/Wuhan/359/1995": 0.2056516855955124
    },
    "H3N2 A/Wuhan/359/1995": {
      "H3N2 A/Beijing/32/1992": 0.2704438269138336,
      "H3N2 A/Hong Kong/4801/2014": 0.20431585609912872,
      "H3N2 A/Hong Kong/1/1968": 0.14562618732452393,
      "H3N2 A/Texas/1/1977": 0.41180914640426636,
      "H3N2 A/Sichuan/2/1987": 1.0
    }
  },
  "H3N2 A/Texas/50/2012": {
    "H3N2 A/Beijing/353/1989": {
      "H3N2 A/Beijing/32/1992": 1.0,
      "H3N2 A/Hong Kong/4801/2014": 0.29518160223960876,
      "H3N2 A/Bangkok/1/1979": 0.2492208182811737,
      "H3N2 A/Sichuan/2/1987": 0.4621899724006653
    },
    "H3N2 A/Beijing/32/1992": {
      "H3N2 A/Beijing/353/1989": 0.5161142349243164,
      "H3N2 A/Hong Kong/1/1968": 0.10923337936401367,
      "H3N2 A/Sichuan/2/1987": 1.0
    },
    "H3N2 A/Hong Kong/4801/2014": {
      "H3N2 A/Beijing/353/1989": 1.0,
      "H3N2 A/Beijing/32/1992": 0.18442833423614502,
      "H3N2 A/Bangkok/1/1979": 0.5243881344795227,
      "H3N2 A/Sichuan/2/1987": 0.10562621057033539,
      "H3N2 A/Wuhan/359/1995": 0.12585504353046417
    },
    "H3N2 A/Hong Kong/1/1968": {
      "H3N2 A/Beijing/32/1992": 0.2551834285259247,
      "H3N2 A/Bangkok/1/1979": 0.2446209043264389,
      "H3N2 A/Texas/1/1977": 1.0,
      "H3N2 A/Wuhan/359/1995": 0.11392336338758469
    },
    "H3N2 A/Bangkok/1/1979": {
      "H3N2 A/Texas/1/1977": 1.0
    },
    "H3N2 A/Texas/1/1977": {
      "H3N2 A/Hong Kong/1/1968": 0.19704201817512512,
      "H3N2 A/Bangkok/1/1979": 1.0
    },
    "H3N2 A/Sichuan/2/1987": {
      "H3N2 A/Beijing/353/1989": 0.19516338407993317,
      "H3N2 A/Beijing/32/1992": 1.0,
      "H3N2 A/Wuhan/359/1995": 0.1768161505460739
    },
    "H3N2 A/Wuhan/359/1995": {
      "H3N2 A/Beijing/353/1989": 0.10216616094112396,
      "H3N2 A/Beijing/32/1992": 0.3620544373989105,