{
  "H3N2 A/Beijing/353/1989": {
    "H3N2 A/Beijing/32/1992": {
      "H3N2 A/Sydney/5/1997": 1.0,
      "H3N2 A/Texas/50/2012": 0.5065032243728638,
      "H3N2 A/Wuhan/359/1995": 0.37899893522262573
    },
    "H3N2 A/Sydney/5/1997": {
      "H3N2 A/Beijing/32/1992": 1.0,
      "H3N2 A/Bangkok/1/1979": 0.187530517578125,
      "H3N2 A/Wuhan/359/1995": 0.7107700109481812
    },
    "H3N2 A/Bangkok/1/1979": {
      "H3N2 A/Sydney/5/1997": 0.17731896042823792,
      "H3N2 A/Texas/50/2012": 1.0,
      "H3N2 A/Wuhan/359/1995": 0.5603330731391907
    },
    "H3N2 A/Texas/50/2012": {
      "H3N2 A/Beijing/32/1992": 1.0,
      "H3N2 A/Sydney/5/1997": 0.25798171758651733,
      "H3N2 A/Bangkok/1/1979": 0.56418377161026
    },
    "H3N2 A/Wuhan/359/1995": {
      "H3N2 A/Beijing/32/1992": 0.43981972336769104,
      "H3N2 A/Sydney/5/1997": 1.0,
      "H3N2 A/Bangkok/1/1979": 0.36525866389274597,
      "H3N2 A/Texas/50/2012": 0.10617335885763168
    }
  },
  "H3N2 A/Beijing/32/1992": {
    "H3N2 A/Beijing/353/1989": {
      "H3N2 A/Bangkok/1/1979": 1.0,
      "H3N2 A/Texas/50/2012": 0.23118652403354645,
      "H3N2 A/Wuhan/359/1995": 0.6779205799102783
    },
    "H3N2 A/Sydney/5/1997": {
      "H3N2 A/Bangkok/1/1979": 0.10149108618497849,
      "H3N2 A/Texas/50/2012": 0.18923623859882355,
      "H3N2 A/Wuhan/359/1995": 1.0
    },
    "H3N2 A/Bangkok/1/1979": {
      "H3N2 A/Beijing/353/1989": 0.8535326719284058,
      "H3N2 A/Sydney/5/1997": 0.18908511102199554,
      "H3N2 A/Texas/50/2012": 1.0,
      "H3N2 A/Wuhan/359/1995": 0.6768649220466614
    },
    "H3N2 A/Texas/50/2012": {
      "H3N2 A/Beijing/353/1989": 0.2496221363544464,
      "H3N2 A/Sydney/5/1997": 0.8108333945274353,
      "H3N2 A/Bangkok/1/1979": 1.0
    },
    "H3N2 A/Wuhan/359/1995": {
      "H3N2 A/Beijing/353/1989": 0.16115224361419678,
      "H3N2 A/Sydney/5/1997": 1.0,
      "H3N2 A/Bangkok/1/1979": 0.2156299650669098
    }
  },
  "H3N2 A/Sydney/5/1997": {
    "H3N2 A/Beijing/353/1989": {
      "H3N2 A/Beijing/32/1992": 1.0,
      "H3N2 A/Bangkok/1/1979": 0.15166552364826202
    },
    "H3N2 A/Beijing/32/1992": {
      "H3N2 A/Beijing/353/1989": 1.0,
      "H3N2 A/Texas/50/2012": 0.1590060442686081,
      "H3N2 A/Wuhan/359/1995": 0.1705196350812912
    },
    "H3N2 A/Bangkok/1/1979": {
      "H3N2 A/Beijing/353/1989": 0.600462794303894,
      "H3N2 A/Texas/50/2012": 1.0,
      "H3N2 A/Wuhan/359/1995": 0.9943990707397461
    },
    "H3N2 A/Texas/50/2012": {
      "H3N2 A/Beijing/32/1992": 1.0,
      "H3N2 A/Bangkok/1/1979": 0.48513832688331604
    },
    "H3N2 A/Wuhan/359/1995": {
      "H3N2 A/Beijing/353/1989": 0.1575099229812622,
      "H3N2 A/Beijing/32/1992": 1.0,
      "H3N2 A/Bangkok/1/1979": 0.8130805492401123
    }
  },
  "H3N2 A/Bangkok/1/1979": {
    "H3N2 A/Beijing/353/1989": {
      "H3N2 A/Beijing/32/1992": 1.0
    },
    "H3N2 A/Beijing/32/1992": {
      "H3N2 A/Beijing/353/1989": 1.0,
      "H3N2 A/Sydney/5/1997": 0.33514249324798584
    },
    "H3N2 A/Sydney/5/1997": {
      "H3N2 A/Beijing/353/1989": 0.10784493386745453,
      "H3N2 A/Beijing/32/1992": 1.0,
      "H3N2 A/Texas/50/2012": 0.13198614120483398,
      "H3N2 A/Wuhan/359/1995": 0.8772144913673401
    },
    "H3N2 A/Texas/50/2012": {
      "H3N2 A/Beijing/353/1989": 0.27295365929603577,
      "H3N2 A/Beijing/32/1992": 1.0,
      "H3N2 A/Sydney/5/1997": 0.44521239399909973
    },
    "H3N2 A/Wuhan/359/1995": {
      "H3N2 A/Beijing/353/1989": 0.14024023711681366,
      "H3N2 A/Sydney/5/1997": 1.0
    }
  },
  "H3N2 A/Texas/50/2012": {
    "H3N2 A/Beijing/353/1989": {
      "H3N2 A/Beijing/32/1992": 1.0,
      "H3N2 A/Bangkok/1/1979": 0.17625559866428375
    },
    "H3N2 A/Beijing/32/1992": {
      "H3N2 A/Beijing/353/1989": 1.0,
      "H3N2 A/Sydney/5/1997": 0.36437129974365234
    },
    "H3N2 A/Sydney/5/1997": {
      "H3N2 A/Beijing/353/1989": 0.10425636172294617,
      "H3N2 A/Beijing/32/1992": 1.0,
      "H3N2 A/Bangkok/1/1979": 0.12850117683410645,
      "H3N2 A/Wuhan/359/1995": 0.5531394481658936
    },
    "H3N2 A/Bangkok/1/1979": {
      "H3N2 A/Beijing/353/1989": 1.0,
      "H3N2 A/Sydney/5/1997": 0.23744209110736847,
      "H3N2 A/Wuhan/359/1995": 0.3788295090198517
    },
    "H3N2 A/Wuhan/359/1995": {
      "H3N2 A/Beijing/353/1989": 0.10746943950653076,
      "H3N2 A/Beijing/32/1992": 0.24451281130313873,
      "H3N2 A/Sydney/5/1997": 1.0,
      "H3N2 A/Bangkok/1/1979": 0.2580178678035736
    }
  },
  "H3N2 A/Wuhan/359/1995": {
    "H3N2 A/Beijing/353/1989": {
      "H3N2 A/Beijing/32/1992": 1.0,
      "H3N2 A/Bangkok/1/1979": 0.1607024073600769
    },
    "H3N2 A/Beijing/32/1992": {
      "H3N2 A/Beijing/353/1989": 1.0,
      "H3N2 A/Sydney/5/1997": 0.3429684638977051,
      "H3N2 A/Texas/50/2012": 0.1022987961769104
    },
    "H3N2 A/Sydney/5/1997": {
      "H3N2 A/Beijing/32/1992": 1.0,
      "H3N2 A/Bangkok/1/1979": 0.20937533676624298
    },
    "H3N2 A/Bangkok/1/1979": {
      "H3N2 A/Beijing/353/1989": 0.9442728161811829,
      "H3N2 A/Beijing/32/1992": 0.2885308861732483,
      "H3N2 A/Sydney/5/1997": 0.6232594847679138,
      "H3N2 A/Texas/50/2012": 1.0
    },
    "H3N2 A/Texas/50/2012": {
      "H3N2 A/Beijing/32/1992": 1.0,
      "H3N2 A/Sydney/5/1997": 0.37809768319129944,
      "H3N2 A/Bangkok/1/1979": 0.4103758931159973
    }
  }
}